2026-05-09 12:28:53: Traceback (most recent call last):
2026-05-09 12:28:53:   File "/home/nisch/Desktop/MediaGrabber/daily_bns_sync.py", line 155, in main
2026-05-09 12:28:53:     await client.start()
2026-05-09 12:28:53:   File "/home/nisch/Desktop/MediaGrabber/.venv/lib/python3.11/site-packages/telethon/client/auth.py", line 135, in _start
2026-05-09 12:28:57:     await self.connect()
2026-05-09 12:28:57:   File "/home/nisch/Desktop/MediaGrabber/.venv/lib/python3.11/site-packages/telethon/client/telegrambaseclient.py", line 558, in connect
2026-05-09 12:28:57:     self.session.auth_key = self._sender.auth_key
2026-05-09 12:28:57:     ^^^^^^^^^^^^^^^^^^^^^
2026-05-09 12:28:57:   File "/home/nisch/Desktop/MediaGrabber/.venv/lib/python3.11/site-packages/telethon/sessions/sqlite.py", line 180, in auth_key
2026-05-09 12:28:57:     self._update_session_table()
2026-05-09 12:28:57:   File "/home/nisch/Desktop/MediaGrabber/.venv/lib/python3.11/site-packages/telethon/sessions/sqlite.py", line 194, in _update_session_table
2026-05-09 12:28:57:     c.execute('delete from sessions')
2026-05-09 12:28:57: sqlite3.OperationalError: database is locked
2026-05-09 12:28:57: 
2026-05-09 12:28:57: During handling of the above exception, another exception occurred:
2026-05-09 12:28:57: 
2026-05-09 12:28:57: Traceback (most recent call last):
2026-05-09 12:28:57:   File "/home/nisch/Desktop/MediaGrabber/daily_bns_sync.py", line 291, in <module>
2026-05-09 12:28:57:     asyncio.run(main())
2026-05-09 12:28:57:   File "/usr/lib/python3.11/asyncio/runners.py", line 190, in run
2026-05-09 12:28:57:     return runner.run(main)
2026-05-09 12:28:57:            ^^^^^^^^^^^^^^^^
2026-05-09 12:28:57:   File "/usr/lib/python3.11/asyncio/runners.py", line 118, in run
2026-05-09 12:28:57:     return self._loop.run_until_complete(task)
2026-05-09 12:28:57:        ^^^^^^^^^^^^^^^^^^^^^^^^^^^^^^^^^^^
2026-05-09 12:28:57:   File "/usr/lib/python3.11/asyncio/base_events.py", line 653, in run_until_complete
2026-05-09 12:28:57:     return future.result()
2026-05-09 12:28:57:            ^^^^^^^^^^^^^^^
2026-05-09 12:28:57:   File "/home/nisch/Desktop/MediaGrabber/daily_bns_sync.py", line 287, in main
2026-05-09 12:28:57:     await client.disconnect()
2026-05-09 12:28:57:   File "/home/nisch/Desktop/MediaGrabber/.venv/lib/python3.11/site-packages/telethon/client/telegrambaseclient.py", line 735, in _disconnect_coro
2026-05-09 12:28:57:     self._save_states_and_entities()
2026-05-09 12:28:57:   File "/home/nisch/Desktop/MediaGrabber/.venv/lib/python3.11/site-packages/telethon/client/telegrambaseclient.py", line 700, in _save_states_and_entities
2026-05-09 12:28:57:     self.session.set_update_state(0, types.updates.State(**ss, unread_count=0))
2026-05-09 12:28:57:   File "/home/nisch/Desktop/MediaGrabber/.venv/lib/python3.11/site-packages/telethon/sessions/sqlite.py", line 214, in set_update_state
2026-05-09 12:28:57:     self._execute('insert or replace into update_state values (?,?,?,?,?)',
2026-05-09 12:28:57:   File "/home/nisch/Desktop/MediaGrabber/.venv/lib/python3.11/site-packages/telethon/sessions/sqlite.py", line 253, in _execute
2026-05-09 12:28:57:     return c.execute(stmt, values).fetchone()
2026-05-09 12:28:57:            ^^^^^^^^^^^^^^^^^^^^^^^
2026-05-09 12:28:57: sqlite3.OperationalError: database is locked
2026-05-10 09:46:22: Traceback (most recent call last):
2026-05-10 09:46:22:   File "/home/nisch/Desktop/MediaGrabber/daily_bns_sync.py", line 459, in main
2026-05-10 09:46:22:     await client.start()
2026-05-10 09:46:22:   File "/home/nisch/Desktop/MediaGrabber/.venv/lib/python3.11/site-packages/telethon/client/auth.py", line 135, in _start
2026-05-10 09:46:22:     await self.connect()
2026-05-10 09:46:22:   File "/home/nisch/Desktop/MediaGrabber/.venv/lib/python3.11/site-packages/telethon/client/telegrambaseclient.py", line 558, in connect
2026-05-10 09:46:22:     self.session.auth_key = self._sender.auth_key
2026-05-10 09:46:22:     ^^^^^^^^^^^^^^^^^^^^^
2026-05-10 09:46:22:   File "/home/nisch/Desktop/MediaGrabber/.venv/lib/python3.11/site-packages/telethon/sessions/sqlite.py", line 180, in auth_key
2026-05-10 09:46:22:     self._update_session_table()
2026-05-10 09:46:22:   File "/home/nisch/Desktop/MediaGrabber/.venv/lib/python3.11/site-packages/telethon/sessions/sqlite.py", line 194, in _update_session_table
2026-05-10 09:46:22:     c.execute('delete from sessions')
2026-05-10 09:46:22: sqlite3.OperationalError: database is locked
2026-05-10 09:46:22: 
2026-05-10 09:46:22: During handling of the above exception, another exception occurred:
2026-05-10 09:46:22: 
2026-05-10 09:46:22: Traceback (most recent call last):
2026-05-10 09:46:22:   File "/home/nisch/Desktop/MediaGrabber/daily_bns_sync.py", line 659, in <module>
2026-05-10 09:46:22:     asyncio.run(main())
2026-05-10 09:46:22:   File "/usr/lib/python3.11/asyncio/runners.py", line 190, in run
2026-05-10 09:46:22:     return runner.run(main)
2026-05-10 09:46:22:            ^^^^^^^^^^^^^^^^
2026-05-10 09:46:22:   File "/usr/lib/python3.11/asyncio/runners.py", line 118, in run
2026-05-10 09:46:22:     return self._loop.run_until_complete(task)
2026-05-10 09:46:22:            ^^^^^^^^^^^^^^^^^^^^^^^^^^^^^^^^^^^
2026-05-10 09:46:22:   File "/usr/lib/python3.11/asyncio/base_events.py", line 653, in run_until_complete
2026-05-10 09:46:22:     return future.result()
2026-05-10 09:46:22:            ^^^^^^^^^^^^^^^
2026-05-10 09:46:22:   File "/home/nisch/Desktop/MediaGrabber/daily_bns_sync.py", line 655, in main
2026-05-10 09:46:22:     await client.disconnect()
2026-05-10 09:46:22:   File "/home/nisch/Desktop/MediaGrabber/.venv/lib/python3.11/site-packages/telethon/client/telegrambaseclient.py", line 735, in _disconnect_coro
2026-05-10 09:46:22:     self._save_states_and_entities()
2026-05-10 09:46:22:   File "/home/nisch/Desktop/MediaGrabber/.venv/lib/python3.11/site-packages/telethon/client/telegrambaseclient.py", line 700, in _save_states_and_entities
2026-05-10 09:46:22:     self.session.set_update_state(0, types.updates.State(**ss, unread_count=0))
2026-05-10 09:46:22:   File "/home/nisch/Desktop/MediaGrabber/.venv/lib/python3.11/site-packages/telethon/sessions/sqlite.py", line 214, in set_update_state
2026-05-10 09:46:22:     self._execute('insert or replace into update_state values (?,?,?,?,?)',
2026-05-10 09:46:22:   File "/home/nisch/Desktop/MediaGrabber/.venv/lib/python3.11/site-packages/telethon/sessions/sqlite.py", line 253, in _execute
2026-05-10 09:46:22:     return c.execute(stmt, values).fetchone()
2026-05-10 09:46:22:            ^^^^^^^^^^^^^^^^^^^^^^^
2026-05-10 09:46:22: sqlite3.OperationalError: database is locked
2026-05-11 11:20:25: Traceback (most recent call last):
2026-05-11 11:20:25:   File "/usr/lib/python3.11/asyncio/runners.py", line 118, in run
2026-05-11 11:20:25:     return self._loop.run_until_complete(task)
2026-05-11 11:20:25:            ^^^^^^^^^^^^^^^^^^^^^^^^^^^^^^^^^^^
2026-05-11 11:20:25:   File "/usr/lib/python3.11/asyncio/base_events.py", line 653, in run_until_complete
2026-05-11 11:20:25:     return future.result()
2026-05-11 11:20:25:            ^^^^^^^^^^^^^^^
2026-05-11 11:20:25:   File "/home/nisch/Desktop/MediaGrabber/daily_bns_sync.py", line 693, in main
2026-05-11 11:20:25:     
2026-05-11 11:20:25:   File "/home/nisch/Desktop/MediaGrabber/.venv/lib/python3.11/site-packages/telethon/client/uploads.py", line 408, in send_file
2026-05-11 11:20:25:     file_handle, media, image = await self._file_to_media(
2026-05-11 11:20:25:                          ^^^^^^^^^^^^^^^^^^^^^^^^^^
2026-05-11 11:20:25:   File "/home/nisch/Desktop/MediaGrabber/.venv/lib/python3.11/site-packages/telethon/client/uploads.py", line 744, in _file_to_media
2026-05-11 11:20:25:     file_handle = await self.upload_file(
2026-05-11 11:20:25:                   ^^^^^^^^^^^^^^^^^^^^^^^
2026-05-11 11:20:25:   File "/home/nisch/Desktop/MediaGrabber/.venv/lib/python3.11/site-packages/telethon/client/uploads.py", line 678, in upload_file
2026-05-11 11:20:25:     result = await self(request)
2026-05-11 11:20:25:              ^^^^^^^^^^^^^^^^^^^
2026-05-11 11:20:25:   File "/home/nisch/Desktop/MediaGrabber/.venv/lib/python3.11/site-packages/telethon/client/users.py", line 30, in __call__
2026-05-11 11:20:25:     return await self._call(self._sender, request, ordered=ordered)
2026-05-11 11:20:25:            ^^^^^^^^^^^^^^^^^^^^^^^^^^^^^^^^^^^^^^^^^^^^^^^^^^^^^^^^
2026-05-11 11:20:25:   File "/home/nisch/Desktop/MediaGrabber/.venv/lib/python3.11/site-packages/telethon/client/users.py", line 87, in _call
2026-05-11 11:20:25:     result = await future
2026-05-11 11:20:25:              ^^^^^^^^^^^^
2026-05-11 11:20:25: asyncio.exceptions.CancelledError
2026-05-11 11:20:25: 
2026-05-11 11:20:25: During handling of the above exception, another exception occurred:
2026-05-11 11:20:25: 
2026-05-11 11:20:25: Traceback (most recent call last):
2026-05-11 11:20:25:   File "/home/nisch/Desktop/MediaGrabber/daily_bns_sync.py", line 722, in <module>
2026-05-11 11:20:25:     finally:
2026-05-11 11:20:25:     ^^^^^^^^^
2026-05-11 11:20:25:   File "/usr/lib/python3.11/asyncio/runners.py", line 190, in run
2026-05-11 11:20:25:     return runner.run(main)
2026-05-11 11:20:25:            ^^^^^^^^^^^^^^^^
2026-05-11 11:20:25:   File "/usr/lib/python3.11/asyncio/runners.py", line 123, in run
2026-05-11 11:20:25:     raise KeyboardInterrupt()
2026-05-11 11:20:25: KeyboardInterrupt
2026-05-11 11:21:19: Traceback (most recent call last):
2026-05-11 11:21:19:   File "/usr/lib/python3.11/asyncio/runners.py", line 118, in run
2026-05-11 11:21:19:     return self._loop.run_until_complete(task)
2026-05-11 11:21:19:            ^^^^^^^^^^^^^^^^^^^^^^^^^^^^^^^^^^^
2026-05-11 11:21:19:   File "/usr/lib/python3.11/asyncio/base_events.py", line 653, in run_until_complete
2026-05-11 11:21:19:     return future.result()
2026-05-11 11:21:19:            ^^^^^^^^^^^^^^^
2026-05-11 11:21:19:   File "/home/nisch/Desktop/MediaGrabber/daily_bns_sync.py", line 698, in main
2026-05-11 11:21:19:     # Re-upload to target channel using the date-named file
2026-05-11 11:21:19:     ^^^^^^^^^^^^^^^^^^^^^^^^^^^^^^^^^^^^^^^^^^^^^^^^^^^^^^
2026-05-11 11:21:19:   File "/home/nisch/Desktop/MediaGrabber/.venv/lib/python3.11/site-packages/telethon/client/uploads.py", line 408, in send_file
2026-05-11 11:21:19:     file_handle, media, image = await self._file_to_media(
2026-05-11 11:21:19:                                 ^^^^^^^^^^^^^^^^^^^^^^^^^^
2026-05-11 11:21:19:   File "/home/nisch/Desktop/MediaGrabber/.venv/lib/python3.11/site-packages/telethon/client/uploads.py", line 744, in _file_to_media
2026-05-11 11:21:19:     file_handle = await self.upload_file(
2026-05-11 11:21:19:                   ^^^^^^^^^^^^^^^^^^^^^^^
2026-05-11 11:21:19:   File "/home/nisch/Desktop/MediaGrabber/.venv/lib/python3.11/site-packages/telethon/client/uploads.py", line 678, in upload_file
2026-05-11 11:21:19:     result = await self(request)
2026-05-11 11:21:19:              ^^^^^^^^^^^^^^^^^^^
2026-05-11 11:21:19:   File "/home/nisch/Desktop/MediaGrabber/.venv/lib/python3.11/site-packages/telethon/client/users.py", line 30, in __call__
2026-05-11 11:21:19:     return await self._call(self._sender, request, ordered=ordered)
2026-05-11 11:21:19:            ^^^^^^^^^^^^^^^^^^^^^^^^^^^^^^^^^^^^^^^^^^^^^^^^^^^^^^^^
2026-05-11 11:21:19:   File "/home/nisch/Desktop/MediaGrabber/.venv/lib/python3.11/site-packages/telethon/client/users.py", line 87, in _call
2026-05-11 11:21:19:     result = await future
2026-05-11 11:21:19:              ^^^^^^^^^^^^
2026-05-11 11:21:19: asyncio.exceptions.CancelledError
2026-05-11 11:21:19: 
2026-05-11 11:21:19: During handling of the above exception, another exception occurred:
2026-05-11 11:21:19: 
2026-05-11 11:21:19: Traceback (most recent call last):
2026-05-11 11:21:19:   File "/home/nisch/Desktop/MediaGrabber/daily_bns_sync.py", line 727, in <module>
2026-05-11 11:21:19:     await client.disconnect()
2026-05-11 11:21:19: ^^^^^^^^^^^^^^^^^^^
2026-05-11 11:21:19:   File "/usr/lib/python3.11/asyncio/runners.py", line 190, in run
2026-05-11 11:21:19:     return runner.run(main)
2026-05-11 11:21:19:            ^^^^^^^^^^^^^^^^
2026-05-11 11:21:19:   File "/usr/lib/python3.11/asyncio/runners.py", line 123, in run
2026-05-11 11:21:19:     raise KeyboardInterrupt()
2026-05-11 11:21:19: KeyboardInterrupt
2026-05-11 11:23:47: Traceback (most recent call last):
2026-05-11 11:23:47:   File "/usr/lib/python3.11/asyncio/runners.py", line 118, in run
2026-05-11 11:23:47:     return self._loop.run_until_complete(task)
2026-05-11 11:23:47:            ^^^^^^^^^^^^^^^^^^^^^^^^^^^^^^^^^^^
2026-05-11 11:23:47:   File "/usr/lib/python3.11/asyncio/base_events.py", line 653, in run_until_complete
2026-05-11 11:23:47:     return future.result()
2026-05-11 11:23:47:            ^^^^^^^^^^^^^^^
2026-05-11 11:23:47:   File "/home/nisch/Desktop/MediaGrabber/daily_bns_sync.py", line 613, in main
2026-05-11 11:23:47:     # Download to temporary file (we'll rename it to date-based filename)
2026-05-11 11:23:47:            ^^^^^^^^^^^^^^^^^^^^^^^^^^^^^^^^^^^^
2026-05-11 11:23:47:   File "/home/nisch/Desktop/MediaGrabber/.venv/lib/python3.11/site-packages/telethon/tl/custom/message.py", line 866, in download_media
2026-05-11 11:23:47:     return await self._client.download_media(self, *args, **kwargs)
2026-05-11 11:23:47:            ^^^^^^^^^^^^^^^^^^^^^^^^^^^^^^^^^^^^^^^^^^^^^^^^^^^^^^^^
2026-05-11 11:23:47:   File "/home/nisch/Desktop/MediaGrabber/.venv/lib/python3.11/site-packages/telethon/client/downloads.py", line 422, in download_media
2026-05-11 11:23:47:     return await self._download_document(
2026-05-11 11:23:47:            ^^^^^^^^^^^^^^^^^^^^^^^^^^^^^^
2026-05-11 11:23:47:   File "/home/nisch/Desktop/MediaGrabber/.venv/lib/python3.11/site-packages/telethon/client/downloads.py", line 895, in _download_document
2026-05-11 11:23:47:     result = await self._download_file(
2026-05-11 11:23:47:              ^^^^^^^^^^^^^^^^^^^^^^^^^^
2026-05-11 11:23:47:   File "/home/nisch/Desktop/MediaGrabber/.venv/lib/python3.11/site-packages/telethon/client/downloads.py", line 545, in _download_file
2026-05-11 11:23:47:     async for chunk in self._iter_download(
2026-05-11 11:23:47:   File "/home/nisch/Desktop/MediaGrabber/.venv/lib/python3.11/site-packages/telethon/requestiter.py", line 74, in __anext__
2026-05-11 11:23:47:     if await self._load_next_chunk():
2026-05-11 11:23:47:        ^^^^^^^^^^^^^^^^^^^^^^^^^^^^^
2026-05-11 11:23:47:   File "/home/nisch/Desktop/MediaGrabber/.venv/lib/python3.11/site-packages/telethon/client/downloads.py", line 66, in _load_next_chunk
2026-05-11 11:23:47:     cur = await self._request()
2026-05-11 11:23:47:           ^^^^^^^^^^^^^^^^^^^^^
2026-05-11 11:23:47:   File "/home/nisch/Desktop/MediaGrabber/.venv/lib/python3.11/site-packages/telethon/client/downloads.py", line 76, in _request
2026-05-11 11:23:47:     result = await self.client._call(self._sender, self.request)
2026-05-11 11:23:47:              ^^^^^^^^^^^^^^^^^^^^^^^^^^^^^^^^^^^^^^^^^^^^^^^^^^^
2026-05-11 11:23:47:   File "/home/nisch/Desktop/MediaGrabber/.venv/lib/python3.11/site-packages/telethon/client/users.py", line 87, in _call
2026-05-11 11:23:47:     result = await future
2026-05-11 11:23:47:              ^^^^^^^^^^^^
2026-05-11 11:23:47: asyncio.exceptions.CancelledError
2026-05-11 11:23:47: 
2026-05-11 11:23:47: During handling of the above exception, another exception occurred:
2026-05-11 11:23:47: 
2026-05-11 11:23:47: Traceback (most recent call last):
2026-05-11 11:23:47:   File "/home/nisch/Desktop/MediaGrabber/daily_bns_sync.py", line 759, in <module>
2026-05-11 11:23:47:     
2026-05-11 11:23:47:   File "/usr/lib/python3.11/asyncio/runners.py", line 190, in run
2026-05-11 11:23:47:     return runner.run(main)
2026-05-11 11:23:47: ^^^^^^^^^^^^
2026-05-11 11:23:47:   File "/usr/lib/python3.11/asyncio/runners.py", line 123, in run
2026-05-11 11:23:47:     raise KeyboardInterrupt()
2026-05-11 11:23:47: KeyboardInterrupt
2026-05-11 11:25:35: Traceback (most recent call last):
2026-05-11 11:25:35:   File "/usr/lib/python3.11/asyncio/runners.py", line 118, in run
2026-05-11 11:25:35:     return self._loop.run_until_complete(task)
2026-05-11 11:25:35:            ^^^^^^^^^^^^^^^^^^^^^^^^^^^^^^^^^^^
2026-05-11 11:25:35:   File "/usr/lib/python3.11/asyncio/base_events.py", line 653, in run_until_complete
2026-05-11 11:25:35:     return future.result()
2026-05-11 11:25:35:            ^^^^^^^^^^^^^^^
2026-05-11 11:25:35:   File "/home/nisch/Desktop/MediaGrabber/daily_bns_sync.py", line 648, in main
2026-05-11 11:25:35:     save_state(state_file, state)
2026-05-11 11:25:35:        ^^^^^^^^^^^^^^^^^^^^^^^^^^^
2026-05-11 11:25:35:   File "/home/nisch/Desktop/MediaGrabber/.venv/lib/python3.11/site-packages/telethon/tl/custom/message.py", line 866, in download_media
2026-05-11 11:25:35:     return await self._client.download_media(self, *args, **kwargs)
2026-05-11 11:25:35:            ^^^^^^^^^^^^^^^^^^^^^^^^^^^^^^^^^^^^^^^^^^^^^^^^^^^^^^^^
2026-05-11 11:25:35:   File "/home/nisch/Desktop/MediaGrabber/.venv/lib/python3.11/site-packages/telethon/client/downloads.py", line 422, in download_media
2026-05-11 11:25:35:     return await self._download_document(
2026-05-11 11:25:35:            ^^^^^^^^^^^^^^^^^^^^^^^^^^^^^^
2026-05-11 11:25:35:   File "/home/nisch/Desktop/MediaGrabber/.venv/lib/python3.11/site-packages/telethon/client/downloads.py", line 895, in _download_document
2026-05-11 11:25:35:     result = await self._download_file(
2026-05-11 11:25:35:              ^^^^^^^^^^^^^^^^^^^^^^^^^^
2026-05-11 11:25:35:   File "/home/nisch/Desktop/MediaGrabber/.venv/lib/python3.11/site-packages/telethon/client/downloads.py", line 545, in _download_file
2026-05-11 11:25:35:     async for chunk in self._iter_download(
2026-05-11 11:25:35:   File "/home/nisch/Desktop/MediaGrabber/.venv/lib/python3.11/site-packages/telethon/requestiter.py", line 74, in __anext__
2026-05-11 11:25:35:     if await self._load_next_chunk():
2026-05-11 11:25:35:        ^^^^^^^^^^^^^^^^^^^^^^^^^^^^^
2026-05-11 11:25:35:   File "/home/nisch/Desktop/MediaGrabber/.venv/lib/python3.11/site-packages/telethon/client/downloads.py", line 66, in _load_next_chunk
2026-05-11 11:25:35:     cur = await self._request()
2026-05-11 11:25:35:           ^^^^^^^^^^^^^^^^^^^^^
2026-05-11 11:25:35:   File "/home/nisch/Desktop/MediaGrabber/.venv/lib/python3.11/site-packages/telethon/client/downloads.py", line 76, in _request
2026-05-11 11:25:35:     result = await self.client._call(self._sender, self.request)
2026-05-11 11:25:35:              ^^^^^^^^^^^^^^^^^^^^^^^^^^^^^^^^^^^^^^^^^^^^^^^^^^^
2026-05-11 11:25:35:   File "/home/nisch/Desktop/MediaGrabber/.venv/lib/python3.11/site-packages/telethon/client/users.py", line 87, in _call
2026-05-11 11:25:35:     result = await future
2026-05-11 11:25:35:              ^^^^^^^^^^^^
2026-05-11 11:25:35: asyncio.exceptions.CancelledError
2026-05-11 11:25:35: 
2026-05-11 11:25:35: During handling of the above exception, another exception occurred:
2026-05-11 11:25:35: 
2026-05-11 11:25:35: Traceback (most recent call last):
2026-05-11 11:25:35:   File "/home/nisch/Desktop/MediaGrabber/daily_bns_sync.py", line 794, in <module>
2026-05-11 11:25:35:   File "/usr/lib/python3.11/asyncio/runners.py", line 190, in run
2026-05-11 11:25:35:     return runner.run(main)
2026-05-11 11:25:35:            ^^^^^^^^^^^^^^^^
2026-05-11 11:25:35:   File "/usr/lib/python3.11/asyncio/runners.py", line 123, in run
2026-05-11 11:25:35:     raise KeyboardInterrupt()
2026-05-11 11:25:35: KeyboardInterrupt
2026-05-11 11:27:40: Traceback (most recent call last):
2026-05-11 11:27:40:   File "/usr/lib/python3.11/asyncio/runners.py", line 118, in run
2026-05-11 11:27:40:     return self._loop.run_until_complete(task)
2026-05-11 11:27:40:            ^^^^^^^^^^^^^^^^^^^^^^^^^^^^^^^^^^^
2026-05-11 11:27:40:   File "/usr/lib/python3.11/asyncio/base_events.py", line 653, in run_until_complete
2026-05-11 11:27:40:     return future.result()
2026-05-11 11:27:40:            ^^^^^^^^^^^^^^^
2026-05-11 11:27:40:   File "/home/nisch/Desktop/MediaGrabber/daily_bns_sync.py", line 761, in main
2026-05-11 11:27:40:     ),
2026-05-11 11:27:40: ^^^^^^^
2026-05-11 11:27:40:   File "/home/nisch/Desktop/MediaGrabber/.venv/lib/python3.11/site-packages/telethon/client/uploads.py", line 408, in send_file
2026-05-11 11:27:40:     file_handle, media, image = await self._file_to_media(
2026-05-11 11:27:40:                                 ^^^^^^^^^^^^^^^^^^^^^^^^^^
2026-05-11 11:27:40:   File "/home/nisch/Desktop/MediaGrabber/.venv/lib/python3.11/site-packages/telethon/client/uploads.py", line 744, in _file_to_media
2026-05-11 11:27:40:     file_handle = await self.upload_file(
2026-05-11 11:27:40:           ^^^^^^^^^^^^^^^^^^^^^^^
2026-05-11 11:27:40:   File "/home/nisch/Desktop/MediaGrabber/.venv/lib/python3.11/site-packages/telethon/client/uploads.py", line 678, in upload_file
2026-05-11 11:27:40:     result = await self(request)
2026-05-11 11:27:40:              ^^^^^^^^^^^^^^^^^^^
2026-05-11 11:27:40:   File "/home/nisch/Desktop/MediaGrabber/.venv/lib/python3.11/site-packages/telethon/client/users.py", line 30, in __call__
2026-05-11 11:27:40:     return await self._call(self._sender, request, ordered=ordered)
2026-05-11 11:27:40:            ^^^^^^^^^^^^^^^^^^^^^^^^^^^^^^^^^^^^^^^^^^^^^^^^^^^^^^^^
2026-05-11 11:27:40:   File "/home/nisch/Desktop/MediaGrabber/.venv/lib/python3.11/site-packages/telethon/client/users.py", line 87, in _call
2026-05-11 11:27:40:     result = await future
2026-05-11 11:27:40:              ^^^^^^^^^^^^
2026-05-11 11:27:40: asyncio.exceptions.CancelledError
2026-05-11 11:27:40: 
2026-05-11 11:27:40: During handling of the above exception, another exception occurred:
2026-05-11 11:27:40: 
2026-05-11 11:27:40: Traceback (most recent call last):
2026-05-11 11:27:40:   File "/home/nisch/Desktop/MediaGrabber/daily_bns_sync.py", line 790, in <module>
2026-05-11 11:27:40:     except Exception as e:
2026-05-11 11:27:40: ^^^^^^^^^^^^^^^
2026-05-11 11:27:40:   File "/usr/lib/python3.11/asyncio/runners.py", line 190, in run
2026-05-11 11:27:40:     return runner.run(main)
2026-05-11 11:27:40:            ^^^^^^^^^^^^^^^^
2026-05-11 11:27:40:   File "/usr/lib/python3.11/asyncio/runners.py", line 123, in run
2026-05-11 11:27:40:     raise KeyboardInterrupt()
2026-05-11 11:27:40: KeyboardInterrupt
2026-05-11 11:28:18: Traceback (most recent call last):
2026-05-11 11:28:18:   File "/usr/lib/python3.11/asyncio/runners.py", line 118, in run
2026-05-11 11:28:18:     return self._loop.run_until_complete(task)
2026-05-11 11:28:18:            ^^^^^^^^^^^^^^^^^^^^^^^^^^^^^^^^^^^
2026-05-11 11:28:18:   File "/usr/lib/python3.11/asyncio/base_events.py", line 653, in run_until_complete
2026-05-11 11:28:18:     return future.result()
2026-05-11 11:28:18:            ^^^^^^^^^^^^^^^
2026-05-11 11:28:18:   File "/home/nisch/Desktop/MediaGrabber/daily_bns_sync.py", line 663, in main
2026-05-11 11:28:18:     tempd = tempfile.mkdtemp(prefix="bns_")
2026-05-11 11:28:18:            ^^^^^^^^^^^^^^^^^^^^^^^^^^^^^^^^^
2026-05-11 11:28:18:   File "/home/nisch/Desktop/MediaGrabber/.venv/lib/python3.11/site-packages/telethon/tl/custom/message.py", line 866, in download_media
2026-05-11 11:28:18:     return await self._client.download_media(self, *args, **kwargs)
2026-05-11 11:28:18:            ^^^^^^^^^^^^^^^^^^^^^^^^^^^^^^^^^^^^^^^^^^^^^^^^^^^^^^^^
2026-05-11 11:28:18:   File "/home/nisch/Desktop/MediaGrabber/.venv/lib/python3.11/site-packages/telethon/client/downloads.py", line 422, in download_media
2026-05-11 11:28:18:     return await self._download_document(
2026-05-11 11:28:18:            ^^^^^^^^^^^^^^^^^^^^^^^^^^^^^^
2026-05-11 11:28:18:   File "/home/nisch/Desktop/MediaGrabber/.venv/lib/python3.11/site-packages/telethon/client/downloads.py", line 895, in _download_document
2026-05-11 11:28:18:     result = await self._download_file(
2026-05-11 11:28:18:      ^^^^^^^^^^^^^^^^^^^^^^^^^^
2026-05-11 11:28:18:   File "/home/nisch/Desktop/MediaGrabber/.venv/lib/python3.11/site-packages/telethon/client/downloads.py", line 545, in _download_file
2026-05-11 11:28:18:     async for chunk in self._iter_download(
2026-05-11 11:28:18:   File "/home/nisch/Desktop/MediaGrabber/.venv/lib/python3.11/site-packages/telethon/requestiter.py", line 74, in __anext__
2026-05-11 11:28:18:     if await self._load_next_chunk():
2026-05-11 11:28:18:        ^^^^^^^^^^^^^^^^^^^^^^^^^^^^^
2026-05-11 11:28:18:   File "/home/nisch/Desktop/MediaGrabber/.venv/lib/python3.11/site-packages/telethon/client/downloads.py", line 66, in _load_next_chunk
2026-05-11 11:28:18:     cur = await self._request()
2026-05-11 11:28:18:           ^^^^^^^^^^^^^^^^^^^^^
2026-05-11 11:28:18:   File "/home/nisch/Desktop/MediaGrabber/.venv/lib/python3.11/site-packages/telethon/client/downloads.py", line 76, in _request
2026-05-11 11:28:18:     result = await self.client._call(self._sender, self.request)
2026-05-11 11:28:18: ^^^^^^^^^^^^^^^^^
2026-05-11 11:28:18:   File "/home/nisch/Desktop/MediaGrabber/.venv/lib/python3.11/site-packages/telethon/client/users.py", line 87, in _call
2026-05-11 11:28:18:     result = await future
2026-05-11 11:28:18:              ^^^^^^^^^^^^
2026-05-11 11:28:18: asyncio.exceptions.CancelledError
2026-05-11 11:28:18: 
2026-05-11 11:28:18: During handling of the above exception, another exception occurred:
2026-05-11 11:28:18: 
2026-05-11 11:28:18: Traceback (most recent call last):
2026-05-11 11:28:18:   File "/home/nisch/Desktop/MediaGrabber/daily_bns_sync.py", line 809, in <module>
2026-05-11 11:28:18:     if __name__ == "__main__":
2026-05-11 11:28:18:         ^^^^^^^^^^^^^^^^^^^
2026-05-11 11:28:18:   File "/usr/lib/python3.11/asyncio/runners.py", line 190, in run
2026-05-11 11:28:18:     return runner.run(main)
2026-05-11 11:28:18:            ^^^^^^^^^^^^^^^^
2026-05-11 11:28:18:   File "/usr/lib/python3.11/asyncio/runners.py", line 123, in run
2026-05-11 11:28:18:     raise KeyboardInterrupt()
2026-05-11 11:28:18: KeyboardInterrupt
2026-05-11 11:32:18: Server closed the connection: 0 bytes read on a total of 8 expected bytes
2026-05-11 11:36:03: Server closed the connection: 0 bytes read on a total of 8 expected bytes
2026-05-11 11:53:04: Traceback (most recent call last):
2026-05-11 11:53:04:   File "/home/nisch/Desktop/MediaGrabber/daily_bns_sync.py", line 638, in main
2026-05-11 11:53:04:     await client.start()
2026-05-11 11:53:04:   File "/home/nisch/Desktop/MediaGrabber/.venv/lib/python3.11/site-packages/telethon/client/auth.py", line 135, in _start
2026-05-11 11:53:04:     await self.connect()
2026-05-11 11:53:04:   File "/home/nisch/Desktop/MediaGrabber/.venv/lib/python3.11/site-packages/telethon/client/telegrambaseclient.py", line 599, in connect
2026-05-11 11:53:04:     me = await self.get_me()
2026-05-11 11:53:04:          ^^^^^^^^^^^^^^^^^^^
2026-05-11 11:53:04:   File "/home/nisch/Desktop/MediaGrabber/.venv/lib/python3.11/site-packages/telethon/client/users.py", line 164, in get_me
2026-05-11 11:53:04:     me = (await self(
2026-05-11 11:53:04:           ^^^^^^^^^^^
2026-05-11 11:53:04:   File "/home/nisch/Desktop/MediaGrabber/.venv/lib/python3.11/site-packages/telethon/client/users.py", line 30, in __call__
2026-05-11 11:53:04:     return await self._call(self._sender, request, ordered=ordered)
2026-05-11 11:53:04:            ^^^^^^^^^^^^^^^^^^^^^^^^^^^^^^^^^^^^^^^^^^^^^^^^^^^^^^^^
2026-05-11 11:53:04:   File "/home/nisch/Desktop/MediaGrabber/.venv/lib/python3.11/site-packages/telethon/client/users.py", line 88, in _call
2026-05-11 11:53:04:     self.session.process_entities(result)
2026-05-11 11:53:04:   File "/home/nisch/Desktop/MediaGrabber/.venv/lib/python3.11/site-packages/telethon/sessions/sqlite.py", line 301, in process_entities
2026-05-11 11:53:04:     c.executemany(
2026-05-11 11:53:04: sqlite3.OperationalError: database is locked
2026-05-11 11:53:04: 
2026-05-11 11:53:04: During handling of the above exception, another exception occurred:
2026-05-11 11:53:04: 
2026-05-11 11:53:04: Traceback (most recent call last):
2026-05-11 11:53:04:   File "/home/nisch/Desktop/MediaGrabber/daily_bns_sync.py", line 838, in <module>
2026-05-11 11:53:04:     asyncio.run(main())
2026-05-11 11:53:04:   File "/usr/lib/python3.11/asyncio/runners.py", line 190, in run
2026-05-11 11:53:04:     return runner.run(main)
2026-05-11 11:53:04:            ^^^^^^^^^^^^^^^^
2026-05-11 11:53:04:   File "/usr/lib/python3.11/asyncio/runners.py", line 118, in run
2026-05-11 11:53:04:     return self._loop.run_until_complete(task)
2026-05-11 11:53:04: ^^^^^^^
2026-05-11 11:53:04:   File "/usr/lib/python3.11/asyncio/base_events.py", line 653, in run_until_complete
2026-05-11 11:53:04:     return future.result()
2026-05-11 11:53:04:            ^^^^^^^^^^^^^^^
2026-05-11 11:53:04:   File "/home/nisch/Desktop/MediaGrabber/daily_bns_sync.py", line 834, in main
2026-05-11 11:53:04:     await client.disconnect()
2026-05-11 11:53:04:   File "/home/nisch/Desktop/MediaGrabber/.venv/lib/python3.11/site-packages/telethon/client/telegrambaseclient.py", line 735, in _disconnect_coro
2026-05-11 11:53:04:     self._save_states_and_entities()
2026-05-11 11:53:04:   File "/home/nisch/Desktop/MediaGrabber/.venv/lib/python3.11/site-packages/telethon/client/telegrambaseclient.py", line 692, in _save_states_and_entities
2026-05-11 11:53:04:     self.session.process_entities(types.contacts.ResolvedPeer(None, [e._as_input_peer() for e in entities], []))
2026-05-11 11:53:04:   File "/home/nisch/Desktop/MediaGrabber/.venv/lib/python3.11/site-packages/telethon/sessions/sqlite.py", line 301, in process_entities
2026-05-11 11:53:04:     c.executemany(
2026-05-11 11:53:04: sqlite3.OperationalError: database is locked
2026-05-11 12:37:57: Server closed the connection: 0 bytes read on a total of 8 expected bytes
2026-05-11 13:40:47: Traceback (most recent call last):
2026-05-11 13:40:47:   File "/home/nisch/Desktop/MediaGrabber/daily_bns_sync.py", line 631, in main
2026-05-11 13:40:47:     await client.start()
2026-05-11 13:40:47:   File "/home/nisch/Desktop/MediaGrabber/.venv/lib/python3.11/site-packages/telethon/client/auth.py", line 135, in _start
2026-05-11 13:40:47:     await self.connect()
2026-05-11 13:40:47:   File "/home/nisch/Desktop/MediaGrabber/.venv/lib/python3.11/site-packages/telethon/client/telegrambaseclient.py", line 599, in connect
2026-05-11 13:40:47:     me = await self.get_me()
2026-05-11 13:40:47:          ^^^^^^^^^^^^^^^^^^^
2026-05-11 13:40:47:   File "/home/nisch/Desktop/MediaGrabber/.venv/lib/python3.11/site-packages/telethon/client/users.py", line 164, in get_me
2026-05-11 13:40:47:     me = (await self(
2026-05-11 13:40:47:           ^^^^^^^^^^^
2026-05-11 13:40:47:   File "/home/nisch/Desktop/MediaGrabber/.venv/lib/python3.11/site-packages/telethon/client/users.py", line 30, in __call__
2026-05-11 13:40:47:     return await self._call(self._sender, request, ordered=ordered)
2026-05-11 13:40:47:            ^^^^^^^^^^^^^^^^^^^^^^^^^^^^^^^^^^^^^^^^^^^^^^^^^^^^^^^^
2026-05-11 13:40:47:   File "/home/nisch/Desktop/MediaGrabber/.venv/lib/python3.11/site-packages/telethon/client/users.py", line 88, in _call
2026-05-11 13:40:47:     self.session.process_entities(result)
2026-05-11 13:40:47:   File "/home/nisch/Desktop/MediaGrabber/.venv/lib/python3.11/site-packages/telethon/sessions/sqlite.py", line 301, in process_entities
2026-05-11 13:40:47:     c.executemany(
2026-05-11 13:40:47: sqlite3.OperationalError: database is locked
2026-05-11 13:40:47: 
2026-05-11 13:40:47: During handling of the above exception, another exception occurred:
2026-05-11 13:40:47: 
2026-05-11 13:40:47: Traceback (most recent call last):
2026-05-11 13:40:47:   File "/home/nisch/Desktop/MediaGrabber/daily_bns_sync.py", line 819, in <module>
2026-05-11 13:40:47:     asyncio.run(main())
2026-05-11 13:40:47:   File "/usr/lib/python3.11/asyncio/runners.py", line 190, in run
2026-05-11 13:40:47:     return runner.run(main)
2026-05-11 13:40:47:            ^^^^^^^^^^^^^^^^
2026-05-11 13:40:47:   File "/usr/lib/python3.11/asyncio/runners.py", line 118, in run
2026-05-11 13:40:47:     return self._loop.run_until_complete(task)
2026-05-11 13:40:47:            ^^^^^^^^^^^^^^^^^^^^^^^^^^^^^^^^^^^
2026-05-11 13:40:47:   File "/usr/lib/python3.11/asyncio/base_events.py", line 653, in run_until_complete
2026-05-11 13:40:47:     return future.result()
2026-05-11 13:40:47:            ^^^^^^^^^^^^^^^
2026-05-11 13:40:47:   File "/home/nisch/Desktop/MediaGrabber/daily_bns_sync.py", line 815, in main
2026-05-11 13:40:47:     await client.disconnect()
2026-05-11 13:40:47:   File "/home/nisch/Desktop/MediaGrabber/.venv/lib/python3.11/site-packages/telethon/client/telegrambaseclient.py", line 735, in _disconnect_coro
2026-05-11 13:40:47:     self._save_states_and_entities()
2026-05-11 13:40:47:   File "/home/nisch/Desktop/MediaGrabber/.venv/lib/python3.11/site-packages/telethon/client/telegrambaseclient.py", line 692, in _save_states_and_entities
2026-05-11 13:40:47:     self.session.process_entities(types.contacts.ResolvedPeer(None, [e._as_input_peer() for e in entities], []))
2026-05-11 13:40:47:   File "/home/nisch/Desktop/MediaGrabber/.venv/lib/python3.11/site-packages/telethon/sessions/sqlite.py", line 301, in process_entities
2026-05-11 13:40:47:     c.executemany(
2026-05-11 13:40:47: sqlite3.OperationalError: database is locked
2026-05-11 18:07:37: Server closed the connection: 0 bytes read on a total of 8 expected bytes
2026-05-11 23:02:08: Server closed the connection: 0 bytes read on a total of 8 expected bytes
2026-05-13 08:07:09: Server closed the connection: 0 bytes read on a total of 8 expected bytes
2026-05-14 08:41:16: Server closed the connection: 0 bytes read on a total of 8 expected bytes
2026-05-15 08:41:05: Server closed the connection: 0 bytes read on a total of 8 expected bytes
2026-05-16 08:41:09: Server closed the connection: 0 bytes read on a total of 8 expected bytes
2026-05-17 08:02:55: Server closed the connection: 0 bytes read on a total of 8 expected bytes
2026-05-17 08:02:55: Unexpected exception in the receive loop
2026-05-17 08:02:55: Traceback (most recent call last):
2026-05-17 08:02:55:   File "/home/nisch/Desktop/MediaGrabber/.venv/lib/python3.11/site-packages/telethon/network/connection/connection.py", line 335, in _recv_loop
2026-05-17 08:02:55:     data = await self._recv()
2026-05-17 08:02:55:            ^^^^^^^^^^^^^^^^^^
2026-05-17 08:02:55:   File "/home/nisch/Desktop/MediaGrabber/.venv/lib/python3.11/site-packages/telethon/network/connection/connection.py", line 374, in _recv
2026-05-17 08:02:55:     return await self._codec.read_packet(self._reader)
2026-05-17 08:02:55:            ^^^^^^^^^^^^^^^^^^^^^^^^^^^^^^^^^^^^^^^^^^^
2026-05-17 08:02:55:   File "/home/nisch/Desktop/MediaGrabber/.venv/lib/python3.11/site-packages/telethon/network/connection/tcpfull.py", line 25, in read_packet
2026-05-17 08:02:55:     packet_len_seq = await reader.readexactly(8)  # 4 and 4
2026-05-17 08:02:55:                      ^^^^^^^^^^^^^^^^^^^^^^^^^^^
2026-05-17 08:02:55:   File "/usr/lib/python3.11/asyncio/streams.py", line 728, in readexactly
2026-05-17 08:02:55:     await self._wait_for_data('readexactly')
2026-05-17 08:02:55:   File "/usr/lib/python3.11/asyncio/streams.py", line 508, in _wait_for_data
2026-05-17 08:02:55:     raise RuntimeError(
2026-05-17 08:02:55: RuntimeError: readexactly() called while another coroutine is already waiting for incoming data
2026-05-17 08:02:55: Unhandled error while receiving data
2026-05-17 08:02:55: Traceback (most recent call last):
2026-05-17 08:02:55:   File "/home/nisch/Desktop/MediaGrabber/.venv/lib/python3.11/site-packages/telethon/network/mtprotosender.py", line 507, in _recv_loop
2026-05-17 08:02:55:     body = await self._connection.recv()
2026-05-17 08:02:55:            ^^^^^^^^^^^^^^^^^^^^^^^^^^^^^
2026-05-17 08:02:55:   File "/home/nisch/Desktop/MediaGrabber/.venv/lib/python3.11/site-packages/telethon/network/connection/connection.py", line 304, in recv
2026-05-17 08:02:55:     raise err
2026-05-17 08:02:55:   File "/home/nisch/Desktop/MediaGrabber/.venv/lib/python3.11/site-packages/telethon/network/connection/connection.py", line 335, in _recv_loop
2026-05-17 08:02:55:     data = await self._recv()
2026-05-17 08:02:55:            ^^^^^^^^^^^^^^^^^^
2026-05-17 08:02:55:   File "/home/nisch/Desktop/MediaGrabber/.venv/lib/python3.11/site-packages/telethon/network/connection/connection.py", line 374, in _recv
2026-05-17 08:02:55:     return await self._codec.read_packet(self._reader)
2026-05-17 08:02:55:            ^^^^^^^^^^^^^^^^^^^^^^^^^^^^^^^^^^^^^^^^^^^
2026-05-17 08:02:55:   File "/home/nisch/Desktop/MediaGrabber/.venv/lib/python3.11/site-packages/telethon/network/connection/tcpfull.py", line 25, in read_packet
2026-05-17 08:02:55:     packet_len_seq = await reader.readexactly(8)  # 4 and 4
2026-05-17 08:02:55:                      ^^^^^^^^^^^^^^^^^^^^^^^^^^^
2026-05-17 08:02:55:   File "/usr/lib/python3.11/asyncio/streams.py", line 728, in readexactly
2026-05-17 08:02:55:     await self._wait_for_data('readexactly')
2026-05-17 08:02:55:   File "/usr/lib/python3.11/asyncio/streams.py", line 508, in _wait_for_data
2026-05-17 08:02:55:     raise RuntimeError(
2026-05-17 08:02:55: RuntimeError: readexactly() called while another coroutine is already waiting for incoming data
2026-05-17 08:02:55: Security error while unpacking a received message: Server replied with a wrong session ID (see FAQ for details)
2026-05-17 08:02:55: Unexpected exception in the receive loop
2026-05-17 08:02:55: Traceback (most recent call last):
2026-05-17 08:02:55:   File "/home/nisch/Desktop/MediaGrabber/.venv/lib/python3.11/site-packages/telethon/network/connection/connection.py", line 335, in _recv_loop
2026-05-17 08:02:55:     data = await self._recv()
2026-05-17 08:02:55:            ^^^^^^^^^^^^^^^^^^
2026-05-17 08:02:55:   File "/home/nisch/Desktop/MediaGrabber/.venv/lib/python3.11/site-packages/telethon/network/connection/connection.py", line 374, in _recv
2026-05-17 08:02:55:     return await self._codec.read_packet(self._reader)
2026-05-17 08:02:55:            ^^^^^^^^^^^^^^^^^^^^^^^^^^^^^^^^^^^^^^^^^^^
2026-05-17 08:02:55:   File "/home/nisch/Desktop/MediaGrabber/.venv/lib/python3.11/site-packages/telethon/network/connection/tcpfull.py", line 25, in read_packet
2026-05-17 08:02:55:     packet_len_seq = await reader.readexactly(8)  # 4 and 4
2026-05-17 08:02:55:                      ^^^^^^^^^^^^^^^^^^^^^^^^^^^
2026-05-17 08:02:55:   File "/usr/lib/python3.11/asyncio/streams.py", line 728, in readexactly
2026-05-17 08:02:55:     await self._wait_for_data('readexactly')
2026-05-17 08:02:55:   File "/usr/lib/python3.11/asyncio/streams.py", line 508, in _wait_for_data
2026-05-17 08:02:55:     raise RuntimeError(
2026-05-17 08:02:55: RuntimeError: readexactly() called while another coroutine is already waiting for incoming data
2026-05-17 08:02:55: Security error while unpacking a received message: Server replied with a wrong session ID (see FAQ for details)
2026-05-17 08:02:55: Unhandled error while receiving data
2026-05-17 08:02:55: Traceback (most recent call last):
2026-05-17 08:02:55:   File "/home/nisch/Desktop/MediaGrabber/.venv/lib/python3.11/site-packages/telethon/network/mtprotosender.py", line 507, in _recv_loop
2026-05-17 08:02:55:     body = await self._connection.recv()
2026-05-17 08:02:55:            ^^^^^^^^^^^^^^^^^^^^^^^^^^^^^
2026-05-17 08:02:55:   File "/home/nisch/Desktop/MediaGrabber/.venv/lib/python3.11/site-packages/telethon/network/connection/connection.py", line 304, in recv
2026-05-17 08:02:55:     raise err
2026-05-17 08:02:55:   File "/home/nisch/Desktop/MediaGrabber/.venv/lib/python3.11/site-packages/telethon/network/connection/connection.py", line 335, in _recv_loop
2026-05-17 08:02:55:     data = await self._recv()
2026-05-17 08:02:55:            ^^^^^^^^^^^^^^^^^^
2026-05-17 08:02:55:   File "/home/nisch/Desktop/MediaGrabber/.venv/lib/python3.11/site-packages/telethon/network/connection/connection.py", line 374, in _recv
2026-05-17 08:02:55:     return await self._codec.read_packet(self._reader)
2026-05-17 08:02:55:            ^^^^^^^^^^^^^^^^^^^^^^^^^^^^^^^^^^^^^^^^^^^
2026-05-17 08:02:55:   File "/home/nisch/Desktop/MediaGrabber/.venv/lib/python3.11/site-packages/telethon/network/connection/tcpfull.py", line 25, in read_packet
2026-05-17 08:02:55:     packet_len_seq = await reader.readexactly(8)  # 4 and 4
2026-05-17 08:02:55:                      ^^^^^^^^^^^^^^^^^^^^^^^^^^^
2026-05-17 08:02:55:   File "/usr/lib/python3.11/asyncio/streams.py", line 728, in readexactly
2026-05-17 08:02:55:     await self._wait_for_data('readexactly')
2026-05-17 08:02:55:   File "/usr/lib/python3.11/asyncio/streams.py", line 508, in _wait_for_data
2026-05-17 08:02:55:     raise RuntimeError(
2026-05-17 08:02:55: RuntimeError: readexactly() called while another coroutine is already waiting for incoming data
2026-05-17 08:02:55: Server closed the connection: 0 bytes read on a total of 8 expected bytes
2026-05-17 08:02:55: Security error while unpacking a received message: Server replied with a wrong session ID (see FAQ for details)
2026-05-17 08:02:55: Security error while unpacking a received message: Server replied with a wrong session ID (see FAQ for details)
2026-05-17 08:02:55: Unexpected exception in the receive loop
2026-05-17 08:02:55: Traceback (most recent call last):
2026-05-17 08:02:55:   File "/home/nisch/Desktop/MediaGrabber/.venv/lib/python3.11/site-packages/telethon/network/connection/connection.py", line 335, in _recv_loop
2026-05-17 08:02:55:     data = await self._recv()
2026-05-17 08:02:55:            ^^^^^^^^^^^^^^^^^^
2026-05-17 08:02:55:   File "/home/nisch/Desktop/MediaGrabber/.venv/lib/python3.11/site-packages/telethon/network/connection/connection.py", line 374, in _recv
2026-05-17 08:02:55:     return await self._codec.read_packet(self._reader)
2026-05-17 08:02:55:            ^^^^^^^^^^^^^^^^^^^^^^^^^^^^^^^^^^^^^^^^^^^
2026-05-17 08:02:55:   File "/home/nisch/Desktop/MediaGrabber/.venv/lib/python3.11/site-packages/telethon/network/connection/tcpfull.py", line 25, in read_packet
2026-05-17 08:02:55:     packet_len_seq = await reader.readexactly(8)  # 4 and 4
2026-05-17 08:02:55:                      ^^^^^^^^^^^^^^^^^^^^^^^^^^^
2026-05-17 08:02:55:   File "/usr/lib/python3.11/asyncio/streams.py", line 728, in readexactly
2026-05-17 08:02:55:     await self._wait_for_data('readexactly')
2026-05-17 08:02:55:   File "/usr/lib/python3.11/asyncio/streams.py", line 508, in _wait_for_data
2026-05-17 08:02:55:     raise RuntimeError(
2026-05-17 08:02:55: RuntimeError: readexactly() called while another coroutine is already waiting for incoming data
2026-05-17 08:02:55: Security error while unpacking a received message: Server replied with a wrong session ID (see FAQ for details)
2026-05-17 08:02:55: Unhandled error while receiving data
2026-05-17 08:02:55: Traceback (most recent call last):
2026-05-17 08:02:55:   File "/home/nisch/Desktop/MediaGrabber/.venv/lib/python3.11/site-packages/telethon/network/mtprotosender.py", line 507, in _recv_loop
2026-05-17 08:02:55:     body = await self._connection.recv()
2026-05-17 08:02:55:            ^^^^^^^^^^^^^^^^^^^^^^^^^^^^^
2026-05-17 08:02:55:   File "/home/nisch/Desktop/MediaGrabber/.venv/lib/python3.11/site-packages/telethon/network/connection/connection.py", line 304, in recv
2026-05-17 08:02:55:     raise err
2026-05-17 08:02:55:   File "/home/nisch/Desktop/MediaGrabber/.venv/lib/python3.11/site-packages/telethon/network/connection/connection.py", line 335, in _recv_loop
2026-05-17 08:02:55:     data = await self._recv()
2026-05-17 08:02:55:            ^^^^^^^^^^^^^^^^^^
2026-05-17 08:02:55:   File "/home/nisch/Desktop/MediaGrabber/.venv/lib/python3.11/site-packages/telethon/network/connection/connection.py", line 374, in _recv
2026-05-17 08:02:55:     return await self._codec.read_packet(self._reader)
2026-05-17 08:02:55:            ^^^^^^^^^^^^^^^^^^^^^^^^^^^^^^^^^^^^^^^^^^^
2026-05-17 08:02:55:   File "/home/nisch/Desktop/MediaGrabber/.venv/lib/python3.11/site-packages/telethon/network/connection/tcpfull.py", line 25, in read_packet
2026-05-17 08:02:55:     packet_len_seq = await reader.readexactly(8)  # 4 and 4
2026-05-17 08:02:55:                      ^^^^^^^^^^^^^^^^^^^^^^^^^^^
2026-05-17 08:02:55:   File "/usr/lib/python3.11/asyncio/streams.py", line 728, in readexactly
2026-05-17 08:02:55:     await self._wait_for_data('readexactly')
2026-05-17 08:02:55:   File "/usr/lib/python3.11/asyncio/streams.py", line 508, in _wait_for_data
2026-05-17 08:02:55:     raise RuntimeError(
2026-05-17 08:02:55: RuntimeError: readexactly() called while another coroutine is already waiting for incoming data
2026-05-17 08:02:55: Server closed the connection: 0 bytes read on a total of 8 expected bytes
2026-05-17 08:02:56: Security error while unpacking a received message: Server replied with a wrong session ID (see FAQ for details)
2026-05-17 08:02:56: Security error while unpacking a received message: Server replied with a wrong session ID (see FAQ for details)
2026-05-17 08:02:56: Unexpected exception in the receive loop
2026-05-17 08:02:56: Traceback (most recent call last):
2026-05-17 08:02:56:   File "/home/nisch/Desktop/MediaGrabber/.venv/lib/python3.11/site-packages/telethon/network/connection/connection.py", line 335, in _recv_loop
2026-05-17 08:02:56:     data = await self._recv()
2026-05-17 08:02:56:            ^^^^^^^^^^^^^^^^^^
2026-05-17 08:02:56:   File "/home/nisch/Desktop/MediaGrabber/.venv/lib/python3.11/site-packages/telethon/network/connection/connection.py", line 374, in _recv
2026-05-17 08:02:56:     return await self._codec.read_packet(self._reader)
2026-05-17 08:02:56:            ^^^^^^^^^^^^^^^^^^^^^^^^^^^^^^^^^^^^^^^^^^^
2026-05-17 08:02:56:   File "/home/nisch/Desktop/MediaGrabber/.venv/lib/python3.11/site-packages/telethon/network/connection/tcpfull.py", line 25, in read_packet
2026-05-17 08:02:56:     packet_len_seq = await reader.readexactly(8)  # 4 and 4
2026-05-17 08:02:56:                      ^^^^^^^^^^^^^^^^^^^^^^^^^^^
2026-05-17 08:02:56:   File "/usr/lib/python3.11/asyncio/streams.py", line 728, in readexactly
2026-05-17 08:02:56:     await self._wait_for_data('readexactly')
2026-05-17 08:02:56:   File "/usr/lib/python3.11/asyncio/streams.py", line 508, in _wait_for_data
2026-05-17 08:02:56:     raise RuntimeError(
2026-05-17 08:02:56: RuntimeError: readexactly() called while another coroutine is already waiting for incoming data
2026-05-17 08:02:56: Security error while unpacking a received message: Server replied with a wrong session ID (see FAQ for details)
2026-05-17 08:02:56: Unhandled error while receiving data
2026-05-17 08:02:56: Traceback (most recent call last):
2026-05-17 08:02:56:   File "/home/nisch/Desktop/MediaGrabber/.venv/lib/python3.11/site-packages/telethon/network/mtprotosender.py", line 507, in _recv_loop
2026-05-17 08:02:56:     body = await self._connection.recv()
2026-05-17 08:02:56:            ^^^^^^^^^^^^^^^^^^^^^^^^^^^^^
2026-05-17 08:02:56:   File "/home/nisch/Desktop/MediaGrabber/.venv/lib/python3.11/site-packages/telethon/network/connection/connection.py", line 304, in recv
2026-05-17 08:02:56:     raise err
2026-05-17 08:02:56:   File "/home/nisch/Desktop/MediaGrabber/.venv/lib/python3.11/site-packages/telethon/network/connection/connection.py", line 335, in _recv_loop
2026-05-17 08:02:56:     data = await self._recv()
2026-05-17 08:02:56:            ^^^^^^^^^^^^^^^^^^
2026-05-17 08:02:56:   File "/home/nisch/Desktop/MediaGrabber/.venv/lib/python3.11/site-packages/telethon/network/connection/connection.py", line 374, in _recv
2026-05-17 08:02:56:     return await self._codec.read_packet(self._reader)
2026-05-17 08:02:56:            ^^^^^^^^^^^^^^^^^^^^^^^^^^^^^^^^^^^^^^^^^^^
2026-05-17 08:02:56:   File "/home/nisch/Desktop/MediaGrabber/.venv/lib/python3.11/site-packages/telethon/network/connection/tcpfull.py", line 25, in read_packet
2026-05-17 08:02:56:     packet_len_seq = await reader.readexactly(8)  # 4 and 4
2026-05-17 08:02:56:                      ^^^^^^^^^^^^^^^^^^^^^^^^^^^
2026-05-17 08:02:56:   File "/usr/lib/python3.11/asyncio/streams.py", line 728, in readexactly
2026-05-17 08:02:56:     await self._wait_for_data('readexactly')
2026-05-17 08:02:56:   File "/usr/lib/python3.11/asyncio/streams.py", line 508, in _wait_for_data
2026-05-17 08:02:56:     raise RuntimeError(
2026-05-17 08:02:56: RuntimeError: readexactly() called while another coroutine is already waiting for incoming data
2026-05-17 08:02:56: Server closed the connection: 0 bytes read on a total of 8 expected bytes
2026-05-17 08:02:56: Security error while unpacking a received message: Server replied with a wrong session ID (see FAQ for details)
2026-05-17 08:02:56: Security error while unpacking a received message: Server replied with a wrong session ID (see FAQ for details)
2026-05-17 08:02:56: Unexpected exception in the receive loop
2026-05-17 08:02:56: Traceback (most recent call last):
2026-05-17 08:02:56:   File "/home/nisch/Desktop/MediaGrabber/.venv/lib/python3.11/site-packages/telethon/network/connection/connection.py", line 335, in _recv_loop
2026-05-17 08:02:56:     data = await self._recv()
2026-05-17 08:02:56:            ^^^^^^^^^^^^^^^^^^
2026-05-17 08:02:56:   File "/home/nisch/Desktop/MediaGrabber/.venv/lib/python3.11/site-packages/telethon/network/connection/connection.py", line 374, in _recv
2026-05-17 08:02:56:     return await self._codec.read_packet(self._reader)
2026-05-17 08:02:56:            ^^^^^^^^^^^^^^^^^^^^^^^^^^^^^^^^^^^^^^^^^^^
2026-05-17 08:02:56:   File "/home/nisch/Desktop/MediaGrabber/.venv/lib/python3.11/site-packages/telethon/network/connection/tcpfull.py", line 25, in read_packet
2026-05-17 08:02:56:     packet_len_seq = await reader.readexactly(8)  # 4 and 4
2026-05-17 08:02:56:                      ^^^^^^^^^^^^^^^^^^^^^^^^^^^
2026-05-17 08:02:56:   File "/usr/lib/python3.11/asyncio/streams.py", line 728, in readexactly
2026-05-17 08:02:56:     await self._wait_for_data('readexactly')
2026-05-17 08:02:56:   File "/usr/lib/python3.11/asyncio/streams.py", line 508, in _wait_for_data
2026-05-17 08:02:56:     raise RuntimeError(
2026-05-17 08:02:56: RuntimeError: readexactly() called while another coroutine is already waiting for incoming data
2026-05-17 08:02:56: Security error while unpacking a received message: Server replied with a wrong session ID (see FAQ for details)
2026-05-17 08:02:56: Unhandled error while receiving data
2026-05-17 08:02:56: Traceback (most recent call last):
2026-05-17 08:02:56:   File "/home/nisch/Desktop/MediaGrabber/.venv/lib/python3.11/site-packages/telethon/network/mtprotosender.py", line 507, in _recv_loop
2026-05-17 08:02:56:     body = await self._connection.recv()
2026-05-17 08:02:56:            ^^^^^^^^^^^^^^^^^^^^^^^^^^^^^
2026-05-17 08:02:56:   File "/home/nisch/Desktop/MediaGrabber/.venv/lib/python3.11/site-packages/telethon/network/connection/connection.py", line 304, in recv
2026-05-17 08:02:56:     raise err
2026-05-17 08:02:56:   File "/home/nisch/Desktop/MediaGrabber/.venv/lib/python3.11/site-packages/telethon/network/connection/connection.py", line 335, in _recv_loop
2026-05-17 08:02:56:     data = await self._recv()
2026-05-17 08:02:56:            ^^^^^^^^^^^^^^^^^^
2026-05-17 08:02:56:   File "/home/nisch/Desktop/MediaGrabber/.venv/lib/python3.11/site-packages/telethon/network/connection/connection.py", line 374, in _recv
2026-05-17 08:02:56:     return await self._codec.read_packet(self._reader)
2026-05-17 08:02:56:            ^^^^^^^^^^^^^^^^^^^^^^^^^^^^^^^^^^^^^^^^^^^
2026-05-17 08:02:56:   File "/home/nisch/Desktop/MediaGrabber/.venv/lib/python3.11/site-packages/telethon/network/connection/tcpfull.py", line 25, in read_packet
2026-05-17 08:02:56:     packet_len_seq = await reader.readexactly(8)  # 4 and 4
2026-05-17 08:02:56:                      ^^^^^^^^^^^^^^^^^^^^^^^^^^^
2026-05-17 08:02:56:   File "/usr/lib/python3.11/asyncio/streams.py", line 728, in readexactly
2026-05-17 08:02:56:     await self._wait_for_data('readexactly')
2026-05-17 08:02:56:   File "/usr/lib/python3.11/asyncio/streams.py", line 508, in _wait_for_data
2026-05-17 08:02:56:     raise RuntimeError(
2026-05-17 08:02:56: RuntimeError: readexactly() called while another coroutine is already waiting for incoming data
2026-05-17 08:02:56: Server closed the connection: 0 bytes read on a total of 8 expected bytes
2026-05-17 08:02:56: Security error while unpacking a received message: Server replied with a wrong session ID (see FAQ for details)
2026-05-17 08:02:56: Security error while unpacking a received message: Server replied with a wrong session ID (see FAQ for details)
2026-05-17 08:02:56: Unexpected exception in the receive loop
2026-05-17 08:02:56: Traceback (most recent call last):
2026-05-17 08:02:56:   File "/home/nisch/Desktop/MediaGrabber/.venv/lib/python3.11/site-packages/telethon/network/connection/connection.py", line 335, in _recv_loop
2026-05-17 08:02:56:     data = await self._recv()
2026-05-17 08:02:56:            ^^^^^^^^^^^^^^^^^^
2026-05-17 08:02:56:   File "/home/nisch/Desktop/MediaGrabber/.venv/lib/python3.11/site-packages/telethon/network/connection/connection.py", line 374, in _recv
2026-05-17 08:02:56:     return await self._codec.read_packet(self._reader)
2026-05-17 08:02:56:            ^^^^^^^^^^^^^^^^^^^^^^^^^^^^^^^^^^^^^^^^^^^
2026-05-17 08:02:56:   File "/home/nisch/Desktop/MediaGrabber/.venv/lib/python3.11/site-packages/telethon/network/connection/tcpfull.py", line 25, in read_packet
2026-05-17 08:02:56:     packet_len_seq = await reader.readexactly(8)  # 4 and 4
2026-05-17 08:02:56:                      ^^^^^^^^^^^^^^^^^^^^^^^^^^^
2026-05-17 08:02:56:   File "/usr/lib/python3.11/asyncio/streams.py", line 728, in readexactly
2026-05-17 08:02:56:     await self._wait_for_data('readexactly')
2026-05-17 08:02:56:   File "/usr/lib/python3.11/asyncio/streams.py", line 508, in _wait_for_data
2026-05-17 08:02:56:     raise RuntimeError(
2026-05-17 08:02:56: RuntimeError: readexactly() called while another coroutine is already waiting for incoming data
2026-05-17 08:02:56: Security error while unpacking a received message: Server replied with a wrong session ID (see FAQ for details)
2026-05-17 08:02:56: Unhandled error while receiving data
2026-05-17 08:02:56: Traceback (most recent call last):
2026-05-17 08:02:56:   File "/home/nisch/Desktop/MediaGrabber/.venv/lib/python3.11/site-packages/telethon/network/mtprotosender.py", line 507, in _recv_loop
2026-05-17 08:02:56:     body = await self._connection.recv()
2026-05-17 08:02:56:            ^^^^^^^^^^^^^^^^^^^^^^^^^^^^^
2026-05-17 08:02:56:   File "/home/nisch/Desktop/MediaGrabber/.venv/lib/python3.11/site-packages/telethon/network/connection/connection.py", line 304, in recv
2026-05-17 08:02:56:     raise err
2026-05-17 08:02:56:   File "/home/nisch/Desktop/MediaGrabber/.venv/lib/python3.11/site-packages/telethon/network/connection/connection.py", line 335, in _recv_loop
2026-05-17 08:02:56:     data = await self._recv()
2026-05-17 08:02:56:            ^^^^^^^^^^^^^^^^^^
2026-05-17 08:02:56:   File "/home/nisch/Desktop/MediaGrabber/.venv/lib/python3.11/site-packages/telethon/network/connection/connection.py", line 374, in _recv
2026-05-17 08:02:56:     return await self._codec.read_packet(self._reader)
2026-05-17 08:02:56:            ^^^^^^^^^^^^^^^^^^^^^^^^^^^^^^^^^^^^^^^^^^^
2026-05-17 08:02:56:   File "/home/nisch/Desktop/MediaGrabber/.venv/lib/python3.11/site-packages/telethon/network/connection/tcpfull.py", line 25, in read_packet
2026-05-17 08:02:56:     packet_len_seq = await reader.readexactly(8)  # 4 and 4
2026-05-17 08:02:56:                      ^^^^^^^^^^^^^^^^^^^^^^^^^^^
2026-05-17 08:02:56:   File "/usr/lib/python3.11/asyncio/streams.py", line 728, in readexactly
2026-05-17 08:02:56:     await self._wait_for_data('readexactly')
2026-05-17 08:02:56:   File "/usr/lib/python3.11/asyncio/streams.py", line 508, in _wait_for_data
2026-05-17 08:02:56:     raise RuntimeError(
2026-05-17 08:02:56: RuntimeError: readexactly() called while another coroutine is already waiting for incoming data
2026-05-17 08:02:56: Security error while unpacking a received message: Server replied with a wrong session ID (see FAQ for details)
2026-05-17 08:02:56: Server closed the connection: 0 bytes read on a total of 8 expected bytes
2026-05-17 08:02:56: Security error while unpacking a received message: Server replied with a wrong session ID (see FAQ for details)
2026-05-17 08:02:56: Security error while unpacking a received message: Server replied with a wrong session ID (see FAQ for details)
2026-05-17 08:02:56: Unexpected exception in the receive loop
2026-05-17 08:02:56: Traceback (most recent call last):
2026-05-17 08:02:56:   File "/home/nisch/Desktop/MediaGrabber/.venv/lib/python3.11/site-packages/telethon/network/connection/connection.py", line 335, in _recv_loop
2026-05-17 08:02:56:     data = await self._recv()
2026-05-17 08:02:56:            ^^^^^^^^^^^^^^^^^^
2026-05-17 08:02:56:   File "/home/nisch/Desktop/MediaGrabber/.venv/lib/python3.11/site-packages/telethon/network/connection/connection.py", line 374, in _recv
2026-05-17 08:02:56:     return await self._codec.read_packet(self._reader)
2026-05-17 08:02:56:            ^^^^^^^^^^^^^^^^^^^^^^^^^^^^^^^^^^^^^^^^^^^
2026-05-17 08:02:56:   File "/home/nisch/Desktop/MediaGrabber/.venv/lib/python3.11/site-packages/telethon/network/connection/tcpfull.py", line 25, in read_packet
2026-05-17 08:02:56:     packet_len_seq = await reader.readexactly(8)  # 4 and 4
2026-05-17 08:02:56:                      ^^^^^^^^^^^^^^^^^^^^^^^^^^^
2026-05-17 08:02:56:   File "/usr/lib/python3.11/asyncio/streams.py", line 728, in readexactly
2026-05-17 08:02:56:     await self._wait_for_data('readexactly')
2026-05-17 08:02:56:   File "/usr/lib/python3.11/asyncio/streams.py", line 508, in _wait_for_data
2026-05-17 08:02:56:     raise RuntimeError(
2026-05-17 08:02:56: RuntimeError: readexactly() called while another coroutine is already waiting for incoming data
2026-05-17 08:02:56: Security error while unpacking a received message: Server replied with a wrong session ID (see FAQ for details)
2026-05-17 08:02:56: Unhandled error while receiving data
2026-05-17 08:02:56: Traceback (most recent call last):
2026-05-17 08:02:56:   File "/home/nisch/Desktop/MediaGrabber/.venv/lib/python3.11/site-packages/telethon/network/mtprotosender.py", line 507, in _recv_loop
2026-05-17 08:02:56:     body = await self._connection.recv()
2026-05-17 08:02:56:            ^^^^^^^^^^^^^^^^^^^^^^^^^^^^^
2026-05-17 08:02:56:   File "/home/nisch/Desktop/MediaGrabber/.venv/lib/python3.11/site-packages/telethon/network/connection/connection.py", line 304, in recv
2026-05-17 08:02:56:     raise err
2026-05-17 08:02:56:   File "/home/nisch/Desktop/MediaGrabber/.venv/lib/python3.11/site-packages/telethon/network/connection/connection.py", line 335, in _recv_loop
2026-05-17 08:02:56:     data = await self._recv()
2026-05-17 08:02:56:            ^^^^^^^^^^^^^^^^^^
2026-05-17 08:02:56:   File "/home/nisch/Desktop/MediaGrabber/.venv/lib/python3.11/site-packages/telethon/network/connection/connection.py", line 374, in _recv
2026-05-17 08:02:56:     return await self._codec.read_packet(self._reader)
2026-05-17 08:02:56:            ^^^^^^^^^^^^^^^^^^^^^^^^^^^^^^^^^^^^^^^^^^^
2026-05-17 08:02:56:   File "/home/nisch/Desktop/MediaGrabber/.venv/lib/python3.11/site-packages/telethon/network/connection/tcpfull.py", line 25, in read_packet
2026-05-17 08:02:56:     packet_len_seq = await reader.readexactly(8)  # 4 and 4
2026-05-17 08:02:56:                      ^^^^^^^^^^^^^^^^^^^^^^^^^^^
2026-05-17 08:02:56:   File "/usr/lib/python3.11/asyncio/streams.py", line 728, in readexactly
2026-05-17 08:02:56:     await self._wait_for_data('readexactly')
2026-05-17 08:02:56:   File "/usr/lib/python3.11/asyncio/streams.py", line 508, in _wait_for_data
2026-05-17 08:02:56:     raise RuntimeError(
2026-05-17 08:02:56: RuntimeError: readexactly() called while another coroutine is already waiting for incoming data
2026-05-17 08:02:56: Server closed the connection: 0 bytes read on a total of 8 expected bytes
2026-05-17 08:02:56: Security error while unpacking a received message: Server replied with a wrong session ID (see FAQ for details)
2026-05-17 08:02:56: Security error while unpacking a received message: Server replied with a wrong session ID (see FAQ for details)
2026-05-17 08:02:56: Unexpected exception in the receive loop
2026-05-17 08:02:56: Traceback (most recent call last):
2026-05-17 08:02:56:   File "/home/nisch/Desktop/MediaGrabber/.venv/lib/python3.11/site-packages/telethon/network/connection/connection.py", line 335, in _recv_loop
2026-05-17 08:02:56:     data = await self._recv()
2026-05-17 08:02:56:            ^^^^^^^^^^^^^^^^^^
2026-05-17 08:02:56:   File "/home/nisch/Desktop/MediaGrabber/.venv/lib/python3.11/site-packages/telethon/network/connection/connection.py", line 374, in _recv
2026-05-17 08:02:56:     return await self._codec.read_packet(self._reader)
2026-05-17 08:02:56:            ^^^^^^^^^^^^^^^^^^^^^^^^^^^^^^^^^^^^^^^^^^^
2026-05-17 08:02:56:   File "/home/nisch/Desktop/MediaGrabber/.venv/lib/python3.11/site-packages/telethon/network/connection/tcpfull.py", line 25, in read_packet
2026-05-17 08:02:56:     packet_len_seq = await reader.readexactly(8)  # 4 and 4
2026-05-17 08:02:56:                      ^^^^^^^^^^^^^^^^^^^^^^^^^^^
2026-05-17 08:02:56:   File "/usr/lib/python3.11/asyncio/streams.py", line 728, in readexactly
2026-05-17 08:02:56:     await self._wait_for_data('readexactly')
2026-05-17 08:02:56:   File "/usr/lib/python3.11/asyncio/streams.py", line 508, in _wait_for_data
2026-05-17 08:02:56:     raise RuntimeError(
2026-05-17 08:02:56: RuntimeError: readexactly() called while another coroutine is already waiting for incoming data
2026-05-17 08:02:56: Security error while unpacking a received message: Server replied with a wrong session ID (see FAQ for details)
2026-05-17 08:02:56: Unhandled error while receiving data
2026-05-17 08:02:56: Traceback (most recent call last):
2026-05-17 08:02:56:   File "/home/nisch/Desktop/MediaGrabber/.venv/lib/python3.11/site-packages/telethon/network/mtprotosender.py", line 507, in _recv_loop
2026-05-17 08:02:56:     body = await self._connection.recv()
2026-05-17 08:02:56:            ^^^^^^^^^^^^^^^^^^^^^^^^^^^^^
2026-05-17 08:02:56:   File "/home/nisch/Desktop/MediaGrabber/.venv/lib/python3.11/site-packages/telethon/network/connection/connection.py", line 304, in recv
2026-05-17 08:02:56:     raise err
2026-05-17 08:02:56:   File "/home/nisch/Desktop/MediaGrabber/.venv/lib/python3.11/site-packages/telethon/network/connection/connection.py", line 335, in _recv_loop
2026-05-17 08:02:56:     data = await self._recv()
2026-05-17 08:02:56:            ^^^^^^^^^^^^^^^^^^
2026-05-17 08:02:56:   File "/home/nisch/Desktop/MediaGrabber/.venv/lib/python3.11/site-packages/telethon/network/connection/connection.py", line 374, in _recv
2026-05-17 08:02:56:     return await self._codec.read_packet(self._reader)
2026-05-17 08:02:56:            ^^^^^^^^^^^^^^^^^^^^^^^^^^^^^^^^^^^^^^^^^^^
2026-05-17 08:02:56:   File "/home/nisch/Desktop/MediaGrabber/.venv/lib/python3.11/site-packages/telethon/network/connection/tcpfull.py", line 25, in read_packet
2026-05-17 08:02:56:     packet_len_seq = await reader.readexactly(8)  # 4 and 4
2026-05-17 08:02:56:                      ^^^^^^^^^^^^^^^^^^^^^^^^^^^
2026-05-17 08:02:56:   File "/usr/lib/python3.11/asyncio/streams.py", line 728, in readexactly
2026-05-17 08:02:56:     await self._wait_for_data('readexactly')
2026-05-17 08:02:56:   File "/usr/lib/python3.11/asyncio/streams.py", line 508, in _wait_for_data
2026-05-17 08:02:56:     raise RuntimeError(
2026-05-17 08:02:56: RuntimeError: readexactly() called while another coroutine is already waiting for incoming data
2026-05-17 08:02:56: Server closed the connection: 0 bytes read on a total of 8 expected bytes
2026-05-17 08:02:56: Security error while unpacking a received message: Server replied with a wrong session ID (see FAQ for details)
2026-05-17 08:02:56: Security error while unpacking a received message: Server replied with a wrong session ID (see FAQ for details)
2026-05-17 08:02:56: Unexpected exception in the receive loop
2026-05-17 08:02:56: Traceback (most recent call last):
2026-05-17 08:02:56:   File "/home/nisch/Desktop/MediaGrabber/.venv/lib/python3.11/site-packages/telethon/network/connection/connection.py", line 335, in _recv_loop
2026-05-17 08:02:56:     data = await self._recv()
2026-05-17 08:02:56:            ^^^^^^^^^^^^^^^^^^
2026-05-17 08:02:56:   File "/home/nisch/Desktop/MediaGrabber/.venv/lib/python3.11/site-packages/telethon/network/connection/connection.py", line 374, in _recv
2026-05-17 08:02:56:     return await self._codec.read_packet(self._reader)
2026-05-17 08:02:56:            ^^^^^^^^^^^^^^^^^^^^^^^^^^^^^^^^^^^^^^^^^^^
2026-05-17 08:02:56:   File "/home/nisch/Desktop/MediaGrabber/.venv/lib/python3.11/site-packages/telethon/network/connection/tcpfull.py", line 25, in read_packet
2026-05-17 08:02:56:     packet_len_seq = await reader.readexactly(8)  # 4 and 4
2026-05-17 08:02:56:                      ^^^^^^^^^^^^^^^^^^^^^^^^^^^
2026-05-17 08:02:56:   File "/usr/lib/python3.11/asyncio/streams.py", line 728, in readexactly
2026-05-17 08:02:56:     await self._wait_for_data('readexactly')
2026-05-17 08:02:56:   File "/usr/lib/python3.11/asyncio/streams.py", line 508, in _wait_for_data
2026-05-17 08:02:56:     raise RuntimeError(
2026-05-17 08:02:56: RuntimeError: readexactly() called while another coroutine is already waiting for incoming data
2026-05-17 08:02:56: Security error while unpacking a received message: Server replied with a wrong session ID (see FAQ for details)
2026-05-17 08:02:56: Unhandled error while receiving data
2026-05-17 08:02:56: Traceback (most recent call last):
2026-05-17 08:02:56:   File "/home/nisch/Desktop/MediaGrabber/.venv/lib/python3.11/site-packages/telethon/network/mtprotosender.py", line 507, in _recv_loop
2026-05-17 08:02:56:     body = await self._connection.recv()
2026-05-17 08:02:56:            ^^^^^^^^^^^^^^^^^^^^^^^^^^^^^
2026-05-17 08:02:56:   File "/home/nisch/Desktop/MediaGrabber/.venv/lib/python3.11/site-packages/telethon/network/connection/connection.py", line 304, in recv
2026-05-17 08:02:56:     raise err
2026-05-17 08:02:56:   File "/home/nisch/Desktop/MediaGrabber/.venv/lib/python3.11/site-packages/telethon/network/connection/connection.py", line 335, in _recv_loop
2026-05-17 08:02:56:     data = await self._recv()
2026-05-17 08:02:56:            ^^^^^^^^^^^^^^^^^^
2026-05-17 08:02:56:   File "/home/nisch/Desktop/MediaGrabber/.venv/lib/python3.11/site-packages/telethon/network/connection/connection.py", line 374, in _recv
2026-05-17 08:02:56:     return await self._codec.read_packet(self._reader)
2026-05-17 08:02:56:            ^^^^^^^^^^^^^^^^^^^^^^^^^^^^^^^^^^^^^^^^^^^
2026-05-17 08:02:56:   File "/home/nisch/Desktop/MediaGrabber/.venv/lib/python3.11/site-packages/telethon/network/connection/tcpfull.py", line 25, in read_packet
2026-05-17 08:02:56:     packet_len_seq = await reader.readexactly(8)  # 4 and 4
2026-05-17 08:02:56:                      ^^^^^^^^^^^^^^^^^^^^^^^^^^^
2026-05-17 08:02:56:   File "/usr/lib/python3.11/asyncio/streams.py", line 728, in readexactly
2026-05-17 08:02:56:     await self._wait_for_data('readexactly')
2026-05-17 08:02:56:   File "/usr/lib/python3.11/asyncio/streams.py", line 508, in _wait_for_data
2026-05-17 08:02:56:     raise RuntimeError(
2026-05-17 08:02:56: RuntimeError: readexactly() called while another coroutine is already waiting for incoming data
2026-05-17 08:02:57: Server closed the connection: 0 bytes read on a total of 8 expected bytes
2026-05-17 08:02:57: Security error while unpacking a received message: Server replied with a wrong session ID (see FAQ for details)
2026-05-17 08:02:57: Security error while unpacking a received message: Server replied with a wrong session ID (see FAQ for details)
2026-05-17 08:02:57: Unexpected exception in the receive loop
2026-05-17 08:02:57: Traceback (most recent call last):
2026-05-17 08:02:57:   File "/home/nisch/Desktop/MediaGrabber/.venv/lib/python3.11/site-packages/telethon/network/connection/connection.py", line 335, in _recv_loop
2026-05-17 08:02:57:     data = await self._recv()
2026-05-17 08:02:57:            ^^^^^^^^^^^^^^^^^^
2026-05-17 08:02:57:   File "/home/nisch/Desktop/MediaGrabber/.venv/lib/python3.11/site-packages/telethon/network/connection/connection.py", line 374, in _recv
2026-05-17 08:02:57:     return await self._codec.read_packet(self._reader)
2026-05-17 08:02:57:            ^^^^^^^^^^^^^^^^^^^^^^^^^^^^^^^^^^^^^^^^^^^
2026-05-17 08:02:57:   File "/home/nisch/Desktop/MediaGrabber/.venv/lib/python3.11/site-packages/telethon/network/connection/tcpfull.py", line 25, in read_packet
2026-05-17 08:02:57:     packet_len_seq = await reader.readexactly(8)  # 4 and 4
2026-05-17 08:02:57:                      ^^^^^^^^^^^^^^^^^^^^^^^^^^^
2026-05-17 08:02:57:   File "/usr/lib/python3.11/asyncio/streams.py", line 728, in readexactly
2026-05-17 08:02:57:     await self._wait_for_data('readexactly')
2026-05-17 08:02:57:   File "/usr/lib/python3.11/asyncio/streams.py", line 508, in _wait_for_data
2026-05-17 08:02:57:     raise RuntimeError(
2026-05-17 08:02:57: RuntimeError: readexactly() called while another coroutine is already waiting for incoming data
2026-05-17 08:02:57: Security error while unpacking a received message: Server replied with a wrong session ID (see FAQ for details)
2026-05-17 08:02:57: Unhandled error while receiving data
2026-05-17 08:02:57: Traceback (most recent call last):
2026-05-17 08:02:57:   File "/home/nisch/Desktop/MediaGrabber/.venv/lib/python3.11/site-packages/telethon/network/mtprotosender.py", line 507, in _recv_loop
2026-05-17 08:02:57:     body = await self._connection.recv()
2026-05-17 08:02:57:            ^^^^^^^^^^^^^^^^^^^^^^^^^^^^^
2026-05-17 08:02:57:   File "/home/nisch/Desktop/MediaGrabber/.venv/lib/python3.11/site-packages/telethon/network/connection/connection.py", line 304, in recv
2026-05-17 08:02:57:     raise err
2026-05-17 08:02:57:   File "/home/nisch/Desktop/MediaGrabber/.venv/lib/python3.11/site-packages/telethon/network/connection/connection.py", line 335, in _recv_loop
2026-05-17 08:02:57:     data = await self._recv()
2026-05-17 08:02:57:            ^^^^^^^^^^^^^^^^^^
2026-05-17 08:02:57:   File "/home/nisch/Desktop/MediaGrabber/.venv/lib/python3.11/site-packages/telethon/network/connection/connection.py", line 374, in _recv
2026-05-17 08:02:57:     return await self._codec.read_packet(self._reader)
2026-05-17 08:02:57:            ^^^^^^^^^^^^^^^^^^^^^^^^^^^^^^^^^^^^^^^^^^^
2026-05-17 08:02:57:   File "/home/nisch/Desktop/MediaGrabber/.venv/lib/python3.11/site-packages/telethon/network/connection/tcpfull.py", line 25, in read_packet
2026-05-17 08:02:57:     packet_len_seq = await reader.readexactly(8)  # 4 and 4
2026-05-17 08:02:57:                      ^^^^^^^^^^^^^^^^^^^^^^^^^^^
2026-05-17 08:02:57:   File "/usr/lib/python3.11/asyncio/streams.py", line 728, in readexactly
2026-05-17 08:02:57:     await self._wait_for_data('readexactly')
2026-05-17 08:02:57:   File "/usr/lib/python3.11/asyncio/streams.py", line 508, in _wait_for_data
2026-05-17 08:02:57:     raise RuntimeError(
2026-05-17 08:02:57: RuntimeError: readexactly() called while another coroutine is already waiting for incoming data
2026-05-17 08:02:57: Server closed the connection: 0 bytes read on a total of 8 expected bytes
2026-05-17 08:02:57: Security error while unpacking a received message: Server replied with a wrong session ID (see FAQ for details)
2026-05-20 08:02:30: Server closed the connection: 0 bytes read on a total of 8 expected bytes
2026-05-20 08:02:30: Unexpected exception in the receive loop
2026-05-20 08:02:30: Traceback (most recent call last):
2026-05-20 08:02:30:   File "/home/nisch/Desktop/MediaGrabber/.venv/lib/python3.11/site-packages/telethon/network/connection/connection.py", line 335, in _recv_loop
2026-05-20 08:02:30:     data = await self._recv()
2026-05-20 08:02:30:            ^^^^^^^^^^^^^^^^^^
2026-05-20 08:02:30:   File "/home/nisch/Desktop/MediaGrabber/.venv/lib/python3.11/site-packages/telethon/network/connection/connection.py", line 374, in _recv
2026-05-20 08:02:30:     return await self._codec.read_packet(self._reader)
2026-05-20 08:02:30:            ^^^^^^^^^^^^^^^^^^^^^^^^^^^^^^^^^^^^^^^^^^^
2026-05-20 08:02:30:   File "/home/nisch/Desktop/MediaGrabber/.venv/lib/python3.11/site-packages/telethon/network/connection/tcpfull.py", line 25, in read_packet
2026-05-20 08:02:30:     packet_len_seq = await reader.readexactly(8)  # 4 and 4
2026-05-20 08:02:30:                      ^^^^^^^^^^^^^^^^^^^^^^^^^^^
2026-05-20 08:02:30:   File "/usr/lib/python3.11/asyncio/streams.py", line 728, in readexactly
2026-05-20 08:02:30:     await self._wait_for_data('readexactly')
2026-05-20 08:02:30:   File "/usr/lib/python3.11/asyncio/streams.py", line 508, in _wait_for_data
2026-05-20 08:02:30:     raise RuntimeError(
2026-05-20 08:02:30: RuntimeError: readexactly() called while another coroutine is already waiting for incoming data
2026-05-20 08:02:30: Unhandled error while receiving data
2026-05-20 08:02:30: Traceback (most recent call last):
2026-05-20 08:02:30:   File "/home/nisch/Desktop/MediaGrabber/.venv/lib/python3.11/site-packages/telethon/network/mtprotosender.py", line 507, in _recv_loop
2026-05-20 08:02:30:     body = await self._connection.recv()
2026-05-20 08:02:30:            ^^^^^^^^^^^^^^^^^^^^^^^^^^^^^
2026-05-20 08:02:30:   File "/home/nisch/Desktop/MediaGrabber/.venv/lib/python3.11/site-packages/telethon/network/connection/connection.py", line 304, in recv
2026-05-20 08:02:30:     raise err
2026-05-20 08:02:30:   File "/home/nisch/Desktop/MediaGrabber/.venv/lib/python3.11/site-packages/telethon/network/connection/connection.py", line 335, in _recv_loop
2026-05-20 08:02:30:     data = await self._recv()
2026-05-20 08:02:30:            ^^^^^^^^^^^^^^^^^^
2026-05-20 08:02:30:   File "/home/nisch/Desktop/MediaGrabber/.venv/lib/python3.11/site-packages/telethon/network/connection/connection.py", line 374, in _recv
2026-05-20 08:02:30:     return await self._codec.read_packet(self._reader)
2026-05-20 08:02:30:            ^^^^^^^^^^^^^^^^^^^^^^^^^^^^^^^^^^^^^^^^^^^
2026-05-20 08:02:30:   File "/home/nisch/Desktop/MediaGrabber/.venv/lib/python3.11/site-packages/telethon/network/connection/tcpfull.py", line 25, in read_packet
2026-05-20 08:02:30:     packet_len_seq = await reader.readexactly(8)  # 4 and 4
2026-05-20 08:02:30:                      ^^^^^^^^^^^^^^^^^^^^^^^^^^^
2026-05-20 08:02:30:   File "/usr/lib/python3.11/asyncio/streams.py", line 728, in readexactly
2026-05-20 08:02:30:     await self._wait_for_data('readexactly')
2026-05-20 08:02:30:   File "/usr/lib/python3.11/asyncio/streams.py", line 508, in _wait_for_data
2026-05-20 08:02:30:     raise RuntimeError(
2026-05-20 08:02:30: RuntimeError: readexactly() called while another coroutine is already waiting for incoming data
2026-05-20 08:02:30: Security error while unpacking a received message: Server replied with a wrong session ID (see FAQ for details)
2026-05-20 08:02:30: Unexpected exception in the receive loop
2026-05-20 08:02:30: Traceback (most recent call last):
2026-05-20 08:02:30:   File "/home/nisch/Desktop/MediaGrabber/.venv/lib/python3.11/site-packages/telethon/network/connection/connection.py", line 335, in _recv_loop
2026-05-20 08:02:30:     data = await self._recv()
2026-05-20 08:02:30:            ^^^^^^^^^^^^^^^^^^
2026-05-20 08:02:30:   File "/home/nisch/Desktop/MediaGrabber/.venv/lib/python3.11/site-packages/telethon/network/connection/connection.py", line 374, in _recv
2026-05-20 08:02:30:     return await self._codec.read_packet(self._reader)
2026-05-20 08:02:30:            ^^^^^^^^^^^^^^^^^^^^^^^^^^^^^^^^^^^^^^^^^^^
2026-05-20 08:02:30:   File "/home/nisch/Desktop/MediaGrabber/.venv/lib/python3.11/site-packages/telethon/network/connection/tcpfull.py", line 25, in read_packet
2026-05-20 08:02:30:     packet_len_seq = await reader.readexactly(8)  # 4 and 4
2026-05-20 08:02:30:                      ^^^^^^^^^^^^^^^^^^^^^^^^^^^
2026-05-20 08:02:30:   File "/usr/lib/python3.11/asyncio/streams.py", line 728, in readexactly
2026-05-20 08:02:30:     await self._wait_for_data('readexactly')
2026-05-20 08:02:30:   File "/usr/lib/python3.11/asyncio/streams.py", line 508, in _wait_for_data
2026-05-20 08:02:30:     raise RuntimeError(
2026-05-20 08:02:30: RuntimeError: readexactly() called while another coroutine is already waiting for incoming data
2026-05-20 08:02:30: Security error while unpacking a received message: Server replied with a wrong session ID (see FAQ for details)
2026-05-20 08:02:30: Unhandled error while receiving data
2026-05-20 08:02:30: Traceback (most recent call last):
2026-05-20 08:02:30:   File "/home/nisch/Desktop/MediaGrabber/.venv/lib/python3.11/site-packages/telethon/network/mtprotosender.py", line 507, in _recv_loop
2026-05-20 08:02:30:     body = await self._connection.recv()
2026-05-20 08:02:30:            ^^^^^^^^^^^^^^^^^^^^^^^^^^^^^
2026-05-20 08:02:30:   File "/home/nisch/Desktop/MediaGrabber/.venv/lib/python3.11/site-packages/telethon/network/connection/connection.py", line 304, in recv
2026-05-20 08:02:30:     raise err
2026-05-20 08:02:30:   File "/home/nisch/Desktop/MediaGrabber/.venv/lib/python3.11/site-packages/telethon/network/connection/connection.py", line 335, in _recv_loop
2026-05-20 08:02:30:     data = await self._recv()
2026-05-20 08:02:30:            ^^^^^^^^^^^^^^^^^^
2026-05-20 08:02:30:   File "/home/nisch/Desktop/MediaGrabber/.venv/lib/python3.11/site-packages/telethon/network/connection/connection.py", line 374, in _recv
2026-05-20 08:02:30:     return await self._codec.read_packet(self._reader)
2026-05-20 08:02:30:            ^^^^^^^^^^^^^^^^^^^^^^^^^^^^^^^^^^^^^^^^^^^
2026-05-20 08:02:30:   File "/home/nisch/Desktop/MediaGrabber/.venv/lib/python3.11/site-packages/telethon/network/connection/tcpfull.py", line 25, in read_packet
2026-05-20 08:02:30:     packet_len_seq = await reader.readexactly(8)  # 4 and 4
2026-05-20 08:02:30:                      ^^^^^^^^^^^^^^^^^^^^^^^^^^^
2026-05-20 08:02:30:   File "/usr/lib/python3.11/asyncio/streams.py", line 728, in readexactly
2026-05-20 08:02:30:     await self._wait_for_data('readexactly')
2026-05-20 08:02:30:   File "/usr/lib/python3.11/asyncio/streams.py", line 508, in _wait_for_data
2026-05-20 08:02:30:     raise RuntimeError(
2026-05-20 08:02:30: RuntimeError: readexactly() called while another coroutine is already waiting for incoming data
2026-05-20 08:02:30: Server closed the connection: 0 bytes read on a total of 8 expected bytes
2026-05-20 08:02:30: Security error while unpacking a received message: Server replied with a wrong session ID (see FAQ for details)
2026-05-20 08:02:30: Security error while unpacking a received message: Server replied with a wrong session ID (see FAQ for details)
2026-05-20 08:02:30: Unexpected exception in the receive loop
2026-05-20 08:02:30: Traceback (most recent call last):
2026-05-20 08:02:30:   File "/home/nisch/Desktop/MediaGrabber/.venv/lib/python3.11/site-packages/telethon/network/connection/connection.py", line 335, in _recv_loop
2026-05-20 08:02:30:     data = await self._recv()
2026-05-20 08:02:30:            ^^^^^^^^^^^^^^^^^^
2026-05-20 08:02:30:   File "/home/nisch/Desktop/MediaGrabber/.venv/lib/python3.11/site-packages/telethon/network/connection/connection.py", line 374, in _recv
2026-05-20 08:02:30:     return await self._codec.read_packet(self._reader)
2026-05-20 08:02:30:            ^^^^^^^^^^^^^^^^^^^^^^^^^^^^^^^^^^^^^^^^^^^
2026-05-20 08:02:30:   File "/home/nisch/Desktop/MediaGrabber/.venv/lib/python3.11/site-packages/telethon/network/connection/tcpfull.py", line 25, in read_packet
2026-05-20 08:02:30:     packet_len_seq = await reader.readexactly(8)  # 4 and 4
2026-05-20 08:02:30:                      ^^^^^^^^^^^^^^^^^^^^^^^^^^^
2026-05-20 08:02:30:   File "/usr/lib/python3.11/asyncio/streams.py", line 728, in readexactly
2026-05-20 08:02:30:     await self._wait_for_data('readexactly')
2026-05-20 08:02:30:   File "/usr/lib/python3.11/asyncio/streams.py", line 508, in _wait_for_data
2026-05-20 08:02:30:     raise RuntimeError(
2026-05-20 08:02:30: RuntimeError: readexactly() called while another coroutine is already waiting for incoming data
2026-05-20 08:02:30: Security error while unpacking a received message: Server replied with a wrong session ID (see FAQ for details)
2026-05-20 08:02:30: Unhandled error while receiving data
2026-05-20 08:02:30: Traceback (most recent call last):
2026-05-20 08:02:30:   File "/home/nisch/Desktop/MediaGrabber/.venv/lib/python3.11/site-packages/telethon/network/mtprotosender.py", line 507, in _recv_loop
2026-05-20 08:02:30:     body = await self._connection.recv()
2026-05-20 08:02:30:            ^^^^^^^^^^^^^^^^^^^^^^^^^^^^^
2026-05-20 08:02:30:   File "/home/nisch/Desktop/MediaGrabber/.venv/lib/python3.11/site-packages/telethon/network/connection/connection.py", line 304, in recv
2026-05-20 08:02:30:     raise err
2026-05-20 08:02:30:   File "/home/nisch/Desktop/MediaGrabber/.venv/lib/python3.11/site-packages/telethon/network/connection/connection.py", line 335, in _recv_loop
2026-05-20 08:02:30:     data = await self._recv()
2026-05-20 08:02:30:            ^^^^^^^^^^^^^^^^^^
2026-05-20 08:02:30:   File "/home/nisch/Desktop/MediaGrabber/.venv/lib/python3.11/site-packages/telethon/network/connection/connection.py", line 374, in _recv
2026-05-20 08:02:30:     return await self._codec.read_packet(self._reader)
2026-05-20 08:02:30:            ^^^^^^^^^^^^^^^^^^^^^^^^^^^^^^^^^^^^^^^^^^^
2026-05-20 08:02:30:   File "/home/nisch/Desktop/MediaGrabber/.venv/lib/python3.11/site-packages/telethon/network/connection/tcpfull.py", line 25, in read_packet
2026-05-20 08:02:30:     packet_len_seq = await reader.readexactly(8)  # 4 and 4
2026-05-20 08:02:30:                      ^^^^^^^^^^^^^^^^^^^^^^^^^^^
2026-05-20 08:02:30:   File "/usr/lib/python3.11/asyncio/streams.py", line 728, in readexactly
2026-05-20 08:02:30:     await self._wait_for_data('readexactly')
2026-05-20 08:02:30:   File "/usr/lib/python3.11/asyncio/streams.py", line 508, in _wait_for_data
2026-05-20 08:02:30:     raise RuntimeError(
2026-05-20 08:02:30: RuntimeError: readexactly() called while another coroutine is already waiting for incoming data
2026-05-20 08:02:31: Server closed the connection: 0 bytes read on a total of 8 expected bytes
2026-05-20 08:02:31: Security error while unpacking a received message: Server replied with a wrong session ID (see FAQ for details)
2026-05-20 08:02:31: Security error while unpacking a received message: Server replied with a wrong session ID (see FAQ for details)
2026-05-20 08:02:31: Security error while unpacking a received message: Server replied with a wrong session ID (see FAQ for details)
2026-05-21 08:02:31: Server closed the connection: 0 bytes read on a total of 8 expected bytes
2026-05-30 08:02:13: Server closed the connection: 0 bytes read on a total of 8 expected bytes
2026-05-31 08:02:05: Server closed the connection: 0 bytes read on a total of 8 expected bytes
2026-06-03 08:02:26: Server closed the connection: 0 bytes read on a total of 8 expected bytes
2026-06-04 08:02:35: Server closed the connection: 0 bytes read on a total of 8 expected bytes
2026-06-05 08:02:20: Server closed the connection: 0 bytes read on a total of 8 expected bytes
2026-06-08 08:00:03: Attempt 1 at connecting failed: OSError: [Errno 113] Connect call failed ('149.154.175.54', 443)
2026-06-08 08:00:06: Attempt 2 at connecting failed: OSError: [Errno 113] Connect call failed ('149.154.175.54', 443)
2026-06-08 08:00:10: Attempt 3 at connecting failed: OSError: [Errno 113] Connect call failed ('149.154.175.54', 443)
2026-06-08 08:00:13: Attempt 4 at connecting failed: OSError: [Errno 113] Connect call failed ('149.154.175.54', 443)
2026-06-08 08:00:17: Attempt 5 at connecting failed: OSError: [Errno 113] Connect call failed ('149.154.175.54', 443)
2026-06-08 08:00:20: Attempt 6 at connecting failed: OSError: [Errno 113] Connect call failed ('149.154.175.54', 443)
2026-06-08 08:00:21: Traceback (most recent call last):
2026-06-08 08:00:21:   File "/home/nisch/Desktop/MediaGrabber/daily_bns_sync.py", line 1141, in <module>
2026-06-08 08:00:21:     asyncio.run(main())
2026-06-08 08:00:21:   File "/usr/lib/python3.11/asyncio/runners.py", line 190, in run
2026-06-08 08:00:21:     return runner.run(main)
2026-06-08 08:00:21:            ^^^^^^^^^^^^^^^^
2026-06-08 08:00:21:   File "/usr/lib/python3.11/asyncio/runners.py", line 118, in run
2026-06-08 08:00:21:     return self._loop.run_until_complete(task)
2026-06-08 08:00:21:            ^^^^^^^^^^^^^^^^^^^^^^^^^^^^^^^^^^^
2026-06-08 08:00:21:   File "/usr/lib/python3.11/asyncio/base_events.py", line 653, in run_until_complete
2026-06-08 08:00:21:     return future.result()
2026-06-08 08:00:21:            ^^^^^^^^^^^^^^^
2026-06-08 08:00:21:   File "/home/nisch/Desktop/MediaGrabber/daily_bns_sync.py", line 933, in main
2026-06-08 08:00:21:     await client.start()
2026-06-08 08:00:21:   File "/home/nisch/Desktop/MediaGrabber/.venv/lib/python3.11/site-packages/telethon/client/auth.py", line 135, in _start
2026-06-08 08:00:21:     await self.connect()
2026-06-08 08:00:21:   File "/home/nisch/Desktop/MediaGrabber/.venv/lib/python3.11/site-packages/telethon/client/telegrambaseclient.py", line 547, in connect
2026-06-08 08:00:21:     if not await self._sender.connect(self._connection(
2026-06-08 08:00:21:            ^^^^^^^^^^^^^^^^^^^^^^^^^^^^^^^^^^^^^^^^^^^^
2026-06-08 08:00:21:   File "/home/nisch/Desktop/MediaGrabber/.venv/lib/python3.11/site-packages/telethon/network/mtprotosender.py", line 134, in connect
2026-06-08 08:00:21:     await self._connect()
2026-06-08 08:00:21:   File "/home/nisch/Desktop/MediaGrabber/.venv/lib/python3.11/site-packages/telethon/network/mtprotosender.py", line 260, in _connect
2026-06-08 08:00:21:     raise ConnectionError('Connection to Telegram failed {} time(s)'.format(self._retries))
2026-06-08 08:00:21: ConnectionError: Connection to Telegram failed 5 time(s)
2026-06-08 12:25:15: Server closed the connection: 0 bytes read on a total of 8 expected bytes
2026-06-08 12:27:59: Server closed the connection: 0 bytes read on a total of 8 expected bytes
2026-06-09 08:02:17: Server closed the connection: 0 bytes read on a total of 8 expected bytes
2026-06-10 08:00:15: Attempt 1 at connecting failed: OSError: [Errno 113] Connect call failed ('149.154.175.54', 443)
2026-06-10 08:00:18: Attempt 2 at connecting failed: OSError: [Errno 113] Connect call failed ('149.154.175.54', 443)
2026-06-10 08:00:22: Attempt 3 at connecting failed: OSError: [Errno 113] Connect call failed ('149.154.175.54', 443)
2026-06-10 08:00:25: Attempt 4 at connecting failed: OSError: [Errno 113] Connect call failed ('149.154.175.54', 443)
2026-06-14 08:02:06: Server closed the connection: 0 bytes read on a total of 8 expected bytes
2026-06-24 23:19:32: Server closed the connection: 0 bytes read on a total of 8 expected bytes
2026-06-25 08:02:18: Server closed the connection: 0 bytes read on a total of 8 expected bytes
2026-06-26 08:04:53: Server closed the connection: 0 bytes read on a total of 8 expected bytes
2026-06-28 08:02:06: Server closed the connection: 0 bytes read on a total of 8 expected bytes
2026-06-28 08:05:22: Server closed the connection: 0 bytes read on a total of 8 expected bytes
2026-07-01 08:02:36: Server closed the connection: 0 bytes read on a total of 8 expected bytes
2026-07-02 08:02:15: Server closed the connection: 0 bytes read on a total of 8 expected bytes
2026-07-08 08:02:06: Server closed the connection: 0 bytes read on a total of 8 expected bytes
2026-07-08 12:45:18: Server closed the connection: 0 bytes read on a total of 8 expected bytes
2026-07-09 10:03:56: Server closed the connection: 0 bytes read on a total of 8 expected bytes
2026-07-09 10:03:56: Unexpected exception in the receive loop
2026-07-09 10:03:56: Traceback (most recent call last):
2026-07-09 10:03:56:   File "/home/nisch/Desktop/MediaGrabber/.venv/lib/python3.11/site-packages/telethon/network/connection/connection.py", line 335, in _recv_loop
2026-07-09 10:03:56:     data = await self._recv()
2026-07-09 10:03:56:            ^^^^^^^^^^^^^^^^^^
2026-07-09 10:03:56:   File "/home/nisch/Desktop/MediaGrabber/.venv/lib/python3.11/site-packages/telethon/network/connection/connection.py", line 374, in _recv
2026-07-09 10:03:56:     return await self._codec.read_packet(self._reader)
2026-07-09 10:03:56:            ^^^^^^^^^^^^^^^^^^^^^^^^^^^^^^^^^^^^^^^^^^^
2026-07-09 10:03:56:   File "/home/nisch/Desktop/MediaGrabber/.venv/lib/python3.11/site-packages/telethon/network/connection/tcpfull.py", line 25, in read_packet
2026-07-09 10:03:56:     packet_len_seq = await reader.readexactly(8)  # 4 and 4
2026-07-09 10:03:56:                      ^^^^^^^^^^^^^^^^^^^^^^^^^^^
2026-07-09 10:03:56:   File "/usr/lib/python3.11/asyncio/streams.py", line 728, in readexactly
2026-07-09 10:03:56:     await self._wait_for_data('readexactly')
2026-07-09 10:03:56:   File "/usr/lib/python3.11/asyncio/streams.py", line 508, in _wait_for_data
2026-07-09 10:03:56:     raise RuntimeError(
2026-07-09 10:03:56: RuntimeError: readexactly() called while another coroutine is already waiting for incoming data
2026-07-09 10:03:56: Unhandled error while receiving data
2026-07-09 10:03:56: Traceback (most recent call last):
2026-07-09 10:03:56:   File "/home/nisch/Desktop/MediaGrabber/.venv/lib/python3.11/site-packages/telethon/network/mtprotosender.py", line 507, in _recv_loop
2026-07-09 10:03:56:     body = await self._connection.recv()
2026-07-09 10:03:56:            ^^^^^^^^^^^^^^^^^^^^^^^^^^^^^
2026-07-09 10:03:56:   File "/home/nisch/Desktop/MediaGrabber/.venv/lib/python3.11/site-packages/telethon/network/connection/connection.py", line 304, in recv
2026-07-09 10:03:56:     raise err
2026-07-09 10:03:56:   File "/home/nisch/Desktop/MediaGrabber/.venv/lib/python3.11/site-packages/telethon/network/connection/connection.py", line 335, in _recv_loop
2026-07-09 10:03:56:     data = await self._recv()
2026-07-09 10:03:56:            ^^^^^^^^^^^^^^^^^^
2026-07-09 10:03:56:   File "/home/nisch/Desktop/MediaGrabber/.venv/lib/python3.11/site-packages/telethon/network/connection/connection.py", line 374, in _recv
2026-07-09 10:03:56:     return await self._codec.read_packet(self._reader)
2026-07-09 10:03:56:            ^^^^^^^^^^^^^^^^^^^^^^^^^^^^^^^^^^^^^^^^^^^
2026-07-09 10:03:56:   File "/home/nisch/Desktop/MediaGrabber/.venv/lib/python3.11/site-packages/telethon/network/connection/tcpfull.py", line 25, in read_packet
2026-07-09 10:03:56:     packet_len_seq = await reader.readexactly(8)  # 4 and 4
2026-07-09 10:03:56:                      ^^^^^^^^^^^^^^^^^^^^^^^^^^^
2026-07-09 10:03:56:   File "/usr/lib/python3.11/asyncio/streams.py", line 728, in readexactly
2026-07-09 10:03:56:     await self._wait_for_data('readexactly')
2026-07-09 10:03:56:   File "/usr/lib/python3.11/asyncio/streams.py", line 508, in _wait_for_data
2026-07-09 10:03:56:     raise RuntimeError(
2026-07-09 10:03:56: RuntimeError: readexactly() called while another coroutine is already waiting for incoming data
2026-07-09 10:03:56: Security error while unpacking a received message: Server replied with a wrong session ID (see FAQ for details)
2026-07-09 10:03:56: Unexpected exception in the receive loop
2026-07-09 10:03:56: Traceback (most recent call last):
2026-07-09 10:03:56:   File "/home/nisch/Desktop/MediaGrabber/.venv/lib/python3.11/site-packages/telethon/network/connection/connection.py", line 335, in _recv_loop
2026-07-09 10:03:56:     data = await self._recv()
2026-07-09 10:03:56:            ^^^^^^^^^^^^^^^^^^
2026-07-09 10:03:56:   File "/home/nisch/Desktop/MediaGrabber/.venv/lib/python3.11/site-packages/telethon/network/connection/connection.py", line 374, in _recv
2026-07-09 10:03:56:     return await self._codec.read_packet(self._reader)
2026-07-09 10:03:56:            ^^^^^^^^^^^^^^^^^^^^^^^^^^^^^^^^^^^^^^^^^^^
2026-07-09 10:03:56:   File "/home/nisch/Desktop/MediaGrabber/.venv/lib/python3.11/site-packages/telethon/network/connection/tcpfull.py", line 25, in read_packet
2026-07-09 10:03:56:     packet_len_seq = await reader.readexactly(8)  # 4 and 4
2026-07-09 10:03:56:                      ^^^^^^^^^^^^^^^^^^^^^^^^^^^
2026-07-09 10:03:56:   File "/usr/lib/python3.11/asyncio/streams.py", line 728, in readexactly
2026-07-09 10:03:56:     await self._wait_for_data('readexactly')
2026-07-09 10:03:56:   File "/usr/lib/python3.11/asyncio/streams.py", line 508, in _wait_for_data
2026-07-09 10:03:56:     raise RuntimeError(
2026-07-09 10:03:56: RuntimeError: readexactly() called while another coroutine is already waiting for incoming data
2026-07-09 10:03:56: Security error while unpacking a received message: Server replied with a wrong session ID (see FAQ for details)
2026-07-09 10:03:56: Unhandled error while receiving data
2026-07-09 10:03:56: Traceback (most recent call last):
2026-07-09 10:03:56:   File "/home/nisch/Desktop/MediaGrabber/.venv/lib/python3.11/site-packages/telethon/network/mtprotosender.py", line 507, in _recv_loop
2026-07-09 10:03:56:     body = await self._connection.recv()
2026-07-09 10:03:56:            ^^^^^^^^^^^^^^^^^^^^^^^^^^^^^
2026-07-09 10:03:56:   File "/home/nisch/Desktop/MediaGrabber/.venv/lib/python3.11/site-packages/telethon/network/connection/connection.py", line 304, in recv
2026-07-09 10:03:56:     raise err
2026-07-09 10:03:56:   File "/home/nisch/Desktop/MediaGrabber/.venv/lib/python3.11/site-packages/telethon/network/connection/connection.py", line 335, in _recv_loop
2026-07-09 10:03:56:     data = await self._recv()
2026-07-09 10:03:56:            ^^^^^^^^^^^^^^^^^^
2026-07-09 10:03:56:   File "/home/nisch/Desktop/MediaGrabber/.venv/lib/python3.11/site-packages/telethon/network/connection/connection.py", line 374, in _recv
2026-07-09 10:03:56:     return await self._codec.read_packet(self._reader)
2026-07-09 10:03:56:            ^^^^^^^^^^^^^^^^^^^^^^^^^^^^^^^^^^^^^^^^^^^
2026-07-09 10:03:56:   File "/home/nisch/Desktop/MediaGrabber/.venv/lib/python3.11/site-packages/telethon/network/connection/tcpfull.py", line 25, in read_packet
2026-07-09 10:03:56:     packet_len_seq = await reader.readexactly(8)  # 4 and 4
2026-07-09 10:03:56:                      ^^^^^^^^^^^^^^^^^^^^^^^^^^^
2026-07-09 10:03:56:   File "/usr/lib/python3.11/asyncio/streams.py", line 728, in readexactly
2026-07-09 10:03:56:     await self._wait_for_data('readexactly')
2026-07-09 10:03:56:   File "/usr/lib/python3.11/asyncio/streams.py", line 508, in _wait_for_data
2026-07-09 10:03:56:     raise RuntimeError(
2026-07-09 10:03:56: RuntimeError: readexactly() called while another coroutine is already waiting for incoming data
2026-07-09 10:03:56: Server closed the connection: 0 bytes read on a total of 8 expected bytes
2026-07-09 10:03:56: Security error while unpacking a received message: Server replied with a wrong session ID (see FAQ for details)
2026-07-10 08:09:14: Server closed the connection: 0 bytes read on a total of 8 expected bytes
2026-07-10 08:09:14: Unexpected exception in the receive loop
2026-07-10 08:09:14: Traceback (most recent call last):
2026-07-10 08:09:14:   File "/home/nisch/Desktop/MediaGrabber/.venv/lib/python3.11/site-packages/telethon/network/connection/connection.py", line 335, in _recv_loop
2026-07-10 08:09:14:     data = await self._recv()
2026-07-10 08:09:14:            ^^^^^^^^^^^^^^^^^^
2026-07-10 08:09:14:   File "/home/nisch/Desktop/MediaGrabber/.venv/lib/python3.11/site-packages/telethon/network/connection/connection.py", line 374, in _recv
2026-07-10 08:09:14:     return await self._codec.read_packet(self._reader)
2026-07-10 08:09:14:            ^^^^^^^^^^^^^^^^^^^^^^^^^^^^^^^^^^^^^^^^^^^
2026-07-10 08:09:14:   File "/home/nisch/Desktop/MediaGrabber/.venv/lib/python3.11/site-packages/telethon/network/connection/tcpfull.py", line 25, in read_packet
2026-07-10 08:09:14:     packet_len_seq = await reader.readexactly(8)  # 4 and 4
2026-07-10 08:09:14:                      ^^^^^^^^^^^^^^^^^^^^^^^^^^^
2026-07-10 08:09:14:   File "/usr/lib/python3.11/asyncio/streams.py", line 728, in readexactly
2026-07-10 08:09:14:     await self._wait_for_data('readexactly')
2026-07-10 08:09:14:   File "/usr/lib/python3.11/asyncio/streams.py", line 508, in _wait_for_data
2026-07-10 08:09:14:     raise RuntimeError(
2026-07-10 08:09:14: RuntimeError: readexactly() called while another coroutine is already waiting for incoming data
2026-07-10 08:09:14: Unhandled error while receiving data
2026-07-10 08:09:14: Traceback (most recent call last):
2026-07-10 08:09:14:   File "/home/nisch/Desktop/MediaGrabber/.venv/lib/python3.11/site-packages/telethon/network/mtprotosender.py", line 507, in _recv_loop
2026-07-10 08:09:14:     body = await self._connection.recv()
2026-07-10 08:09:14:            ^^^^^^^^^^^^^^^^^^^^^^^^^^^^^
2026-07-10 08:09:14:   File "/home/nisch/Desktop/MediaGrabber/.venv/lib/python3.11/site-packages/telethon/network/connection/connection.py", line 304, in recv
2026-07-10 08:09:14:     raise err
2026-07-10 08:09:14:   File "/home/nisch/Desktop/MediaGrabber/.venv/lib/python3.11/site-packages/telethon/network/connection/connection.py", line 335, in _recv_loop
2026-07-10 08:09:14:     data = await self._recv()
2026-07-10 08:09:14:            ^^^^^^^^^^^^^^^^^^
2026-07-10 08:09:14:   File "/home/nisch/Desktop/MediaGrabber/.venv/lib/python3.11/site-packages/telethon/network/connection/connection.py", line 374, in _recv
2026-07-10 08:09:14:     return await self._codec.read_packet(self._reader)
2026-07-10 08:09:14:            ^^^^^^^^^^^^^^^^^^^^^^^^^^^^^^^^^^^^^^^^^^^
2026-07-10 08:09:14:   File "/home/nisch/Desktop/MediaGrabber/.venv/lib/python3.11/site-packages/telethon/network/connection/tcpfull.py", line 25, in read_packet
2026-07-10 08:09:14:     packet_len_seq = await reader.readexactly(8)  # 4 and 4
2026-07-10 08:09:14:                      ^^^^^^^^^^^^^^^^^^^^^^^^^^^
2026-07-10 08:09:14:   File "/usr/lib/python3.11/asyncio/streams.py", line 728, in readexactly
2026-07-10 08:09:14:     await self._wait_for_data('readexactly')
2026-07-10 08:09:14:   File "/usr/lib/python3.11/asyncio/streams.py", line 508, in _wait_for_data
2026-07-10 08:09:14:     raise RuntimeError(
2026-07-10 08:09:14: RuntimeError: readexactly() called while another coroutine is already waiting for incoming data
2026-07-10 08:09:14: Security error while unpacking a received message: Server replied with a wrong session ID (see FAQ for details)
2026-07-10 08:09:14: Unexpected exception in the receive loop
2026-07-10 08:09:14: Traceback (most recent call last):
2026-07-10 08:09:14:   File "/home/nisch/Desktop/MediaGrabber/.venv/lib/python3.11/site-packages/telethon/network/connection/connection.py", line 335, in _recv_loop
2026-07-10 08:09:14:     data = await self._recv()
2026-07-10 08:09:14:            ^^^^^^^^^^^^^^^^^^
2026-07-10 08:09:14:   File "/home/nisch/Desktop/MediaGrabber/.venv/lib/python3.11/site-packages/telethon/network/connection/connection.py", line 374, in _recv
2026-07-10 08:09:14:     return await self._codec.read_packet(self._reader)
2026-07-10 08:09:14:            ^^^^^^^^^^^^^^^^^^^^^^^^^^^^^^^^^^^^^^^^^^^
2026-07-10 08:09:14:   File "/home/nisch/Desktop/MediaGrabber/.venv/lib/python3.11/site-packages/telethon/network/connection/tcpfull.py", line 25, in read_packet
2026-07-10 08:09:14:     packet_len_seq = await reader.readexactly(8)  # 4 and 4
2026-07-10 08:09:14:                      ^^^^^^^^^^^^^^^^^^^^^^^^^^^
2026-07-10 08:09:14:   File "/usr/lib/python3.11/asyncio/streams.py", line 728, in readexactly
2026-07-10 08:09:14:     await self._wait_for_data('readexactly')
2026-07-10 08:09:14:   File "/usr/lib/python3.11/asyncio/streams.py", line 508, in _wait_for_data
2026-07-10 08:09:14:     raise RuntimeError(
2026-07-10 08:09:14: RuntimeError: readexactly() called while another coroutine is already waiting for incoming data
2026-07-10 08:09:14: Security error while unpacking a received message: Server replied with a wrong session ID (see FAQ for details)
2026-07-10 08:09:14: Unhandled error while receiving data
2026-07-10 08:09:14: Traceback (most recent call last):
2026-07-10 08:09:14:   File "/home/nisch/Desktop/MediaGrabber/.venv/lib/python3.11/site-packages/telethon/network/mtprotosender.py", line 507, in _recv_loop
2026-07-10 08:09:14:     body = await self._connection.recv()
2026-07-10 08:09:14:            ^^^^^^^^^^^^^^^^^^^^^^^^^^^^^
2026-07-10 08:09:14:   File "/home/nisch/Desktop/MediaGrabber/.venv/lib/python3.11/site-packages/telethon/network/connection/connection.py", line 304, in recv
2026-07-10 08:09:14:     raise err
2026-07-10 08:09:14:   File "/home/nisch/Desktop/MediaGrabber/.venv/lib/python3.11/site-packages/telethon/network/connection/connection.py", line 335, in _recv_loop
2026-07-10 08:09:14:     data = await self._recv()
2026-07-10 08:09:14:            ^^^^^^^^^^^^^^^^^^
2026-07-10 08:09:14:   File "/home/nisch/Desktop/MediaGrabber/.venv/lib/python3.11/site-packages/telethon/network/connection/connection.py", line 374, in _recv
2026-07-10 08:09:14:     return await self._codec.read_packet(self._reader)
2026-07-10 08:09:14:            ^^^^^^^^^^^^^^^^^^^^^^^^^^^^^^^^^^^^^^^^^^^
2026-07-10 08:09:14:   File "/home/nisch/Desktop/MediaGrabber/.venv/lib/python3.11/site-packages/telethon/network/connection/tcpfull.py", line 25, in read_packet
2026-07-10 08:09:14:     packet_len_seq = await reader.readexactly(8)  # 4 and 4
2026-07-10 08:09:14:                      ^^^^^^^^^^^^^^^^^^^^^^^^^^^
2026-07-10 08:09:14:   File "/usr/lib/python3.11/asyncio/streams.py", line 728, in readexactly
2026-07-10 08:09:14:     await self._wait_for_data('readexactly')
2026-07-10 08:09:14:   File "/usr/lib/python3.11/asyncio/streams.py", line 508, in _wait_for_data
2026-07-10 08:09:14:     raise RuntimeError(
2026-07-10 08:09:14: RuntimeError: readexactly() called while another coroutine is already waiting for incoming data
2026-07-10 08:09:14: Server closed the connection: 0 bytes read on a total of 8 expected bytes
2026-07-10 08:09:14: Security error while unpacking a received message: Server replied with a wrong session ID (see FAQ for details)
2026-07-10 08:09:14: Security error while unpacking a received message: Server replied with a wrong session ID (see FAQ for details)
2026-07-10 08:09:14: Security error while unpacking a received message: Server replied with a wrong session ID (see FAQ for details)
2026-07-10 08:09:14: Unexpected exception in the receive loop
2026-07-10 08:09:14: Traceback (most recent call last):
2026-07-10 08:09:14:   File "/home/nisch/Desktop/MediaGrabber/.venv/lib/python3.11/site-packages/telethon/network/connection/connection.py", line 335, in _recv_loop
2026-07-10 08:09:14:     data = await self._recv()
2026-07-10 08:09:14:            ^^^^^^^^^^^^^^^^^^
2026-07-10 08:09:14:   File "/home/nisch/Desktop/MediaGrabber/.venv/lib/python3.11/site-packages/telethon/network/connection/connection.py", line 374, in _recv
2026-07-10 08:09:14:     return await self._codec.read_packet(self._reader)
2026-07-10 08:09:14:            ^^^^^^^^^^^^^^^^^^^^^^^^^^^^^^^^^^^^^^^^^^^
2026-07-10 08:09:14:   File "/home/nisch/Desktop/MediaGrabber/.venv/lib/python3.11/site-packages/telethon/network/connection/tcpfull.py", line 25, in read_packet
2026-07-10 08:09:14:     packet_len_seq = await reader.readexactly(8)  # 4 and 4
2026-07-10 08:09:14:                      ^^^^^^^^^^^^^^^^^^^^^^^^^^^
2026-07-10 08:09:14:   File "/usr/lib/python3.11/asyncio/streams.py", line 728, in readexactly
2026-07-10 08:09:14:     await self._wait_for_data('readexactly')
2026-07-10 08:09:14:   File "/usr/lib/python3.11/asyncio/streams.py", line 508, in _wait_for_data
2026-07-10 08:09:14:     raise RuntimeError(
2026-07-10 08:09:14: RuntimeError: readexactly() called while another coroutine is already waiting for incoming data
2026-07-10 08:09:14: Unhandled error while receiving data
2026-07-10 08:09:14: Traceback (most recent call last):
2026-07-10 08:09:14:   File "/home/nisch/Desktop/MediaGrabber/.venv/lib/python3.11/site-packages/telethon/network/mtprotosender.py", line 507, in _recv_loop
2026-07-10 08:09:14:     body = await self._connection.recv()
2026-07-10 08:09:14:            ^^^^^^^^^^^^^^^^^^^^^^^^^^^^^
2026-07-10 08:09:14:   File "/home/nisch/Desktop/MediaGrabber/.venv/lib/python3.11/site-packages/telethon/network/connection/connection.py", line 304, in recv
2026-07-10 08:09:14:     raise err
2026-07-10 08:09:14:   File "/home/nisch/Desktop/MediaGrabber/.venv/lib/python3.11/site-packages/telethon/network/connection/connection.py", line 335, in _recv_loop
2026-07-10 08:09:14:     data = await self._recv()
2026-07-10 08:09:14:            ^^^^^^^^^^^^^^^^^^
2026-07-10 08:09:14:   File "/home/nisch/Desktop/MediaGrabber/.venv/lib/python3.11/site-packages/telethon/network/connection/connection.py", line 374, in _recv
2026-07-10 08:09:14:     return await self._codec.read_packet(self._reader)
2026-07-10 08:09:14:            ^^^^^^^^^^^^^^^^^^^^^^^^^^^^^^^^^^^^^^^^^^^
2026-07-10 08:09:14:   File "/home/nisch/Desktop/MediaGrabber/.venv/lib/python3.11/site-packages/telethon/network/connection/tcpfull.py", line 25, in read_packet
2026-07-10 08:09:14:     packet_len_seq = await reader.readexactly(8)  # 4 and 4
2026-07-10 08:09:14:                      ^^^^^^^^^^^^^^^^^^^^^^^^^^^
2026-07-10 08:09:14:   File "/usr/lib/python3.11/asyncio/streams.py", line 728, in readexactly
2026-07-10 08:09:14:     await self._wait_for_data('readexactly')
2026-07-10 08:09:14:   File "/usr/lib/python3.11/asyncio/streams.py", line 508, in _wait_for_data
2026-07-10 08:09:14:     raise RuntimeError(
2026-07-10 08:09:14: RuntimeError: readexactly() called while another coroutine is already waiting for incoming data
2026-07-10 08:09:14: Security error while unpacking a received message: Server replied with a wrong session ID (see FAQ for details)
2026-07-10 08:09:14: Unexpected exception in the receive loop
2026-07-10 08:09:14: Traceback (most recent call last):
2026-07-10 08:09:14:   File "/home/nisch/Desktop/MediaGrabber/.venv/lib/python3.11/site-packages/telethon/network/connection/connection.py", line 335, in _recv_loop
2026-07-10 08:09:14:     data = await self._recv()
2026-07-10 08:09:14:            ^^^^^^^^^^^^^^^^^^
2026-07-10 08:09:14:   File "/home/nisch/Desktop/MediaGrabber/.venv/lib/python3.11/site-packages/telethon/network/connection/connection.py", line 374, in _recv
2026-07-10 08:09:14:     return await self._codec.read_packet(self._reader)
2026-07-10 08:09:14:            ^^^^^^^^^^^^^^^^^^^^^^^^^^^^^^^^^^^^^^^^^^^
2026-07-10 08:09:14:   File "/home/nisch/Desktop/MediaGrabber/.venv/lib/python3.11/site-packages/telethon/network/connection/tcpfull.py", line 25, in read_packet
2026-07-10 08:09:14:     packet_len_seq = await reader.readexactly(8)  # 4 and 4
2026-07-10 08:09:14:                      ^^^^^^^^^^^^^^^^^^^^^^^^^^^
2026-07-10 08:09:14:   File "/usr/lib/python3.11/asyncio/streams.py", line 728, in readexactly
2026-07-10 08:09:14:     await self._wait_for_data('readexactly')
2026-07-10 08:09:14:   File "/usr/lib/python3.11/asyncio/streams.py", line 508, in _wait_for_data
2026-07-10 08:09:14:     raise RuntimeError(
2026-07-10 08:09:14: RuntimeError: readexactly() called while another coroutine is already waiting for incoming data
2026-07-10 08:09:14: Security error while unpacking a received message: Server replied with a wrong session ID (see FAQ for details)
2026-07-10 08:09:14: Unhandled error while receiving data
2026-07-10 08:09:14: Traceback (most recent call last):
2026-07-10 08:09:14:   File "/home/nisch/Desktop/MediaGrabber/.venv/lib/python3.11/site-packages/telethon/network/mtprotosender.py", line 507, in _recv_loop
2026-07-10 08:09:14:     body = await self._connection.recv()
2026-07-10 08:09:14:            ^^^^^^^^^^^^^^^^^^^^^^^^^^^^^
2026-07-10 08:09:14:   File "/home/nisch/Desktop/MediaGrabber/.venv/lib/python3.11/site-packages/telethon/network/connection/connection.py", line 304, in recv
2026-07-10 08:09:14:     raise err
2026-07-10 08:09:14:   File "/home/nisch/Desktop/MediaGrabber/.venv/lib/python3.11/site-packages/telethon/network/connection/connection.py", line 335, in _recv_loop
2026-07-10 08:09:14:     data = await self._recv()
2026-07-10 08:09:14:            ^^^^^^^^^^^^^^^^^^
2026-07-10 08:09:14:   File "/home/nisch/Desktop/MediaGrabber/.venv/lib/python3.11/site-packages/telethon/network/connection/connection.py", line 374, in _recv
2026-07-10 08:09:14:     return await self._codec.read_packet(self._reader)
2026-07-10 08:09:14:            ^^^^^^^^^^^^^^^^^^^^^^^^^^^^^^^^^^^^^^^^^^^
2026-07-10 08:09:14:   File "/home/nisch/Desktop/MediaGrabber/.venv/lib/python3.11/site-packages/telethon/network/connection/tcpfull.py", line 25, in read_packet
2026-07-10 08:09:14:     packet_len_seq = await reader.readexactly(8)  # 4 and 4
2026-07-10 08:09:14:                      ^^^^^^^^^^^^^^^^^^^^^^^^^^^
2026-07-10 08:09:14:   File "/usr/lib/python3.11/asyncio/streams.py", line 728, in readexactly
2026-07-10 08:09:14:     await self._wait_for_data('readexactly')
2026-07-10 08:09:14:   File "/usr/lib/python3.11/asyncio/streams.py", line 508, in _wait_for_data
2026-07-10 08:09:14:     raise RuntimeError(
2026-07-10 08:09:14: RuntimeError: readexactly() called while another coroutine is already waiting for incoming data
2026-07-10 08:09:14: Server closed the connection: 0 bytes read on a total of 8 expected bytes
2026-07-10 08:09:14: Security error while unpacking a received message: Server replied with a wrong session ID (see FAQ for details)
2026-07-10 08:09:14: Security error while unpacking a received message: Server replied with a wrong session ID (see FAQ for details)
2026-07-10 08:09:14: Unexpected exception in the receive loop
2026-07-10 08:09:14: Traceback (most recent call last):
2026-07-10 08:09:14:   File "/home/nisch/Desktop/MediaGrabber/.venv/lib/python3.11/site-packages/telethon/network/connection/connection.py", line 335, in _recv_loop
2026-07-10 08:09:14:     data = await self._recv()
2026-07-10 08:09:14:            ^^^^^^^^^^^^^^^^^^
2026-07-10 08:09:14:   File "/home/nisch/Desktop/MediaGrabber/.venv/lib/python3.11/site-packages/telethon/network/connection/connection.py", line 374, in _recv
2026-07-10 08:09:14:     return await self._codec.read_packet(self._reader)
2026-07-10 08:09:14:            ^^^^^^^^^^^^^^^^^^^^^^^^^^^^^^^^^^^^^^^^^^^
2026-07-10 08:09:14:   File "/home/nisch/Desktop/MediaGrabber/.venv/lib/python3.11/site-packages/telethon/network/connection/tcpfull.py", line 25, in read_packet
2026-07-10 08:09:14:     packet_len_seq = await reader.readexactly(8)  # 4 and 4
2026-07-10 08:09:14:                      ^^^^^^^^^^^^^^^^^^^^^^^^^^^
2026-07-10 08:09:14:   File "/usr/lib/python3.11/asyncio/streams.py", line 728, in readexactly
2026-07-10 08:09:14:     await self._wait_for_data('readexactly')
2026-07-10 08:09:14:   File "/usr/lib/python3.11/asyncio/streams.py", line 508, in _wait_for_data
2026-07-10 08:09:14:     raise RuntimeError(
2026-07-10 08:09:14: RuntimeError: readexactly() called while another coroutine is already waiting for incoming data
2026-07-10 08:09:14: Security error while unpacking a received message: Server replied with a wrong session ID (see FAQ for details)
2026-07-10 08:09:14: Unhandled error while receiving data
2026-07-10 08:09:14: Traceback (most recent call last):
2026-07-10 08:09:14:   File "/home/nisch/Desktop/MediaGrabber/.venv/lib/python3.11/site-packages/telethon/network/mtprotosender.py", line 507, in _recv_loop
2026-07-10 08:09:14:     body = await self._connection.recv()
2026-07-10 08:09:14:            ^^^^^^^^^^^^^^^^^^^^^^^^^^^^^
2026-07-10 08:09:14:   File "/home/nisch/Desktop/MediaGrabber/.venv/lib/python3.11/site-packages/telethon/network/connection/connection.py", line 304, in recv
2026-07-10 08:09:14:     raise err
2026-07-10 08:09:14:   File "/home/nisch/Desktop/MediaGrabber/.venv/lib/python3.11/site-packages/telethon/network/connection/connection.py", line 335, in _recv_loop
2026-07-10 08:09:14:     data = await self._recv()
2026-07-10 08:09:14:            ^^^^^^^^^^^^^^^^^^
2026-07-10 08:09:14:   File "/home/nisch/Desktop/MediaGrabber/.venv/lib/python3.11/site-packages/telethon/network/connection/connection.py", line 374, in _recv
2026-07-10 08:09:14:     return await self._codec.read_packet(self._reader)
2026-07-10 08:09:14:            ^^^^^^^^^^^^^^^^^^^^^^^^^^^^^^^^^^^^^^^^^^^
2026-07-10 08:09:14:   File "/home/nisch/Desktop/MediaGrabber/.venv/lib/python3.11/site-packages/telethon/network/connection/tcpfull.py", line 25, in read_packet
2026-07-10 08:09:14:     packet_len_seq = await reader.readexactly(8)  # 4 and 4
2026-07-10 08:09:14:                      ^^^^^^^^^^^^^^^^^^^^^^^^^^^
2026-07-10 08:09:14:   File "/usr/lib/python3.11/asyncio/streams.py", line 728, in readexactly
2026-07-10 08:09:14:     await self._wait_for_data('readexactly')
2026-07-10 08:09:14:   File "/usr/lib/python3.11/asyncio/streams.py", line 508, in _wait_for_data
2026-07-10 08:09:14:     raise RuntimeError(
2026-07-10 08:09:14: RuntimeError: readexactly() called while another coroutine is already waiting for incoming data
2026-07-10 08:09:14: Server closed the connection: 0 bytes read on a total of 8 expected bytes
2026-07-10 08:09:14: Security error while unpacking a received message: Server replied with a wrong session ID (see FAQ for details)
2026-07-10 08:09:14: Security error while unpacking a received message: Server replied with a wrong session ID (see FAQ for details)
2026-07-10 08:09:14: Unexpected exception in the receive loop
2026-07-10 08:09:14: Traceback (most recent call last):
2026-07-10 08:09:14:   File "/home/nisch/Desktop/MediaGrabber/.venv/lib/python3.11/site-packages/telethon/network/connection/connection.py", line 335, in _recv_loop
2026-07-10 08:09:14:     data = await self._recv()
2026-07-10 08:09:14:            ^^^^^^^^^^^^^^^^^^
2026-07-10 08:09:14:   File "/home/nisch/Desktop/MediaGrabber/.venv/lib/python3.11/site-packages/telethon/network/connection/connection.py", line 374, in _recv
2026-07-10 08:09:14:     return await self._codec.read_packet(self._reader)
2026-07-10 08:09:14:            ^^^^^^^^^^^^^^^^^^^^^^^^^^^^^^^^^^^^^^^^^^^
2026-07-10 08:09:14:   File "/home/nisch/Desktop/MediaGrabber/.venv/lib/python3.11/site-packages/telethon/network/connection/tcpfull.py", line 25, in read_packet
2026-07-10 08:09:14:     packet_len_seq = await reader.readexactly(8)  # 4 and 4
2026-07-10 08:09:14:                      ^^^^^^^^^^^^^^^^^^^^^^^^^^^
2026-07-10 08:09:14:   File "/usr/lib/python3.11/asyncio/streams.py", line 728, in readexactly
2026-07-10 08:09:14:     await self._wait_for_data('readexactly')
2026-07-10 08:09:14:   File "/usr/lib/python3.11/asyncio/streams.py", line 508, in _wait_for_data
2026-07-10 08:09:14:     raise RuntimeError(
2026-07-10 08:09:14: RuntimeError: readexactly() called while another coroutine is already waiting for incoming data
2026-07-10 08:09:14: Security error while unpacking a received message: Server replied with a wrong session ID (see FAQ for details)
2026-07-10 08:09:14: Unhandled error while receiving data
2026-07-10 08:09:14: Traceback (most recent call last):
2026-07-10 08:09:14:   File "/home/nisch/Desktop/MediaGrabber/.venv/lib/python3.11/site-packages/telethon/network/mtprotosender.py", line 507, in _recv_loop
2026-07-10 08:09:14:     body = await self._connection.recv()
2026-07-10 08:09:14:            ^^^^^^^^^^^^^^^^^^^^^^^^^^^^^
2026-07-10 08:09:14:   File "/home/nisch/Desktop/MediaGrabber/.venv/lib/python3.11/site-packages/telethon/network/connection/connection.py", line 304, in recv
2026-07-10 08:09:14:     raise err
2026-07-10 08:09:14:   File "/home/nisch/Desktop/MediaGrabber/.venv/lib/python3.11/site-packages/telethon/network/connection/connection.py", line 335, in _recv_loop
2026-07-10 08:09:14:     data = await self._recv()
2026-07-10 08:09:14:            ^^^^^^^^^^^^^^^^^^
2026-07-10 08:09:14:   File "/home/nisch/Desktop/MediaGrabber/.venv/lib/python3.11/site-packages/telethon/network/connection/connection.py", line 374, in _recv
2026-07-10 08:09:14:     return await self._codec.read_packet(self._reader)
2026-07-10 08:09:14:            ^^^^^^^^^^^^^^^^^^^^^^^^^^^^^^^^^^^^^^^^^^^
2026-07-10 08:09:14:   File "/home/nisch/Desktop/MediaGrabber/.venv/lib/python3.11/site-packages/telethon/network/connection/tcpfull.py", line 25, in read_packet
2026-07-10 08:09:14:     packet_len_seq = await reader.readexactly(8)  # 4 and 4
2026-07-10 08:09:14:                      ^^^^^^^^^^^^^^^^^^^^^^^^^^^
2026-07-10 08:09:14:   File "/usr/lib/python3.11/asyncio/streams.py", line 728, in readexactly
2026-07-10 08:09:14:     await self._wait_for_data('readexactly')
2026-07-10 08:09:14:   File "/usr/lib/python3.11/asyncio/streams.py", line 508, in _wait_for_data
2026-07-10 08:09:14:     raise RuntimeError(
2026-07-10 08:09:14: RuntimeError: readexactly() called while another coroutine is already waiting for incoming data
2026-07-10 08:09:14: Server closed the connection: 0 bytes read on a total of 8 expected bytes
2026-07-10 08:09:15: Security error while unpacking a received message: Server replied with a wrong session ID (see FAQ for details)
2026-07-10 08:09:15: Security error while unpacking a received message: Server replied with a wrong session ID (see FAQ for details)
2026-07-10 08:09:15: Security error while unpacking a received message: Server replied with a wrong session ID (see FAQ for details)
2026-07-11 08:07:16: Server closed the connection: 0 bytes read on a total of 8 expected bytes
2026-07-12 10:42:43: Traceback (most recent call last):
2026-07-12 10:42:43:   File "/home/nisch/Desktop/MediaGrabber/daily_bns_sync.py", line 33, in <module>
2026-07-12 10:42:43:     from telethon import TelegramClient, errors, types, utils as tutils  # type: ignore
2026-07-12 10:42:43:     ^^^^^^^^^^^^^^^^^^^^^^^^^^^^^^^^^^^^^^^^^^^^^^^^^^^^^^^^^^^^^^^^^^^
2026-07-12 10:42:43:   File "/home/nisch/Desktop/MediaGrabber/.venv/lib/python3.11/site-packages/telethon/__init__.py", line 1, in <module>
2026-07-12 10:42:43:     from .client.telegramclient import TelegramClient
2026-07-12 10:42:43:   File "/home/nisch/Desktop/MediaGrabber/.venv/lib/python3.11/site-packages/telethon/client/__init__.py", line 12, in <module>
2026-07-12 10:42:43:     from .telegrambaseclient import TelegramBaseClient
2026-07-12 10:42:43:   File "/home/nisch/Desktop/MediaGrabber/.venv/lib/python3.11/site-packages/telethon/client/telegrambaseclient.py", line 13, in <module>
2026-07-12 10:42:43:     from ..crypto import rsa
2026-07-12 10:42:43:   File "/home/nisch/Desktop/MediaGrabber/.venv/lib/python3.11/site-packages/telethon/crypto/__init__.py", line 8, in <module>
2026-07-12 10:42:43:     from .authkey import AuthKey
2026-07-12 10:42:43:   File "/home/nisch/Desktop/MediaGrabber/.venv/lib/python3.11/site-packages/telethon/crypto/authkey.py", line 7, in <module>
2026-07-12 10:42:43:     from ..extensions import BinaryReader
2026-07-12 10:42:43:   File "/home/nisch/Desktop/MediaGrabber/.venv/lib/python3.11/site-packages/telethon/extensions/__init__.py", line 6, in <module>
2026-07-12 10:42:43:     from .binaryreader import BinaryReader
2026-07-12 10:42:43:   File "/home/nisch/Desktop/MediaGrabber/.venv/lib/python3.11/site-packages/telethon/extensions/binaryreader.py", line 10, in <module>
2026-07-12 10:42:43:     from ..errors import TypeNotFoundError
2026-07-12 10:42:43:   File "/home/nisch/Desktop/MediaGrabber/.venv/lib/python3.11/site-packages/telethon/errors/__init__.py", line 15, in <module>
2026-07-12 10:42:43:     from .rpcerrorlist import *
2026-07-12 10:42:43:   File "/home/nisch/Desktop/MediaGrabber/.venv/lib/python3.11/site-packages/telethon/errors/rpcerrorlist.py", line 4457, in <module>
2026-07-12 10:42:43:     class UserDeactivatedBanError(UnauthorizedError):
2026-07-12 10:42:43: KeyboardInterrupt
2026-07-12 10:50:05: Server closed the connection: 0 bytes read on a total of 8 expected bytes
2026-07-13 08:08:35: Server closed the connection: 0 bytes read on a total of 8 expected bytes
2026-07-14 08:07:06: Server closed the connection: 0 bytes read on a total of 8 expected bytes
2026-07-15 08:08:37: Server closed the connection: 0 bytes read on a total of 8 expected bytes
2026-07-15 08:08:37: Unexpected exception in the receive loop
2026-07-15 08:08:37: Traceback (most recent call last):
2026-07-15 08:08:37:   File "/home/nisch/Desktop/MediaGrabber/.venv/lib/python3.11/site-packages/telethon/network/connection/connection.py", line 335, in _recv_loop
2026-07-15 08:08:37:     data = await self._recv()
2026-07-15 08:08:37:            ^^^^^^^^^^^^^^^^^^
2026-07-15 08:08:37:   File "/home/nisch/Desktop/MediaGrabber/.venv/lib/python3.11/site-packages/telethon/network/connection/connection.py", line 374, in _recv
2026-07-15 08:08:37:     return await self._codec.read_packet(self._reader)
2026-07-15 08:08:37:            ^^^^^^^^^^^^^^^^^^^^^^^^^^^^^^^^^^^^^^^^^^^
2026-07-15 08:08:37:   File "/home/nisch/Desktop/MediaGrabber/.venv/lib/python3.11/site-packages/telethon/network/connection/tcpfull.py", line 25, in read_packet
2026-07-15 08:08:37:     packet_len_seq = await reader.readexactly(8)  # 4 and 4
2026-07-15 08:08:37:                      ^^^^^^^^^^^^^^^^^^^^^^^^^^^
2026-07-15 08:08:37:   File "/usr/lib/python3.11/asyncio/streams.py", line 728, in readexactly
2026-07-15 08:08:37:     await self._wait_for_data('readexactly')
2026-07-15 08:08:37:   File "/usr/lib/python3.11/asyncio/streams.py", line 508, in _wait_for_data
2026-07-15 08:08:37:     raise RuntimeError(
2026-07-15 08:08:37: RuntimeError: readexactly() called while another coroutine is already waiting for incoming data
2026-07-15 08:08:37: Unhandled error while receiving data
2026-07-15 08:08:37: Traceback (most recent call last):
2026-07-15 08:08:37:   File "/home/nisch/Desktop/MediaGrabber/.venv/lib/python3.11/site-packages/telethon/network/mtprotosender.py", line 507, in _recv_loop
2026-07-15 08:08:37:     body = await self._connection.recv()
2026-07-15 08:08:37:            ^^^^^^^^^^^^^^^^^^^^^^^^^^^^^
2026-07-15 08:08:37:   File "/home/nisch/Desktop/MediaGrabber/.venv/lib/python3.11/site-packages/telethon/network/connection/connection.py", line 304, in recv
2026-07-15 08:08:37:     raise err
2026-07-15 08:08:37:   File "/home/nisch/Desktop/MediaGrabber/.venv/lib/python3.11/site-packages/telethon/network/connection/connection.py", line 335, in _recv_loop
2026-07-15 08:08:37:     data = await self._recv()
2026-07-15 08:08:37:            ^^^^^^^^^^^^^^^^^^
2026-07-15 08:08:37:   File "/home/nisch/Desktop/MediaGrabber/.venv/lib/python3.11/site-packages/telethon/network/connection/connection.py", line 374, in _recv
2026-07-15 08:08:37:     return await self._codec.read_packet(self._reader)
2026-07-15 08:08:37:            ^^^^^^^^^^^^^^^^^^^^^^^^^^^^^^^^^^^^^^^^^^^
2026-07-15 08:08:37:   File "/home/nisch/Desktop/MediaGrabber/.venv/lib/python3.11/site-packages/telethon/network/connection/tcpfull.py", line 25, in read_packet
2026-07-15 08:08:37:     packet_len_seq = await reader.readexactly(8)  # 4 and 4
2026-07-15 08:08:37:                      ^^^^^^^^^^^^^^^^^^^^^^^^^^^
2026-07-15 08:08:37:   File "/usr/lib/python3.11/asyncio/streams.py", line 728, in readexactly
2026-07-15 08:08:37:     await self._wait_for_data('readexactly')
2026-07-15 08:08:37:   File "/usr/lib/python3.11/asyncio/streams.py", line 508, in _wait_for_data
2026-07-15 08:08:37:     raise RuntimeError(
2026-07-15 08:08:37: RuntimeError: readexactly() called while another coroutine is already waiting for incoming data
2026-07-15 08:08:37: Security error while unpacking a received message: Server replied with a wrong session ID (see FAQ for details)
2026-07-15 08:08:37: Unexpected exception in the receive loop
2026-07-15 08:08:37: Traceback (most recent call last):
2026-07-15 08:08:37:   File "/home/nisch/Desktop/MediaGrabber/.venv/lib/python3.11/site-packages/telethon/network/connection/connection.py", line 335, in _recv_loop
2026-07-15 08:08:37:     data = await self._recv()
2026-07-15 08:08:37:            ^^^^^^^^^^^^^^^^^^
2026-07-15 08:08:37:   File "/home/nisch/Desktop/MediaGrabber/.venv/lib/python3.11/site-packages/telethon/network/connection/connection.py", line 374, in _recv
2026-07-15 08:08:37:     return await self._codec.read_packet(self._reader)
2026-07-15 08:08:37:            ^^^^^^^^^^^^^^^^^^^^^^^^^^^^^^^^^^^^^^^^^^^
2026-07-15 08:08:37:   File "/home/nisch/Desktop/MediaGrabber/.venv/lib/python3.11/site-packages/telethon/network/connection/tcpfull.py", line 25, in read_packet
2026-07-15 08:08:37:     packet_len_seq = await reader.readexactly(8)  # 4 and 4
2026-07-15 08:08:37:                      ^^^^^^^^^^^^^^^^^^^^^^^^^^^
2026-07-15 08:08:37:   File "/usr/lib/python3.11/asyncio/streams.py", line 728, in readexactly
2026-07-15 08:08:37:     await self._wait_for_data('readexactly')
2026-07-15 08:08:37:   File "/usr/lib/python3.11/asyncio/streams.py", line 508, in _wait_for_data
2026-07-15 08:08:37:     raise RuntimeError(
2026-07-15 08:08:37: RuntimeError: readexactly() called while another coroutine is already waiting for incoming data
2026-07-15 08:08:37: Security error while unpacking a received message: Server replied with a wrong session ID (see FAQ for details)
2026-07-15 08:08:37: Unhandled error while receiving data
2026-07-15 08:08:37: Traceback (most recent call last):
2026-07-15 08:08:37:   File "/home/nisch/Desktop/MediaGrabber/.venv/lib/python3.11/site-packages/telethon/network/mtprotosender.py", line 507, in _recv_loop
2026-07-15 08:08:37:     body = await self._connection.recv()
2026-07-15 08:08:37:            ^^^^^^^^^^^^^^^^^^^^^^^^^^^^^
2026-07-15 08:08:37:   File "/home/nisch/Desktop/MediaGrabber/.venv/lib/python3.11/site-packages/telethon/network/connection/connection.py", line 304, in recv
2026-07-15 08:08:37:     raise err
2026-07-15 08:08:37:   File "/home/nisch/Desktop/MediaGrabber/.venv/lib/python3.11/site-packages/telethon/network/connection/connection.py", line 335, in _recv_loop
2026-07-15 08:08:37:     data = await self._recv()
2026-07-15 08:08:37:            ^^^^^^^^^^^^^^^^^^
2026-07-15 08:08:37:   File "/home/nisch/Desktop/MediaGrabber/.venv/lib/python3.11/site-packages/telethon/network/connection/connection.py", line 374, in _recv
2026-07-15 08:08:37:     return await self._codec.read_packet(self._reader)
2026-07-15 08:08:37:            ^^^^^^^^^^^^^^^^^^^^^^^^^^^^^^^^^^^^^^^^^^^
2026-07-15 08:08:37:   File "/home/nisch/Desktop/MediaGrabber/.venv/lib/python3.11/site-packages/telethon/network/connection/tcpfull.py", line 25, in read_packet
2026-07-15 08:08:37:     packet_len_seq = await reader.readexactly(8)  # 4 and 4
2026-07-15 08:08:37:                      ^^^^^^^^^^^^^^^^^^^^^^^^^^^
2026-07-15 08:08:37:   File "/usr/lib/python3.11/asyncio/streams.py", line 728, in readexactly
2026-07-15 08:08:37:     await self._wait_for_data('readexactly')
2026-07-15 08:08:37:   File "/usr/lib/python3.11/asyncio/streams.py", line 508, in _wait_for_data
2026-07-15 08:08:37:     raise RuntimeError(
2026-07-15 08:08:37: RuntimeError: readexactly() called while another coroutine is already waiting for incoming data
2026-07-15 08:08:37: Server closed the connection: 0 bytes read on a total of 8 expected bytes
2026-07-15 08:08:37: Security error while unpacking a received message: Server replied with a wrong session ID (see FAQ for details)
2026-07-16 08:06:07: Server closed the connection: 0 bytes read on a total of 8 expected bytes
2026-07-18 08:06:34: Server closed the connection: 0 bytes read on a total of 8 expected bytes
2026-07-18 08:14:25: Server closed the connection: 0 bytes read on a total of 8 expected bytes
2026-07-19 08:07:17: Server closed the connection: 0 bytes read on a total of 8 expected bytes
2026-07-19 08:07:17: Unexpected exception in the receive loop
2026-07-19 08:07:17: Traceback (most recent call last):
2026-07-19 08:07:17:   File "/home/nisch/Desktop/MediaGrabber/.venv/lib/python3.11/site-packages/telethon/network/connection/connection.py", line 335, in _recv_loop
2026-07-19 08:07:17:     data = await self._recv()
2026-07-19 08:07:17:            ^^^^^^^^^^^^^^^^^^
2026-07-19 08:07:17:   File "/home/nisch/Desktop/MediaGrabber/.venv/lib/python3.11/site-packages/telethon/network/connection/connection.py", line 374, in _recv
2026-07-19 08:07:17:     return await self._codec.read_packet(self._reader)
2026-07-19 08:07:17:            ^^^^^^^^^^^^^^^^^^^^^^^^^^^^^^^^^^^^^^^^^^^
2026-07-19 08:07:17:   File "/home/nisch/Desktop/MediaGrabber/.venv/lib/python3.11/site-packages/telethon/network/connection/tcpfull.py", line 25, in read_packet
2026-07-19 08:07:17:     packet_len_seq = await reader.readexactly(8)  # 4 and 4
2026-07-19 08:07:17:                      ^^^^^^^^^^^^^^^^^^^^^^^^^^^
2026-07-19 08:07:17:   File "/usr/lib/python3.11/asyncio/streams.py", line 728, in readexactly
2026-07-19 08:07:17:     await self._wait_for_data('readexactly')
2026-07-19 08:07:17:   File "/usr/lib/python3.11/asyncio/streams.py", line 508, in _wait_for_data
2026-07-19 08:07:17:     raise RuntimeError(
2026-07-19 08:07:17: RuntimeError: readexactly() called while another coroutine is already waiting for incoming data
2026-07-19 08:07:17: Unhandled error while receiving data
2026-07-19 08:07:17: Traceback (most recent call last):
2026-07-19 08:07:17:   File "/home/nisch/Desktop/MediaGrabber/.venv/lib/python3.11/site-packages/telethon/network/mtprotosender.py", line 507, in _recv_loop
2026-07-19 08:07:17:     body = await self._connection.recv()
2026-07-19 08:07:17:            ^^^^^^^^^^^^^^^^^^^^^^^^^^^^^
2026-07-19 08:07:17:   File "/home/nisch/Desktop/MediaGrabber/.venv/lib/python3.11/site-packages/telethon/network/connection/connection.py", line 304, in recv
2026-07-19 08:07:17:     raise err
2026-07-19 08:07:17:   File "/home/nisch/Desktop/MediaGrabber/.venv/lib/python3.11/site-packages/telethon/network/connection/connection.py", line 335, in _recv_loop
2026-07-19 08:07:17:     data = await self._recv()
2026-07-19 08:07:17:            ^^^^^^^^^^^^^^^^^^
2026-07-19 08:07:17:   File "/home/nisch/Desktop/MediaGrabber/.venv/lib/python3.11/site-packages/telethon/network/connection/connection.py", line 374, in _recv
2026-07-19 08:07:17:     return await self._codec.read_packet(self._reader)
2026-07-19 08:07:17:            ^^^^^^^^^^^^^^^^^^^^^^^^^^^^^^^^^^^^^^^^^^^
2026-07-19 08:07:17:   File "/home/nisch/Desktop/MediaGrabber/.venv/lib/python3.11/site-packages/telethon/network/connection/tcpfull.py", line 25, in read_packet
2026-07-19 08:07:17:     packet_len_seq = await reader.readexactly(8)  # 4 and 4
2026-07-19 08:07:17:                      ^^^^^^^^^^^^^^^^^^^^^^^^^^^
2026-07-19 08:07:17:   File "/usr/lib/python3.11/asyncio/streams.py", line 728, in readexactly
2026-07-19 08:07:17:     await self._wait_for_data('readexactly')
2026-07-19 08:07:17:   File "/usr/lib/python3.11/asyncio/streams.py", line 508, in _wait_for_data
2026-07-19 08:07:17:     raise RuntimeError(
2026-07-19 08:07:17: RuntimeError: readexactly() called while another coroutine is already waiting for incoming data
2026-07-19 08:07:17: Security error while unpacking a received message: Server replied with a wrong session ID (see FAQ for details)
2026-07-19 08:07:17: Unexpected exception in the receive loop
2026-07-19 08:07:17: Traceback (most recent call last):
2026-07-19 08:07:17:   File "/home/nisch/Desktop/MediaGrabber/.venv/lib/python3.11/site-packages/telethon/network/connection/connection.py", line 335, in _recv_loop
2026-07-19 08:07:17:     data = await self._recv()
2026-07-19 08:07:17:            ^^^^^^^^^^^^^^^^^^
2026-07-19 08:07:17:   File "/home/nisch/Desktop/MediaGrabber/.venv/lib/python3.11/site-packages/telethon/network/connection/connection.py", line 374, in _recv
2026-07-19 08:07:17:     return await self._codec.read_packet(self._reader)
2026-07-19 08:07:17:            ^^^^^^^^^^^^^^^^^^^^^^^^^^^^^^^^^^^^^^^^^^^
2026-07-19 08:07:17:   File "/home/nisch/Desktop/MediaGrabber/.venv/lib/python3.11/site-packages/telethon/network/connection/tcpfull.py", line 25, in read_packet
2026-07-19 08:07:17:     packet_len_seq = await reader.readexactly(8)  # 4 and 4
2026-07-19 08:07:17:                      ^^^^^^^^^^^^^^^^^^^^^^^^^^^
2026-07-19 08:07:17:   File "/usr/lib/python3.11/asyncio/streams.py", line 728, in readexactly
2026-07-19 08:07:17:     await self._wait_for_data('readexactly')
2026-07-19 08:07:17:   File "/usr/lib/python3.11/asyncio/streams.py", line 508, in _wait_for_data
2026-07-19 08:07:17:     raise RuntimeError(
2026-07-19 08:07:17: RuntimeError: readexactly() called while another coroutine is already waiting for incoming data
2026-07-19 08:07:17: Security error while unpacking a received message: Server replied with a wrong session ID (see FAQ for details)
2026-07-19 08:07:17: Unhandled error while receiving data
2026-07-19 08:07:17: Traceback (most recent call last):
2026-07-19 08:07:17:   File "/home/nisch/Desktop/MediaGrabber/.venv/lib/python3.11/site-packages/telethon/network/mtprotosender.py", line 507, in _recv_loop
2026-07-19 08:07:17:     body = await self._connection.recv()
2026-07-19 08:07:17:            ^^^^^^^^^^^^^^^^^^^^^^^^^^^^^
2026-07-19 08:07:17:   File "/home/nisch/Desktop/MediaGrabber/.venv/lib/python3.11/site-packages/telethon/network/connection/connection.py", line 304, in recv
2026-07-19 08:07:17:     raise err
2026-07-19 08:07:17:   File "/home/nisch/Desktop/MediaGrabber/.venv/lib/python3.11/site-packages/telethon/network/connection/connection.py", line 335, in _recv_loop
2026-07-19 08:07:17:     data = await self._recv()
2026-07-19 08:07:17:            ^^^^^^^^^^^^^^^^^^
2026-07-19 08:07:17:   File "/home/nisch/Desktop/MediaGrabber/.venv/lib/python3.11/site-packages/telethon/network/connection/connection.py", line 374, in _recv
2026-07-19 08:07:17:     return await self._codec.read_packet(self._reader)
2026-07-19 08:07:17:            ^^^^^^^^^^^^^^^^^^^^^^^^^^^^^^^^^^^^^^^^^^^
2026-07-19 08:07:17:   File "/home/nisch/Desktop/MediaGrabber/.venv/lib/python3.11/site-packages/telethon/network/connection/tcpfull.py", line 25, in read_packet
2026-07-19 08:07:17:     packet_len_seq = await reader.readexactly(8)  # 4 and 4
2026-07-19 08:07:17:                      ^^^^^^^^^^^^^^^^^^^^^^^^^^^
2026-07-19 08:07:17:   File "/usr/lib/python3.11/asyncio/streams.py", line 728, in readexactly
2026-07-19 08:07:17:     await self._wait_for_data('readexactly')
2026-07-19 08:07:17:   File "/usr/lib/python3.11/asyncio/streams.py", line 508, in _wait_for_data
2026-07-19 08:07:17:     raise RuntimeError(
2026-07-19 08:07:17: RuntimeError: readexactly() called while another coroutine is already waiting for incoming data
2026-07-19 08:07:17: Server closed the connection: 0 bytes read on a total of 8 expected bytes
2026-07-19 08:07:18: Security error while unpacking a received message: Server replied with a wrong session ID (see FAQ for details)
2026-07-19 08:07:18: Security error while unpacking a received message: Server replied with a wrong session ID (see FAQ for details)
2026-07-19 08:07:18: Unexpected exception in the receive loop
2026-07-19 08:07:18: Traceback (most recent call last):
2026-07-19 08:07:18:   File "/home/nisch/Desktop/MediaGrabber/.venv/lib/python3.11/site-packages/telethon/network/connection/connection.py", line 335, in _recv_loop
2026-07-19 08:07:18:     data = await self._recv()
2026-07-19 08:07:18:            ^^^^^^^^^^^^^^^^^^
2026-07-19 08:07:18:   File "/home/nisch/Desktop/MediaGrabber/.venv/lib/python3.11/site-packages/telethon/network/connection/connection.py", line 374, in _recv
2026-07-19 08:07:18:     return await self._codec.read_packet(self._reader)
2026-07-19 08:07:18:            ^^^^^^^^^^^^^^^^^^^^^^^^^^^^^^^^^^^^^^^^^^^
2026-07-19 08:07:18:   File "/home/nisch/Desktop/MediaGrabber/.venv/lib/python3.11/site-packages/telethon/network/connection/tcpfull.py", line 25, in read_packet
2026-07-19 08:07:18:     packet_len_seq = await reader.readexactly(8)  # 4 and 4
2026-07-19 08:07:18:                      ^^^^^^^^^^^^^^^^^^^^^^^^^^^
2026-07-19 08:07:18:   File "/usr/lib/python3.11/asyncio/streams.py", line 728, in readexactly
2026-07-19 08:07:18:     await self._wait_for_data('readexactly')
2026-07-19 08:07:18:   File "/usr/lib/python3.11/asyncio/streams.py", line 508, in _wait_for_data
2026-07-19 08:07:18:     raise RuntimeError(
2026-07-19 08:07:18: RuntimeError: readexactly() called while another coroutine is already waiting for incoming data
2026-07-19 08:07:18: Security error while unpacking a received message: Server replied with a wrong session ID (see FAQ for details)
2026-07-19 08:07:18: Unhandled error while receiving data
2026-07-19 08:07:18: Traceback (most recent call last):
2026-07-19 08:07:18:   File "/home/nisch/Desktop/MediaGrabber/.venv/lib/python3.11/site-packages/telethon/network/mtprotosender.py", line 507, in _recv_loop
2026-07-19 08:07:18:     body = await self._connection.recv()
2026-07-19 08:07:18:            ^^^^^^^^^^^^^^^^^^^^^^^^^^^^^
2026-07-19 08:07:18:   File "/home/nisch/Desktop/MediaGrabber/.venv/lib/python3.11/site-packages/telethon/network/connection/connection.py", line 304, in recv
2026-07-19 08:07:18:     raise err
2026-07-19 08:07:18:   File "/home/nisch/Desktop/MediaGrabber/.venv/lib/python3.11/site-packages/telethon/network/connection/connection.py", line 335, in _recv_loop
2026-07-19 08:07:18:     data = await self._recv()
2026-07-19 08:07:18:            ^^^^^^^^^^^^^^^^^^
2026-07-19 08:07:18:   File "/home/nisch/Desktop/MediaGrabber/.venv/lib/python3.11/site-packages/telethon/network/connection/connection.py", line 374, in _recv
2026-07-19 08:07:18:     return await self._codec.read_packet(self._reader)
2026-07-19 08:07:18:            ^^^^^^^^^^^^^^^^^^^^^^^^^^^^^^^^^^^^^^^^^^^
2026-07-19 08:07:18:   File "/home/nisch/Desktop/MediaGrabber/.venv/lib/python3.11/site-packages/telethon/network/connection/tcpfull.py", line 25, in read_packet
2026-07-19 08:07:18:     packet_len_seq = await reader.readexactly(8)  # 4 and 4
2026-07-19 08:07:18:                      ^^^^^^^^^^^^^^^^^^^^^^^^^^^
2026-07-19 08:07:18:   File "/usr/lib/python3.11/asyncio/streams.py", line 728, in readexactly
2026-07-19 08:07:18:     await self._wait_for_data('readexactly')
2026-07-19 08:07:18:   File "/usr/lib/python3.11/asyncio/streams.py", line 508, in _wait_for_data
2026-07-19 08:07:18:     raise RuntimeError(
2026-07-19 08:07:18: RuntimeError: readexactly() called while another coroutine is already waiting for incoming data
2026-07-19 08:07:18: Server closed the connection: 0 bytes read on a total of 8 expected bytes
2026-07-19 08:07:18: Security error while unpacking a received message: Server replied with a wrong session ID (see FAQ for details)
2026-07-19 08:07:18: Security error while unpacking a received message: Server replied with a wrong session ID (see FAQ for details)
2026-07-19 08:07:18: Unexpected exception in the receive loop
2026-07-19 08:07:18: Traceback (most recent call last):
2026-07-19 08:07:18:   File "/home/nisch/Desktop/MediaGrabber/.venv/lib/python3.11/site-packages/telethon/network/connection/connection.py", line 335, in _recv_loop
2026-07-19 08:07:18:     data = await self._recv()
2026-07-19 08:07:18:            ^^^^^^^^^^^^^^^^^^
2026-07-19 08:07:18:   File "/home/nisch/Desktop/MediaGrabber/.venv/lib/python3.11/site-packages/telethon/network/connection/connection.py", line 374, in _recv
2026-07-19 08:07:18:     return await self._codec.read_packet(self._reader)
2026-07-19 08:07:18:            ^^^^^^^^^^^^^^^^^^^^^^^^^^^^^^^^^^^^^^^^^^^
2026-07-19 08:07:18:   File "/home/nisch/Desktop/MediaGrabber/.venv/lib/python3.11/site-packages/telethon/network/connection/tcpfull.py", line 25, in read_packet
2026-07-19 08:07:18:     packet_len_seq = await reader.readexactly(8)  # 4 and 4
2026-07-19 08:07:18:                      ^^^^^^^^^^^^^^^^^^^^^^^^^^^
2026-07-19 08:07:18:   File "/usr/lib/python3.11/asyncio/streams.py", line 728, in readexactly
2026-07-19 08:07:18:     await self._wait_for_data('readexactly')
2026-07-19 08:07:18:   File "/usr/lib/python3.11/asyncio/streams.py", line 508, in _wait_for_data
2026-07-19 08:07:18:     raise RuntimeError(
2026-07-19 08:07:18: RuntimeError: readexactly() called while another coroutine is already waiting for incoming data
2026-07-19 08:07:18: Security error while unpacking a received message: Server replied with a wrong session ID (see FAQ for details)
2026-07-19 08:07:18: Unhandled error while receiving data
2026-07-19 08:07:18: Traceback (most recent call last):
2026-07-19 08:07:18:   File "/home/nisch/Desktop/MediaGrabber/.venv/lib/python3.11/site-packages/telethon/network/mtprotosender.py", line 507, in _recv_loop
2026-07-19 08:07:18:     body = await self._connection.recv()
2026-07-19 08:07:18:            ^^^^^^^^^^^^^^^^^^^^^^^^^^^^^
2026-07-19 08:07:18:   File "/home/nisch/Desktop/MediaGrabber/.venv/lib/python3.11/site-packages/telethon/network/connection/connection.py", line 304, in recv
2026-07-19 08:07:18:     raise err
2026-07-19 08:07:18:   File "/home/nisch/Desktop/MediaGrabber/.venv/lib/python3.11/site-packages/telethon/network/connection/connection.py", line 335, in _recv_loop
2026-07-19 08:07:18:     data = await self._recv()
2026-07-19 08:07:18:            ^^^^^^^^^^^^^^^^^^
2026-07-19 08:07:18:   File "/home/nisch/Desktop/MediaGrabber/.venv/lib/python3.11/site-packages/telethon/network/connection/connection.py", line 374, in _recv
2026-07-19 08:07:18:     return await self._codec.read_packet(self._reader)
2026-07-19 08:07:18:            ^^^^^^^^^^^^^^^^^^^^^^^^^^^^^^^^^^^^^^^^^^^
2026-07-19 08:07:18:   File "/home/nisch/Desktop/MediaGrabber/.venv/lib/python3.11/site-packages/telethon/network/connection/tcpfull.py", line 25, in read_packet
2026-07-19 08:07:18:     packet_len_seq = await reader.readexactly(8)  # 4 and 4
2026-07-19 08:07:18:                      ^^^^^^^^^^^^^^^^^^^^^^^^^^^
2026-07-19 08:07:18:   File "/usr/lib/python3.11/asyncio/streams.py", line 728, in readexactly
2026-07-19 08:07:18:     await self._wait_for_data('readexactly')
2026-07-19 08:07:18:   File "/usr/lib/python3.11/asyncio/streams.py", line 508, in _wait_for_data
2026-07-19 08:07:18:     raise RuntimeError(
2026-07-19 08:07:18: RuntimeError: readexactly() called while another coroutine is already waiting for incoming data
2026-07-19 08:07:18: Server closed the connection: 0 bytes read on a total of 8 expected bytes
2026-07-19 08:07:18: Security error while unpacking a received message: Server replied with a wrong session ID (see FAQ for details)
2026-07-19 08:07:18: Security error while unpacking a received message: Server replied with a wrong session ID (see FAQ for details)
2026-07-19 08:07:18: Unexpected exception in the receive loop
2026-07-19 08:07:18: Traceback (most recent call last):
2026-07-19 08:07:18:   File "/home/nisch/Desktop/MediaGrabber/.venv/lib/python3.11/site-packages/telethon/network/connection/connection.py", line 335, in _recv_loop
2026-07-19 08:07:18:     data = await self._recv()
2026-07-19 08:07:18:            ^^^^^^^^^^^^^^^^^^
2026-07-19 08:07:18:   File "/home/nisch/Desktop/MediaGrabber/.venv/lib/python3.11/site-packages/telethon/network/connection/connection.py", line 374, in _recv
2026-07-19 08:07:18:     return await self._codec.read_packet(self._reader)
2026-07-19 08:07:18:            ^^^^^^^^^^^^^^^^^^^^^^^^^^^^^^^^^^^^^^^^^^^
2026-07-19 08:07:18:   File "/home/nisch/Desktop/MediaGrabber/.venv/lib/python3.11/site-packages/telethon/network/connection/tcpfull.py", line 25, in read_packet
2026-07-19 08:07:18:     packet_len_seq = await reader.readexactly(8)  # 4 and 4
2026-07-19 08:07:18:                      ^^^^^^^^^^^^^^^^^^^^^^^^^^^
2026-07-19 08:07:18:   File "/usr/lib/python3.11/asyncio/streams.py", line 728, in readexactly
2026-07-19 08:07:18:     await self._wait_for_data('readexactly')
2026-07-19 08:07:18:   File "/usr/lib/python3.11/asyncio/streams.py", line 508, in _wait_for_data
2026-07-19 08:07:18:     raise RuntimeError(
2026-07-19 08:07:18: RuntimeError: readexactly() called while another coroutine is already waiting for incoming data
2026-07-19 08:07:18: Security error while unpacking a received message: Server replied with a wrong session ID (see FAQ for details)
2026-07-19 08:07:18: Unhandled error while receiving data
2026-07-19 08:07:18: Traceback (most recent call last):
2026-07-19 08:07:18:   File "/home/nisch/Desktop/MediaGrabber/.venv/lib/python3.11/site-packages/telethon/network/mtprotosender.py", line 507, in _recv_loop
2026-07-19 08:07:18:     body = await self._connection.recv()
2026-07-19 08:07:18:            ^^^^^^^^^^^^^^^^^^^^^^^^^^^^^
2026-07-19 08:07:18:   File "/home/nisch/Desktop/MediaGrabber/.venv/lib/python3.11/site-packages/telethon/network/connection/connection.py", line 304, in recv
2026-07-19 08:07:18:     raise err
2026-07-19 08:07:18:   File "/home/nisch/Desktop/MediaGrabber/.venv/lib/python3.11/site-packages/telethon/network/connection/connection.py", line 335, in _recv_loop
2026-07-19 08:07:18:     data = await self._recv()
2026-07-19 08:07:18:            ^^^^^^^^^^^^^^^^^^
2026-07-19 08:07:18:   File "/home/nisch/Desktop/MediaGrabber/.venv/lib/python3.11/site-packages/telethon/network/connection/connection.py", line 374, in _recv
2026-07-19 08:07:18:     return await self._codec.read_packet(self._reader)
2026-07-19 08:07:18:            ^^^^^^^^^^^^^^^^^^^^^^^^^^^^^^^^^^^^^^^^^^^
2026-07-19 08:07:18:   File "/home/nisch/Desktop/MediaGrabber/.venv/lib/python3.11/site-packages/telethon/network/connection/tcpfull.py", line 25, in read_packet
2026-07-19 08:07:18:     packet_len_seq = await reader.readexactly(8)  # 4 and 4
2026-07-19 08:07:18:                      ^^^^^^^^^^^^^^^^^^^^^^^^^^^
2026-07-19 08:07:18:   File "/usr/lib/python3.11/asyncio/streams.py", line 728, in readexactly
2026-07-19 08:07:18:     await self._wait_for_data('readexactly')
2026-07-19 08:07:18:   File "/usr/lib/python3.11/asyncio/streams.py", line 508, in _wait_for_data
2026-07-19 08:07:18:     raise RuntimeError(
2026-07-19 08:07:18: RuntimeError: readexactly() called while another coroutine is already waiting for incoming data
2026-07-19 08:07:18: Server closed the connection: 0 bytes read on a total of 8 expected bytes
2026-07-19 08:07:18: Security error while unpacking a received message: Server replied with a wrong session ID (see FAQ for details)
2026-07-19 08:07:18: Security error while unpacking a received message: Server replied with a wrong session ID (see FAQ for details)
2026-07-19 08:07:18: Unexpected exception in the receive loop
2026-07-19 08:07:18: Traceback (most recent call last):
2026-07-19 08:07:18:   File "/home/nisch/Desktop/MediaGrabber/.venv/lib/python3.11/site-packages/telethon/network/connection/connection.py", line 335, in _recv_loop
2026-07-19 08:07:18:     data = await self._recv()
2026-07-19 08:07:18:            ^^^^^^^^^^^^^^^^^^
2026-07-19 08:07:18:   File "/home/nisch/Desktop/MediaGrabber/.venv/lib/python3.11/site-packages/telethon/network/connection/connection.py", line 374, in _recv
2026-07-19 08:07:18:     return await self._codec.read_packet(self._reader)
2026-07-19 08:07:18:            ^^^^^^^^^^^^^^^^^^^^^^^^^^^^^^^^^^^^^^^^^^^
2026-07-19 08:07:18:   File "/home/nisch/Desktop/MediaGrabber/.venv/lib/python3.11/site-packages/telethon/network/connection/tcpfull.py", line 25, in read_packet
2026-07-19 08:07:18:     packet_len_seq = await reader.readexactly(8)  # 4 and 4
2026-07-19 08:07:18:                      ^^^^^^^^^^^^^^^^^^^^^^^^^^^
2026-07-19 08:07:18:   File "/usr/lib/python3.11/asyncio/streams.py", line 728, in readexactly
2026-07-19 08:07:18:     await self._wait_for_data('readexactly')
2026-07-19 08:07:18:   File "/usr/lib/python3.11/asyncio/streams.py", line 508, in _wait_for_data
2026-07-19 08:07:18:     raise RuntimeError(
2026-07-19 08:07:18: RuntimeError: readexactly() called while another coroutine is already waiting for incoming data
2026-07-19 08:07:18: Security error while unpacking a received message: Server replied with a wrong session ID (see FAQ for details)
2026-07-19 08:07:18: Unhandled error while receiving data
2026-07-19 08:07:18: Traceback (most recent call last):
2026-07-19 08:07:18:   File "/home/nisch/Desktop/MediaGrabber/.venv/lib/python3.11/site-packages/telethon/network/mtprotosender.py", line 507, in _recv_loop
2026-07-19 08:07:18:     body = await self._connection.recv()
2026-07-19 08:07:18:            ^^^^^^^^^^^^^^^^^^^^^^^^^^^^^
2026-07-19 08:07:18:   File "/home/nisch/Desktop/MediaGrabber/.venv/lib/python3.11/site-packages/telethon/network/connection/connection.py", line 304, in recv
2026-07-19 08:07:18:     raise err
2026-07-19 08:07:18:   File "/home/nisch/Desktop/MediaGrabber/.venv/lib/python3.11/site-packages/telethon/network/connection/connection.py", line 335, in _recv_loop
2026-07-19 08:07:18:     data = await self._recv()
2026-07-19 08:07:18:            ^^^^^^^^^^^^^^^^^^
2026-07-19 08:07:18:   File "/home/nisch/Desktop/MediaGrabber/.venv/lib/python3.11/site-packages/telethon/network/connection/connection.py", line 374, in _recv
2026-07-19 08:07:18:     return await self._codec.read_packet(self._reader)
2026-07-19 08:07:18:            ^^^^^^^^^^^^^^^^^^^^^^^^^^^^^^^^^^^^^^^^^^^
2026-07-19 08:07:18:   File "/home/nisch/Desktop/MediaGrabber/.venv/lib/python3.11/site-packages/telethon/network/connection/tcpfull.py", line 25, in read_packet
2026-07-19 08:07:18:     packet_len_seq = await reader.readexactly(8)  # 4 and 4
2026-07-19 08:07:18:                      ^^^^^^^^^^^^^^^^^^^^^^^^^^^
2026-07-19 08:07:18:   File "/usr/lib/python3.11/asyncio/streams.py", line 728, in readexactly
2026-07-19 08:07:18:     await self._wait_for_data('readexactly')
2026-07-19 08:07:18:   File "/usr/lib/python3.11/asyncio/streams.py", line 508, in _wait_for_data
2026-07-19 08:07:18:     raise RuntimeError(
2026-07-19 08:07:18: RuntimeError: readexactly() called while another coroutine is already waiting for incoming data
2026-07-19 08:07:18: Security error while unpacking a received message: Server replied with a wrong session ID (see FAQ for details)
2026-07-19 08:07:18: Server closed the connection: 0 bytes read on a total of 8 expected bytes
2026-07-19 08:07:18: Security error while unpacking a received message: Server replied with a wrong session ID (see FAQ for details)
2026-07-19 08:07:18: Security error while unpacking a received message: Server replied with a wrong session ID (see FAQ for details)
2026-07-19 08:07:18: Unexpected exception in the receive loop
2026-07-19 08:07:18: Traceback (most recent call last):
2026-07-19 08:07:18:   File "/home/nisch/Desktop/MediaGrabber/.venv/lib/python3.11/site-packages/telethon/network/connection/connection.py", line 335, in _recv_loop
2026-07-19 08:07:18:     data = await self._recv()
2026-07-19 08:07:18:            ^^^^^^^^^^^^^^^^^^
2026-07-19 08:07:18:   File "/home/nisch/Desktop/MediaGrabber/.venv/lib/python3.11/site-packages/telethon/network/connection/connection.py", line 374, in _recv
2026-07-19 08:07:18:     return await self._codec.read_packet(self._reader)
2026-07-19 08:07:18:            ^^^^^^^^^^^^^^^^^^^^^^^^^^^^^^^^^^^^^^^^^^^
2026-07-19 08:07:18:   File "/home/nisch/Desktop/MediaGrabber/.venv/lib/python3.11/site-packages/telethon/network/connection/tcpfull.py", line 25, in read_packet
2026-07-19 08:07:18:     packet_len_seq = await reader.readexactly(8)  # 4 and 4
2026-07-19 08:07:18:                      ^^^^^^^^^^^^^^^^^^^^^^^^^^^
2026-07-19 08:07:18:   File "/usr/lib/python3.11/asyncio/streams.py", line 728, in readexactly
2026-07-19 08:07:18:     await self._wait_for_data('readexactly')
2026-07-19 08:07:18:   File "/usr/lib/python3.11/asyncio/streams.py", line 508, in _wait_for_data
2026-07-19 08:07:18:     raise RuntimeError(
2026-07-19 08:07:18: RuntimeError: readexactly() called while another coroutine is already waiting for incoming data
2026-07-19 08:07:18: Security error while unpacking a received message: Server replied with a wrong session ID (see FAQ for details)
2026-07-19 08:07:18: Unhandled error while receiving data
2026-07-19 08:07:18: Traceback (most recent call last):
2026-07-19 08:07:18:   File "/home/nisch/Desktop/MediaGrabber/.venv/lib/python3.11/site-packages/telethon/network/mtprotosender.py", line 507, in _recv_loop
2026-07-19 08:07:18:     body = await self._connection.recv()
2026-07-19 08:07:18:            ^^^^^^^^^^^^^^^^^^^^^^^^^^^^^
2026-07-19 08:07:18:   File "/home/nisch/Desktop/MediaGrabber/.venv/lib/python3.11/site-packages/telethon/network/connection/connection.py", line 304, in recv
2026-07-19 08:07:18:     raise err
2026-07-19 08:07:18:   File "/home/nisch/Desktop/MediaGrabber/.venv/lib/python3.11/site-packages/telethon/network/connection/connection.py", line 335, in _recv_loop
2026-07-19 08:07:18:     data = await self._recv()
2026-07-19 08:07:18:            ^^^^^^^^^^^^^^^^^^
2026-07-19 08:07:18:   File "/home/nisch/Desktop/MediaGrabber/.venv/lib/python3.11/site-packages/telethon/network/connection/connection.py", line 374, in _recv
2026-07-19 08:07:18:     return await self._codec.read_packet(self._reader)
2026-07-19 08:07:18:            ^^^^^^^^^^^^^^^^^^^^^^^^^^^^^^^^^^^^^^^^^^^
2026-07-19 08:07:18:   File "/home/nisch/Desktop/MediaGrabber/.venv/lib/python3.11/site-packages/telethon/network/connection/tcpfull.py", line 25, in read_packet
2026-07-19 08:07:18:     packet_len_seq = await reader.readexactly(8)  # 4 and 4
2026-07-19 08:07:18:                      ^^^^^^^^^^^^^^^^^^^^^^^^^^^
2026-07-19 08:07:18:   File "/usr/lib/python3.11/asyncio/streams.py", line 728, in readexactly
2026-07-19 08:07:18:     await self._wait_for_data('readexactly')
2026-07-19 08:07:18:   File "/usr/lib/python3.11/asyncio/streams.py", line 508, in _wait_for_data
2026-07-19 08:07:18:     raise RuntimeError(
2026-07-19 08:07:18: RuntimeError: readexactly() called while another coroutine is already waiting for incoming data
2026-07-19 08:07:18: Server closed the connection: 0 bytes read on a total of 8 expected bytes
2026-07-19 08:07:18: Security error while unpacking a received message: Server replied with a wrong session ID (see FAQ for details)
2026-07-19 08:07:18: Security error while unpacking a received message: Server replied with a wrong session ID (see FAQ for details)
2026-07-19 08:07:18: Unexpected exception in the receive loop
2026-07-19 08:07:18: Traceback (most recent call last):
2026-07-19 08:07:18:   File "/home/nisch/Desktop/MediaGrabber/.venv/lib/python3.11/site-packages/telethon/network/connection/connection.py", line 335, in _recv_loop
2026-07-19 08:07:18:     data = await self._recv()
2026-07-19 08:07:18:            ^^^^^^^^^^^^^^^^^^
2026-07-19 08:07:18:   File "/home/nisch/Desktop/MediaGrabber/.venv/lib/python3.11/site-packages/telethon/network/connection/connection.py", line 374, in _recv
2026-07-19 08:07:18:     return await self._codec.read_packet(self._reader)
2026-07-19 08:07:18:            ^^^^^^^^^^^^^^^^^^^^^^^^^^^^^^^^^^^^^^^^^^^
2026-07-19 08:07:18:   File "/home/nisch/Desktop/MediaGrabber/.venv/lib/python3.11/site-packages/telethon/network/connection/tcpfull.py", line 25, in read_packet
2026-07-19 08:07:18:     packet_len_seq = await reader.readexactly(8)  # 4 and 4
2026-07-19 08:07:18:                      ^^^^^^^^^^^^^^^^^^^^^^^^^^^
2026-07-19 08:07:18:   File "/usr/lib/python3.11/asyncio/streams.py", line 728, in readexactly
2026-07-19 08:07:18:     await self._wait_for_data('readexactly')
2026-07-19 08:07:18:   File "/usr/lib/python3.11/asyncio/streams.py", line 508, in _wait_for_data
2026-07-19 08:07:18:     raise RuntimeError(
2026-07-19 08:07:18: RuntimeError: readexactly() called while another coroutine is already waiting for incoming data
2026-07-19 08:07:18: Security error while unpacking a received message: Server replied with a wrong session ID (see FAQ for details)
2026-07-19 08:07:18: Unhandled error while receiving data
2026-07-19 08:07:18: Traceback (most recent call last):
2026-07-19 08:07:18:   File "/home/nisch/Desktop/MediaGrabber/.venv/lib/python3.11/site-packages/telethon/network/mtprotosender.py", line 507, in _recv_loop
2026-07-19 08:07:18:     body = await self._connection.recv()
2026-07-19 08:07:18:            ^^^^^^^^^^^^^^^^^^^^^^^^^^^^^
2026-07-19 08:07:18:   File "/home/nisch/Desktop/MediaGrabber/.venv/lib/python3.11/site-packages/telethon/network/connection/connection.py", line 304, in recv
2026-07-19 08:07:18:     raise err
2026-07-19 08:07:18:   File "/home/nisch/Desktop/MediaGrabber/.venv/lib/python3.11/site-packages/telethon/network/connection/connection.py", line 335, in _recv_loop
2026-07-19 08:07:18:     data = await self._recv()
2026-07-19 08:07:18:            ^^^^^^^^^^^^^^^^^^
2026-07-19 08:07:18:   File "/home/nisch/Desktop/MediaGrabber/.venv/lib/python3.11/site-packages/telethon/network/connection/connection.py", line 374, in _recv
2026-07-19 08:07:18:     return await self._codec.read_packet(self._reader)
2026-07-19 08:07:18:            ^^^^^^^^^^^^^^^^^^^^^^^^^^^^^^^^^^^^^^^^^^^
2026-07-19 08:07:18:   File "/home/nisch/Desktop/MediaGrabber/.venv/lib/python3.11/site-packages/telethon/network/connection/tcpfull.py", line 25, in read_packet
2026-07-19 08:07:18:     packet_len_seq = await reader.readexactly(8)  # 4 and 4
2026-07-19 08:07:18:                      ^^^^^^^^^^^^^^^^^^^^^^^^^^^
2026-07-19 08:07:18:   File "/usr/lib/python3.11/asyncio/streams.py", line 728, in readexactly
2026-07-19 08:07:18:     await self._wait_for_data('readexactly')
2026-07-19 08:07:18:   File "/usr/lib/python3.11/asyncio/streams.py", line 508, in _wait_for_data
2026-07-19 08:07:18:     raise RuntimeError(
2026-07-19 08:07:18: RuntimeError: readexactly() called while another coroutine is already waiting for incoming data
2026-07-19 08:07:18: Server closed the connection: 0 bytes read on a total of 8 expected bytes
2026-07-19 08:07:19: Security error while unpacking a received message: Server replied with a wrong session ID (see FAQ for details)
2026-07-19 08:07:19: Security error while unpacking a received message: Server replied with a wrong session ID (see FAQ for details)
2026-07-19 08:07:19: Unexpected exception in the receive loop
2026-07-19 08:07:19: Traceback (most recent call last):
2026-07-19 08:07:19:   File "/home/nisch/Desktop/MediaGrabber/.venv/lib/python3.11/site-packages/telethon/network/connection/connection.py", line 335, in _recv_loop
2026-07-19 08:07:19:     data = await self._recv()
2026-07-19 08:07:19:            ^^^^^^^^^^^^^^^^^^
2026-07-19 08:07:19:   File "/home/nisch/Desktop/MediaGrabber/.venv/lib/python3.11/site-packages/telethon/network/connection/connection.py", line 374, in _recv
2026-07-19 08:07:19:     return await self._codec.read_packet(self._reader)
2026-07-19 08:07:19:            ^^^^^^^^^^^^^^^^^^^^^^^^^^^^^^^^^^^^^^^^^^^
2026-07-19 08:07:19:   File "/home/nisch/Desktop/MediaGrabber/.venv/lib/python3.11/site-packages/telethon/network/connection/tcpfull.py", line 25, in read_packet
2026-07-19 08:07:19:     packet_len_seq = await reader.readexactly(8)  # 4 and 4
2026-07-19 08:07:19:                      ^^^^^^^^^^^^^^^^^^^^^^^^^^^
2026-07-19 08:07:19:   File "/usr/lib/python3.11/asyncio/streams.py", line 728, in readexactly
2026-07-19 08:07:19:     await self._wait_for_data('readexactly')
2026-07-19 08:07:19:   File "/usr/lib/python3.11/asyncio/streams.py", line 508, in _wait_for_data
2026-07-19 08:07:19:     raise RuntimeError(
2026-07-19 08:07:19: RuntimeError: readexactly() called while another coroutine is already waiting for incoming data
2026-07-19 08:07:19: Security error while unpacking a received message: Server replied with a wrong session ID (see FAQ for details)
2026-07-19 08:07:19: Unhandled error while receiving data
2026-07-19 08:07:19: Traceback (most recent call last):
2026-07-19 08:07:19:   File "/home/nisch/Desktop/MediaGrabber/.venv/lib/python3.11/site-packages/telethon/network/mtprotosender.py", line 507, in _recv_loop
2026-07-19 08:07:19:     body = await self._connection.recv()
2026-07-19 08:07:19:            ^^^^^^^^^^^^^^^^^^^^^^^^^^^^^
2026-07-19 08:07:19:   File "/home/nisch/Desktop/MediaGrabber/.venv/lib/python3.11/site-packages/telethon/network/connection/connection.py", line 304, in recv
2026-07-19 08:07:19:     raise err
2026-07-19 08:07:19:   File "/home/nisch/Desktop/MediaGrabber/.venv/lib/python3.11/site-packages/telethon/network/connection/connection.py", line 335, in _recv_loop
2026-07-19 08:07:19:     data = await self._recv()
2026-07-19 08:07:19:            ^^^^^^^^^^^^^^^^^^
2026-07-19 08:07:19:   File "/home/nisch/Desktop/MediaGrabber/.venv/lib/python3.11/site-packages/telethon/network/connection/connection.py", line 374, in _recv
2026-07-19 08:07:19:     return await self._codec.read_packet(self._reader)
2026-07-19 08:07:19:            ^^^^^^^^^^^^^^^^^^^^^^^^^^^^^^^^^^^^^^^^^^^
2026-07-19 08:07:19:   File "/home/nisch/Desktop/MediaGrabber/.venv/lib/python3.11/site-packages/telethon/network/connection/tcpfull.py", line 25, in read_packet
2026-07-19 08:07:19:     packet_len_seq = await reader.readexactly(8)  # 4 and 4
2026-07-19 08:07:19:                      ^^^^^^^^^^^^^^^^^^^^^^^^^^^
2026-07-19 08:07:19:   File "/usr/lib/python3.11/asyncio/streams.py", line 728, in readexactly
2026-07-19 08:07:19:     await self._wait_for_data('readexactly')
2026-07-19 08:07:19:   File "/usr/lib/python3.11/asyncio/streams.py", line 508, in _wait_for_data
2026-07-19 08:07:19:     raise RuntimeError(
2026-07-19 08:07:19: RuntimeError: readexactly() called while another coroutine is already waiting for incoming data
2026-07-19 08:07:19: Server closed the connection: 0 bytes read on a total of 8 expected bytes
2026-07-19 08:07:19: Security error while unpacking a received message: Server replied with a wrong session ID (see FAQ for details)
2026-07-19 08:07:19: Security error while unpacking a received message: Server replied with a wrong session ID (see FAQ for details)
2026-07-19 08:07:19: Unexpected exception in the receive loop
2026-07-19 08:07:19: Traceback (most recent call last):
2026-07-19 08:07:19:   File "/home/nisch/Desktop/MediaGrabber/.venv/lib/python3.11/site-packages/telethon/network/connection/connection.py", line 335, in _recv_loop
2026-07-19 08:07:19:     data = await self._recv()
2026-07-19 08:07:19:            ^^^^^^^^^^^^^^^^^^
2026-07-19 08:07:19:   File "/home/nisch/Desktop/MediaGrabber/.venv/lib/python3.11/site-packages/telethon/network/connection/connection.py", line 374, in _recv
2026-07-19 08:07:19:     return await self._codec.read_packet(self._reader)
2026-07-19 08:07:19:            ^^^^^^^^^^^^^^^^^^^^^^^^^^^^^^^^^^^^^^^^^^^
2026-07-19 08:07:19:   File "/home/nisch/Desktop/MediaGrabber/.venv/lib/python3.11/site-packages/telethon/network/connection/tcpfull.py", line 25, in read_packet
2026-07-19 08:07:19:     packet_len_seq = await reader.readexactly(8)  # 4 and 4
2026-07-19 08:07:19:                      ^^^^^^^^^^^^^^^^^^^^^^^^^^^
2026-07-19 08:07:19:   File "/usr/lib/python3.11/asyncio/streams.py", line 728, in readexactly
2026-07-19 08:07:19:     await self._wait_for_data('readexactly')
2026-07-19 08:07:19:   File "/usr/lib/python3.11/asyncio/streams.py", line 508, in _wait_for_data
2026-07-19 08:07:19:     raise RuntimeError(
2026-07-19 08:07:19: RuntimeError: readexactly() called while another coroutine is already waiting for incoming data
2026-07-19 08:07:19: Security error while unpacking a received message: Server replied with a wrong session ID (see FAQ for details)
2026-07-19 08:07:19: Unhandled error while receiving data
2026-07-19 08:07:19: Traceback (most recent call last):
2026-07-19 08:07:19:   File "/home/nisch/Desktop/MediaGrabber/.venv/lib/python3.11/site-packages/telethon/network/mtprotosender.py", line 507, in _recv_loop
2026-07-19 08:07:19:     body = await self._connection.recv()
2026-07-19 08:07:19:            ^^^^^^^^^^^^^^^^^^^^^^^^^^^^^
2026-07-19 08:07:19:   File "/home/nisch/Desktop/MediaGrabber/.venv/lib/python3.11/site-packages/telethon/network/connection/connection.py", line 304, in recv
2026-07-19 08:07:19:     raise err
2026-07-19 08:07:19:   File "/home/nisch/Desktop/MediaGrabber/.venv/lib/python3.11/site-packages/telethon/network/connection/connection.py", line 335, in _recv_loop
2026-07-19 08:07:19:     data = await self._recv()
2026-07-19 08:07:19:            ^^^^^^^^^^^^^^^^^^
2026-07-19 08:07:19:   File "/home/nisch/Desktop/MediaGrabber/.venv/lib/python3.11/site-packages/telethon/network/connection/connection.py", line 374, in _recv
2026-07-19 08:07:19:     return await self._codec.read_packet(self._reader)
2026-07-19 08:07:19:            ^^^^^^^^^^^^^^^^^^^^^^^^^^^^^^^^^^^^^^^^^^^
2026-07-19 08:07:19:   File "/home/nisch/Desktop/MediaGrabber/.venv/lib/python3.11/site-packages/telethon/network/connection/tcpfull.py", line 25, in read_packet
2026-07-19 08:07:19:     packet_len_seq = await reader.readexactly(8)  # 4 and 4
2026-07-19 08:07:19:                      ^^^^^^^^^^^^^^^^^^^^^^^^^^^
2026-07-19 08:07:19:   File "/usr/lib/python3.11/asyncio/streams.py", line 728, in readexactly
2026-07-19 08:07:19:     await self._wait_for_data('readexactly')
2026-07-19 08:07:19:   File "/usr/lib/python3.11/asyncio/streams.py", line 508, in _wait_for_data
2026-07-19 08:07:19:     raise RuntimeError(
2026-07-19 08:07:19: RuntimeError: readexactly() called while another coroutine is already waiting for incoming data
2026-07-19 08:07:19: Server closed the connection: 0 bytes read on a total of 8 expected bytes
2026-07-19 08:07:19: Security error while unpacking a received message: Server replied with a wrong session ID (see FAQ for details)
2026-07-19 08:07:19: Security error while unpacking a received message: Server replied with a wrong session ID (see FAQ for details)
2026-07-19 08:07:19: Unexpected exception in the receive loop
2026-07-19 08:07:19: Traceback (most recent call last):
2026-07-19 08:07:19:   File "/home/nisch/Desktop/MediaGrabber/.venv/lib/python3.11/site-packages/telethon/network/connection/connection.py", line 335, in _recv_loop
2026-07-19 08:07:19:     data = await self._recv()
2026-07-19 08:07:19:            ^^^^^^^^^^^^^^^^^^
2026-07-19 08:07:19:   File "/home/nisch/Desktop/MediaGrabber/.venv/lib/python3.11/site-packages/telethon/network/connection/connection.py", line 374, in _recv
2026-07-19 08:07:19:     return await self._codec.read_packet(self._reader)
2026-07-19 08:07:19:            ^^^^^^^^^^^^^^^^^^^^^^^^^^^^^^^^^^^^^^^^^^^
2026-07-19 08:07:19:   File "/home/nisch/Desktop/MediaGrabber/.venv/lib/python3.11/site-packages/telethon/network/connection/tcpfull.py", line 25, in read_packet
2026-07-19 08:07:19:     packet_len_seq = await reader.readexactly(8)  # 4 and 4
2026-07-19 08:07:19:                      ^^^^^^^^^^^^^^^^^^^^^^^^^^^
2026-07-19 08:07:19:   File "/usr/lib/python3.11/asyncio/streams.py", line 728, in readexactly
2026-07-19 08:07:19:     await self._wait_for_data('readexactly')
2026-07-19 08:07:19:   File "/usr/lib/python3.11/asyncio/streams.py", line 508, in _wait_for_data
2026-07-19 08:07:19:     raise RuntimeError(
2026-07-19 08:07:19: RuntimeError: readexactly() called while another coroutine is already waiting for incoming data
2026-07-19 08:07:19: Security error while unpacking a received message: Server replied with a wrong session ID (see FAQ for details)
2026-07-19 08:07:19: Unhandled error while receiving data
2026-07-19 08:07:19: Traceback (most recent call last):
2026-07-19 08:07:19:   File "/home/nisch/Desktop/MediaGrabber/.venv/lib/python3.11/site-packages/telethon/network/mtprotosender.py", line 507, in _recv_loop
2026-07-19 08:07:19:     body = await self._connection.recv()
2026-07-19 08:07:19:            ^^^^^^^^^^^^^^^^^^^^^^^^^^^^^
2026-07-19 08:07:19:   File "/home/nisch/Desktop/MediaGrabber/.venv/lib/python3.11/site-packages/telethon/network/connection/connection.py", line 304, in recv
2026-07-19 08:07:19:     raise err
2026-07-19 08:07:19:   File "/home/nisch/Desktop/MediaGrabber/.venv/lib/python3.11/site-packages/telethon/network/connection/connection.py", line 335, in _recv_loop
2026-07-19 08:07:19:     data = await self._recv()
2026-07-19 08:07:19:            ^^^^^^^^^^^^^^^^^^
2026-07-19 08:07:19:   File "/home/nisch/Desktop/MediaGrabber/.venv/lib/python3.11/site-packages/telethon/network/connection/connection.py", line 374, in _recv
2026-07-19 08:07:19:     return await self._codec.read_packet(self._reader)
2026-07-19 08:07:19:            ^^^^^^^^^^^^^^^^^^^^^^^^^^^^^^^^^^^^^^^^^^^
2026-07-19 08:07:19:   File "/home/nisch/Desktop/MediaGrabber/.venv/lib/python3.11/site-packages/telethon/network/connection/tcpfull.py", line 25, in read_packet
2026-07-19 08:07:19:     packet_len_seq = await reader.readexactly(8)  # 4 and 4
2026-07-19 08:07:19:                      ^^^^^^^^^^^^^^^^^^^^^^^^^^^
2026-07-19 08:07:19:   File "/usr/lib/python3.11/asyncio/streams.py", line 728, in readexactly
2026-07-19 08:07:19:     await self._wait_for_data('readexactly')
2026-07-19 08:07:19:   File "/usr/lib/python3.11/asyncio/streams.py", line 508, in _wait_for_data
2026-07-19 08:07:19:     raise RuntimeError(
2026-07-19 08:07:19: RuntimeError: readexactly() called while another coroutine is already waiting for incoming data
2026-07-19 08:07:19: Server closed the connection: 0 bytes read on a total of 8 expected bytes
2026-07-19 08:07:19: Security error while unpacking a received message: Server replied with a wrong session ID (see FAQ for details)
2026-07-19 08:07:19: Security error while unpacking a received message: Server replied with a wrong session ID (see FAQ for details)
2026-07-19 08:07:19: Unexpected exception in the receive loop
2026-07-19 08:07:19: Traceback (most recent call last):
2026-07-19 08:07:19:   File "/home/nisch/Desktop/MediaGrabber/.venv/lib/python3.11/site-packages/telethon/network/connection/connection.py", line 335, in _recv_loop
2026-07-19 08:07:19:     data = await self._recv()
2026-07-19 08:07:19:            ^^^^^^^^^^^^^^^^^^
2026-07-19 08:07:19:   File "/home/nisch/Desktop/MediaGrabber/.venv/lib/python3.11/site-packages/telethon/network/connection/connection.py", line 374, in _recv
2026-07-19 08:07:19:     return await self._codec.read_packet(self._reader)
2026-07-19 08:07:19:            ^^^^^^^^^^^^^^^^^^^^^^^^^^^^^^^^^^^^^^^^^^^
2026-07-19 08:07:19:   File "/home/nisch/Desktop/MediaGrabber/.venv/lib/python3.11/site-packages/telethon/network/connection/tcpfull.py", line 25, in read_packet
2026-07-19 08:07:19:     packet_len_seq = await reader.readexactly(8)  # 4 and 4
2026-07-19 08:07:19:                      ^^^^^^^^^^^^^^^^^^^^^^^^^^^
2026-07-19 08:07:19:   File "/usr/lib/python3.11/asyncio/streams.py", line 728, in readexactly
2026-07-19 08:07:19:     await self._wait_for_data('readexactly')
2026-07-19 08:07:19:   File "/usr/lib/python3.11/asyncio/streams.py", line 508, in _wait_for_data
2026-07-19 08:07:19:     raise RuntimeError(
2026-07-19 08:07:19: RuntimeError: readexactly() called while another coroutine is already waiting for incoming data
2026-07-19 08:07:19: Security error while unpacking a received message: Server replied with a wrong session ID (see FAQ for details)
2026-07-19 08:07:19: Unhandled error while receiving data
2026-07-19 08:07:19: Traceback (most recent call last):
2026-07-19 08:07:19:   File "/home/nisch/Desktop/MediaGrabber/.venv/lib/python3.11/site-packages/telethon/network/mtprotosender.py", line 507, in _recv_loop
2026-07-19 08:07:19:     body = await self._connection.recv()
2026-07-19 08:07:19:            ^^^^^^^^^^^^^^^^^^^^^^^^^^^^^
2026-07-19 08:07:19:   File "/home/nisch/Desktop/MediaGrabber/.venv/lib/python3.11/site-packages/telethon/network/connection/connection.py", line 304, in recv
2026-07-19 08:07:19:     raise err
2026-07-19 08:07:19:   File "/home/nisch/Desktop/MediaGrabber/.venv/lib/python3.11/site-packages/telethon/network/connection/connection.py", line 335, in _recv_loop
2026-07-19 08:07:19:     data = await self._recv()
2026-07-19 08:07:19:            ^^^^^^^^^^^^^^^^^^
2026-07-19 08:07:19:   File "/home/nisch/Desktop/MediaGrabber/.venv/lib/python3.11/site-packages/telethon/network/connection/connection.py", line 374, in _recv
2026-07-19 08:07:19:     return await self._codec.read_packet(self._reader)
2026-07-19 08:07:19:            ^^^^^^^^^^^^^^^^^^^^^^^^^^^^^^^^^^^^^^^^^^^
2026-07-19 08:07:19:   File "/home/nisch/Desktop/MediaGrabber/.venv/lib/python3.11/site-packages/telethon/network/connection/tcpfull.py", line 25, in read_packet
2026-07-19 08:07:19:     packet_len_seq = await reader.readexactly(8)  # 4 and 4
2026-07-19 08:07:19:                      ^^^^^^^^^^^^^^^^^^^^^^^^^^^
2026-07-19 08:07:19:   File "/usr/lib/python3.11/asyncio/streams.py", line 728, in readexactly
2026-07-19 08:07:19:     await self._wait_for_data('readexactly')
2026-07-19 08:07:19:   File "/usr/lib/python3.11/asyncio/streams.py", line 508, in _wait_for_data
2026-07-19 08:07:19:     raise RuntimeError(
2026-07-19 08:07:19: RuntimeError: readexactly() called while another coroutine is already waiting for incoming data
2026-07-19 08:07:19: Server closed the connection: 0 bytes read on a total of 8 expected bytes
2026-07-19 08:07:19: Security error while unpacking a received message: Server replied with a wrong session ID (see FAQ for details)
2026-07-19 08:07:19: Security error while unpacking a received message: Server replied with a wrong session ID (see FAQ for details)
2026-07-19 08:07:19: Unexpected exception in the receive loop
2026-07-19 08:07:19: Traceback (most recent call last):
2026-07-19 08:07:19:   File "/home/nisch/Desktop/MediaGrabber/.venv/lib/python3.11/site-packages/telethon/network/connection/connection.py", line 335, in _recv_loop
2026-07-19 08:07:19:     data = await self._recv()
2026-07-19 08:07:19:            ^^^^^^^^^^^^^^^^^^
2026-07-19 08:07:19:   File "/home/nisch/Desktop/MediaGrabber/.venv/lib/python3.11/site-packages/telethon/network/connection/connection.py", line 374, in _recv
2026-07-19 08:07:19:     return await self._codec.read_packet(self._reader)
2026-07-19 08:07:19:            ^^^^^^^^^^^^^^^^^^^^^^^^^^^^^^^^^^^^^^^^^^^
2026-07-19 08:07:19:   File "/home/nisch/Desktop/MediaGrabber/.venv/lib/python3.11/site-packages/telethon/network/connection/tcpfull.py", line 25, in read_packet
2026-07-19 08:07:19:     packet_len_seq = await reader.readexactly(8)  # 4 and 4
2026-07-19 08:07:19:                      ^^^^^^^^^^^^^^^^^^^^^^^^^^^
2026-07-19 08:07:19:   File "/usr/lib/python3.11/asyncio/streams.py", line 728, in readexactly
2026-07-19 08:07:19:     await self._wait_for_data('readexactly')
2026-07-19 08:07:19:   File "/usr/lib/python3.11/asyncio/streams.py", line 508, in _wait_for_data
2026-07-19 08:07:19:     raise RuntimeError(
2026-07-19 08:07:19: RuntimeError: readexactly() called while another coroutine is already waiting for incoming data
2026-07-19 08:07:19: Security error while unpacking a received message: Server replied with a wrong session ID (see FAQ for details)
2026-07-19 08:07:19: Unhandled error while receiving data
2026-07-19 08:07:19: Traceback (most recent call last):
2026-07-19 08:07:19:   File "/home/nisch/Desktop/MediaGrabber/.venv/lib/python3.11/site-packages/telethon/network/mtprotosender.py", line 507, in _recv_loop
2026-07-19 08:07:19:     body = await self._connection.recv()
2026-07-19 08:07:19:            ^^^^^^^^^^^^^^^^^^^^^^^^^^^^^
2026-07-19 08:07:19:   File "/home/nisch/Desktop/MediaGrabber/.venv/lib/python3.11/site-packages/telethon/network/connection/connection.py", line 304, in recv
2026-07-19 08:07:19:     raise err
2026-07-19 08:07:19:   File "/home/nisch/Desktop/MediaGrabber/.venv/lib/python3.11/site-packages/telethon/network/connection/connection.py", line 335, in _recv_loop
2026-07-19 08:07:19:     data = await self._recv()
2026-07-19 08:07:19:            ^^^^^^^^^^^^^^^^^^
2026-07-19 08:07:19:   File "/home/nisch/Desktop/MediaGrabber/.venv/lib/python3.11/site-packages/telethon/network/connection/connection.py", line 374, in _recv
2026-07-19 08:07:19:     return await self._codec.read_packet(self._reader)
2026-07-19 08:07:19:            ^^^^^^^^^^^^^^^^^^^^^^^^^^^^^^^^^^^^^^^^^^^
2026-07-19 08:07:19:   File "/home/nisch/Desktop/MediaGrabber/.venv/lib/python3.11/site-packages/telethon/network/connection/tcpfull.py", line 25, in read_packet
2026-07-19 08:07:19:     packet_len_seq = await reader.readexactly(8)  # 4 and 4
2026-07-19 08:07:19:                      ^^^^^^^^^^^^^^^^^^^^^^^^^^^
2026-07-19 08:07:19:   File "/usr/lib/python3.11/asyncio/streams.py", line 728, in readexactly
2026-07-19 08:07:19:     await self._wait_for_data('readexactly')
2026-07-19 08:07:19:   File "/usr/lib/python3.11/asyncio/streams.py", line 508, in _wait_for_data
2026-07-19 08:07:19:     raise RuntimeError(
2026-07-19 08:07:19: RuntimeError: readexactly() called while another coroutine is already waiting for incoming data
2026-07-19 08:07:19: Server closed the connection: 0 bytes read on a total of 8 expected bytes
2026-07-19 08:07:19: Security error while unpacking a received message: Server replied with a wrong session ID (see FAQ for details)
2026-07-19 08:07:19: Security error while unpacking a received message: Server replied with a wrong session ID (see FAQ for details)
2026-07-19 08:07:19: Unexpected exception in the receive loop
2026-07-19 08:07:19: Traceback (most recent call last):
2026-07-19 08:07:19:   File "/home/nisch/Desktop/MediaGrabber/.venv/lib/python3.11/site-packages/telethon/network/connection/connection.py", line 335, in _recv_loop
2026-07-19 08:07:19:     data = await self._recv()
2026-07-19 08:07:19:            ^^^^^^^^^^^^^^^^^^
2026-07-19 08:07:19:   File "/home/nisch/Desktop/MediaGrabber/.venv/lib/python3.11/site-packages/telethon/network/connection/connection.py", line 374, in _recv
2026-07-19 08:07:19:     return await self._codec.read_packet(self._reader)
2026-07-19 08:07:19:            ^^^^^^^^^^^^^^^^^^^^^^^^^^^^^^^^^^^^^^^^^^^
2026-07-19 08:07:19:   File "/home/nisch/Desktop/MediaGrabber/.venv/lib/python3.11/site-packages/telethon/network/connection/tcpfull.py", line 25, in read_packet
2026-07-19 08:07:19:     packet_len_seq = await reader.readexactly(8)  # 4 and 4
2026-07-19 08:07:19:                      ^^^^^^^^^^^^^^^^^^^^^^^^^^^
2026-07-19 08:07:19:   File "/usr/lib/python3.11/asyncio/streams.py", line 728, in readexactly
2026-07-19 08:07:19:     await self._wait_for_data('readexactly')
2026-07-19 08:07:19:   File "/usr/lib/python3.11/asyncio/streams.py", line 508, in _wait_for_data
2026-07-19 08:07:19:     raise RuntimeError(
2026-07-19 08:07:19: RuntimeError: readexactly() called while another coroutine is already waiting for incoming data
2026-07-19 08:07:19: Security error while unpacking a received message: Server replied with a wrong session ID (see FAQ for details)
2026-07-19 08:07:19: Unhandled error while receiving data
2026-07-19 08:07:19: Traceback (most recent call last):
2026-07-19 08:07:19:   File "/home/nisch/Desktop/MediaGrabber/.venv/lib/python3.11/site-packages/telethon/network/mtprotosender.py", line 507, in _recv_loop
2026-07-19 08:07:19:     body = await self._connection.recv()
2026-07-19 08:07:19:            ^^^^^^^^^^^^^^^^^^^^^^^^^^^^^
2026-07-19 08:07:19:   File "/home/nisch/Desktop/MediaGrabber/.venv/lib/python3.11/site-packages/telethon/network/connection/connection.py", line 304, in recv
2026-07-19 08:07:19:     raise err
2026-07-19 08:07:19:   File "/home/nisch/Desktop/MediaGrabber/.venv/lib/python3.11/site-packages/telethon/network/connection/connection.py", line 335, in _recv_loop
2026-07-19 08:07:19:     data = await self._recv()
2026-07-19 08:07:19:            ^^^^^^^^^^^^^^^^^^
2026-07-19 08:07:19:   File "/home/nisch/Desktop/MediaGrabber/.venv/lib/python3.11/site-packages/telethon/network/connection/connection.py", line 374, in _recv
2026-07-19 08:07:19:     return await self._codec.read_packet(self._reader)
2026-07-19 08:07:19:            ^^^^^^^^^^^^^^^^^^^^^^^^^^^^^^^^^^^^^^^^^^^
2026-07-19 08:07:19:   File "/home/nisch/Desktop/MediaGrabber/.venv/lib/python3.11/site-packages/telethon/network/connection/tcpfull.py", line 25, in read_packet
2026-07-19 08:07:19:     packet_len_seq = await reader.readexactly(8)  # 4 and 4
2026-07-19 08:07:19:                      ^^^^^^^^^^^^^^^^^^^^^^^^^^^
2026-07-19 08:07:19:   File "/usr/lib/python3.11/asyncio/streams.py", line 728, in readexactly
2026-07-19 08:07:19:     await self._wait_for_data('readexactly')
2026-07-19 08:07:19:   File "/usr/lib/python3.11/asyncio/streams.py", line 508, in _wait_for_data
2026-07-19 08:07:19:     raise RuntimeError(
2026-07-19 08:07:19: RuntimeError: readexactly() called while another coroutine is already waiting for incoming data
2026-07-19 08:07:19: Server closed the connection: 0 bytes read on a total of 8 expected bytes
2026-07-19 08:07:20: Security error while unpacking a received message: Server replied with a wrong session ID (see FAQ for details)
2026-07-20 08:09:22: Server closed the connection: 0 bytes read on a total of 8 expected bytes
2026-07-21 08:06:53: Server closed the connection: 0 bytes read on a total of 8 expected bytes
2026-07-22 08:07:34: Server closed the connection: 0 bytes read on a total of 8 expected bytes
2026-07-22 08:07:35: Unexpected exception in the receive loop
2026-07-22 08:07:35: Traceback (most recent call last):
2026-07-22 08:07:35:   File "/home/nisch/Desktop/MediaGrabber/.venv/lib/python3.11/site-packages/telethon/network/connection/connection.py", line 335, in _recv_loop
2026-07-22 08:07:35:     data = await self._recv()
2026-07-22 08:07:35:            ^^^^^^^^^^^^^^^^^^
2026-07-22 08:07:35:   File "/home/nisch/Desktop/MediaGrabber/.venv/lib/python3.11/site-packages/telethon/network/connection/connection.py", line 374, in _recv
2026-07-22 08:07:35:     return await self._codec.read_packet(self._reader)
2026-07-22 08:07:35:            ^^^^^^^^^^^^^^^^^^^^^^^^^^^^^^^^^^^^^^^^^^^
2026-07-22 08:07:35:   File "/home/nisch/Desktop/MediaGrabber/.venv/lib/python3.11/site-packages/telethon/network/connection/tcpfull.py", line 25, in read_packet
2026-07-22 08:07:35:     packet_len_seq = await reader.readexactly(8)  # 4 and 4
2026-07-22 08:07:35:                      ^^^^^^^^^^^^^^^^^^^^^^^^^^^
2026-07-22 08:07:35:   File "/usr/lib/python3.11/asyncio/streams.py", line 728, in readexactly
2026-07-22 08:07:35:     await self._wait_for_data('readexactly')
2026-07-22 08:07:35:   File "/usr/lib/python3.11/asyncio/streams.py", line 508, in _wait_for_data
2026-07-22 08:07:35:     raise RuntimeError(
2026-07-22 08:07:35: RuntimeError: readexactly() called while another coroutine is already waiting for incoming data
2026-07-22 08:07:35: Unhandled error while receiving data
2026-07-22 08:07:35: Traceback (most recent call last):
2026-07-22 08:07:35:   File "/home/nisch/Desktop/MediaGrabber/.venv/lib/python3.11/site-packages/telethon/network/mtprotosender.py", line 507, in _recv_loop
2026-07-22 08:07:35:     body = await self._connection.recv()
2026-07-22 08:07:35:            ^^^^^^^^^^^^^^^^^^^^^^^^^^^^^
2026-07-22 08:07:35:   File "/home/nisch/Desktop/MediaGrabber/.venv/lib/python3.11/site-packages/telethon/network/connection/connection.py", line 304, in recv
2026-07-22 08:07:35:     raise err
2026-07-22 08:07:35:   File "/home/nisch/Desktop/MediaGrabber/.venv/lib/python3.11/site-packages/telethon/network/connection/connection.py", line 335, in _recv_loop
2026-07-22 08:07:35:     data = await self._recv()
2026-07-22 08:07:35:            ^^^^^^^^^^^^^^^^^^
2026-07-22 08:07:35:   File "/home/nisch/Desktop/MediaGrabber/.venv/lib/python3.11/site-packages/telethon/network/connection/connection.py", line 374, in _recv
2026-07-22 08:07:35:     return await self._codec.read_packet(self._reader)
2026-07-22 08:07:35:            ^^^^^^^^^^^^^^^^^^^^^^^^^^^^^^^^^^^^^^^^^^^
2026-07-22 08:07:35:   File "/home/nisch/Desktop/MediaGrabber/.venv/lib/python3.11/site-packages/telethon/network/connection/tcpfull.py", line 25, in read_packet
2026-07-22 08:07:35:     packet_len_seq = await reader.readexactly(8)  # 4 and 4
2026-07-22 08:07:35:                      ^^^^^^^^^^^^^^^^^^^^^^^^^^^
2026-07-22 08:07:35:   File "/usr/lib/python3.11/asyncio/streams.py", line 728, in readexactly
2026-07-22 08:07:35:     await self._wait_for_data('readexactly')
2026-07-22 08:07:35:   File "/usr/lib/python3.11/asyncio/streams.py", line 508, in _wait_for_data
2026-07-22 08:07:35:     raise RuntimeError(
2026-07-22 08:07:35: RuntimeError: readexactly() called while another coroutine is already waiting for incoming data
2026-07-22 08:07:35: Security error while unpacking a received message: Server replied with a wrong session ID (see FAQ for details)
2026-07-22 08:07:35: Unexpected exception in the receive loop
2026-07-22 08:07:35: Traceback (most recent call last):
2026-07-22 08:07:35:   File "/home/nisch/Desktop/MediaGrabber/.venv/lib/python3.11/site-packages/telethon/network/connection/connection.py", line 335, in _recv_loop
2026-07-22 08:07:35:     data = await self._recv()
2026-07-22 08:07:35:            ^^^^^^^^^^^^^^^^^^
2026-07-22 08:07:35:   File "/home/nisch/Desktop/MediaGrabber/.venv/lib/python3.11/site-packages/telethon/network/connection/connection.py", line 374, in _recv
2026-07-22 08:07:35:     return await self._codec.read_packet(self._reader)
2026-07-22 08:07:35:            ^^^^^^^^^^^^^^^^^^^^^^^^^^^^^^^^^^^^^^^^^^^
2026-07-22 08:07:35:   File "/home/nisch/Desktop/MediaGrabber/.venv/lib/python3.11/site-packages/telethon/network/connection/tcpfull.py", line 25, in read_packet
2026-07-22 08:07:35:     packet_len_seq = await reader.readexactly(8)  # 4 and 4
2026-07-22 08:07:35:                      ^^^^^^^^^^^^^^^^^^^^^^^^^^^
2026-07-22 08:07:35:   File "/usr/lib/python3.11/asyncio/streams.py", line 728, in readexactly
2026-07-22 08:07:35:     await self._wait_for_data('readexactly')
2026-07-22 08:07:35:   File "/usr/lib/python3.11/asyncio/streams.py", line 508, in _wait_for_data
2026-07-22 08:07:35:     raise RuntimeError(
2026-07-22 08:07:35: RuntimeError: readexactly() called while another coroutine is already waiting for incoming data
2026-07-22 08:07:35: Security error while unpacking a received message: Server replied with a wrong session ID (see FAQ for details)
2026-07-22 08:07:35: Unhandled error while receiving data
2026-07-22 08:07:35: Traceback (most recent call last):
2026-07-22 08:07:35:   File "/home/nisch/Desktop/MediaGrabber/.venv/lib/python3.11/site-packages/telethon/network/mtprotosender.py", line 507, in _recv_loop
2026-07-22 08:07:35:     body = await self._connection.recv()
2026-07-22 08:07:35:            ^^^^^^^^^^^^^^^^^^^^^^^^^^^^^
2026-07-22 08:07:35:   File "/home/nisch/Desktop/MediaGrabber/.venv/lib/python3.11/site-packages/telethon/network/connection/connection.py", line 304, in recv
2026-07-22 08:07:35:     raise err
2026-07-22 08:07:35:   File "/home/nisch/Desktop/MediaGrabber/.venv/lib/python3.11/site-packages/telethon/network/connection/connection.py", line 335, in _recv_loop
2026-07-22 08:07:35:     data = await self._recv()
2026-07-22 08:07:35:            ^^^^^^^^^^^^^^^^^^
2026-07-22 08:07:35:   File "/home/nisch/Desktop/MediaGrabber/.venv/lib/python3.11/site-packages/telethon/network/connection/connection.py", line 374, in _recv
2026-07-22 08:07:35:     return await self._codec.read_packet(self._reader)
2026-07-22 08:07:35:            ^^^^^^^^^^^^^^^^^^^^^^^^^^^^^^^^^^^^^^^^^^^
2026-07-22 08:07:35:   File "/home/nisch/Desktop/MediaGrabber/.venv/lib/python3.11/site-packages/telethon/network/connection/tcpfull.py", line 25, in read_packet
2026-07-22 08:07:35:     packet_len_seq = await reader.readexactly(8)  # 4 and 4
2026-07-22 08:07:35:                      ^^^^^^^^^^^^^^^^^^^^^^^^^^^
2026-07-22 08:07:35:   File "/usr/lib/python3.11/asyncio/streams.py", line 728, in readexactly
2026-07-22 08:07:35:     await self._wait_for_data('readexactly')
2026-07-22 08:07:35:   File "/usr/lib/python3.11/asyncio/streams.py", line 508, in _wait_for_data
2026-07-22 08:07:35:     raise RuntimeError(
2026-07-22 08:07:35: RuntimeError: readexactly() called while another coroutine is already waiting for incoming data
2026-07-22 08:07:35: Server closed the connection: 0 bytes read on a total of 8 expected bytes
2026-07-22 08:07:35: Security error while unpacking a received message: Server replied with a wrong session ID (see FAQ for details)
2026-07-22 08:07:35: Security error while unpacking a received message: Server replied with a wrong session ID (see FAQ for details)
2026-07-22 08:07:35: Unexpected exception in the receive loop
2026-07-22 08:07:35: Traceback (most recent call last):
2026-07-22 08:07:35:   File "/home/nisch/Desktop/MediaGrabber/.venv/lib/python3.11/site-packages/telethon/network/connection/connection.py", line 335, in _recv_loop
2026-07-22 08:07:35:     data = await self._recv()
2026-07-22 08:07:35:            ^^^^^^^^^^^^^^^^^^
2026-07-22 08:07:35:   File "/home/nisch/Desktop/MediaGrabber/.venv/lib/python3.11/site-packages/telethon/network/connection/connection.py", line 374, in _recv
2026-07-22 08:07:35:     return await self._codec.read_packet(self._reader)
2026-07-22 08:07:35:            ^^^^^^^^^^^^^^^^^^^^^^^^^^^^^^^^^^^^^^^^^^^
2026-07-22 08:07:35:   File "/home/nisch/Desktop/MediaGrabber/.venv/lib/python3.11/site-packages/telethon/network/connection/tcpfull.py", line 25, in read_packet
2026-07-22 08:07:35:     packet_len_seq = await reader.readexactly(8)  # 4 and 4
2026-07-22 08:07:35:                      ^^^^^^^^^^^^^^^^^^^^^^^^^^^
2026-07-22 08:07:35:   File "/usr/lib/python3.11/asyncio/streams.py", line 728, in readexactly
2026-07-22 08:07:35:     await self._wait_for_data('readexactly')
2026-07-22 08:07:35:   File "/usr/lib/python3.11/asyncio/streams.py", line 508, in _wait_for_data
2026-07-22 08:07:35:     raise RuntimeError(
2026-07-22 08:07:35: RuntimeError: readexactly() called while another coroutine is already waiting for incoming data
2026-07-22 08:07:35: Security error while unpacking a received message: Server replied with a wrong session ID (see FAQ for details)
2026-07-22 08:07:35: Unhandled error while receiving data
2026-07-22 08:07:35: Traceback (most recent call last):
2026-07-22 08:07:35:   File "/home/nisch/Desktop/MediaGrabber/.venv/lib/python3.11/site-packages/telethon/network/mtprotosender.py", line 507, in _recv_loop
2026-07-22 08:07:35:     body = await self._connection.recv()
2026-07-22 08:07:35:            ^^^^^^^^^^^^^^^^^^^^^^^^^^^^^
2026-07-22 08:07:35:   File "/home/nisch/Desktop/MediaGrabber/.venv/lib/python3.11/site-packages/telethon/network/connection/connection.py", line 304, in recv
2026-07-22 08:07:35:     raise err
2026-07-22 08:07:35:   File "/home/nisch/Desktop/MediaGrabber/.venv/lib/python3.11/site-packages/telethon/network/connection/connection.py", line 335, in _recv_loop
2026-07-22 08:07:35:     data = await self._recv()
2026-07-22 08:07:35:            ^^^^^^^^^^^^^^^^^^
2026-07-22 08:07:35:   File "/home/nisch/Desktop/MediaGrabber/.venv/lib/python3.11/site-packages/telethon/network/connection/connection.py", line 374, in _recv
2026-07-22 08:07:35:     return await self._codec.read_packet(self._reader)
2026-07-22 08:07:35:            ^^^^^^^^^^^^^^^^^^^^^^^^^^^^^^^^^^^^^^^^^^^
2026-07-22 08:07:35:   File "/home/nisch/Desktop/MediaGrabber/.venv/lib/python3.11/site-packages/telethon/network/connection/tcpfull.py", line 25, in read_packet
2026-07-22 08:07:35:     packet_len_seq = await reader.readexactly(8)  # 4 and 4
2026-07-22 08:07:35:                      ^^^^^^^^^^^^^^^^^^^^^^^^^^^
2026-07-22 08:07:35:   File "/usr/lib/python3.11/asyncio/streams.py", line 728, in readexactly
2026-07-22 08:07:35:     await self._wait_for_data('readexactly')
2026-07-22 08:07:35:   File "/usr/lib/python3.11/asyncio/streams.py", line 508, in _wait_for_data
2026-07-22 08:07:35:     raise RuntimeError(
2026-07-22 08:07:35: RuntimeError: readexactly() called while another coroutine is already waiting for incoming data
2026-07-22 08:07:35: Server closed the connection: 0 bytes read on a total of 8 expected bytes
2026-07-22 08:07:35: Security error while unpacking a received message: Server replied with a wrong session ID (see FAQ for details)
2026-07-23 08:07:21: Server closed the connection: 0 bytes read on a total of 8 expected bytes
2026-07-24 08:07:50: Server closed the connection: 0 bytes read on a total of 8 expected bytes
2026-07-25 08:07:51: Server closed the connection: 0 bytes read on a total of 8 expected bytes
2026-07-26 08:07:50: Server closed the connection: 0 bytes read on a total of 8 expected bytes
2026-07-26 08:07:50: Unexpected exception in the receive loop
2026-07-26 08:07:50: Traceback (most recent call last):
2026-07-26 08:07:50:   File "/home/nisch/Desktop/MediaGrabber/.venv/lib/python3.11/site-packages/telethon/network/connection/connection.py", line 335, in _recv_loop
2026-07-26 08:07:50:     data = await self._recv()
2026-07-26 08:07:50:            ^^^^^^^^^^^^^^^^^^
2026-07-26 08:07:50:   File "/home/nisch/Desktop/MediaGrabber/.venv/lib/python3.11/site-packages/telethon/network/connection/connection.py", line 374, in _recv
2026-07-26 08:07:50:     return await self._codec.read_packet(self._reader)
2026-07-26 08:07:50:            ^^^^^^^^^^^^^^^^^^^^^^^^^^^^^^^^^^^^^^^^^^^
2026-07-26 08:07:50:   File "/home/nisch/Desktop/MediaGrabber/.venv/lib/python3.11/site-packages/telethon/network/connection/tcpfull.py", line 25, in read_packet
2026-07-26 08:07:50:     packet_len_seq = await reader.readexactly(8)  # 4 and 4
2026-07-26 08:07:50:                      ^^^^^^^^^^^^^^^^^^^^^^^^^^^
2026-07-26 08:07:50:   File "/usr/lib/python3.11/asyncio/streams.py", line 728, in readexactly
2026-07-26 08:07:50:     await self._wait_for_data('readexactly')
2026-07-26 08:07:50:   File "/usr/lib/python3.11/asyncio/streams.py", line 508, in _wait_for_data
2026-07-26 08:07:50:     raise RuntimeError(
2026-07-26 08:07:50: RuntimeError: readexactly() called while another coroutine is already waiting for incoming data
2026-07-26 08:07:50: Unhandled error while receiving data
2026-07-26 08:07:50: Traceback (most recent call last):
2026-07-26 08:07:50:   File "/home/nisch/Desktop/MediaGrabber/.venv/lib/python3.11/site-packages/telethon/network/mtprotosender.py", line 507, in _recv_loop
2026-07-26 08:07:50:     body = await self._connection.recv()
2026-07-26 08:07:50:            ^^^^^^^^^^^^^^^^^^^^^^^^^^^^^
2026-07-26 08:07:50:   File "/home/nisch/Desktop/MediaGrabber/.venv/lib/python3.11/site-packages/telethon/network/connection/connection.py", line 304, in recv
2026-07-26 08:07:50:     raise err
2026-07-26 08:07:50:   File "/home/nisch/Desktop/MediaGrabber/.venv/lib/python3.11/site-packages/telethon/network/connection/connection.py", line 335, in _recv_loop
2026-07-26 08:07:50:     data = await self._recv()
2026-07-26 08:07:50:            ^^^^^^^^^^^^^^^^^^
2026-07-26 08:07:50:   File "/home/nisch/Desktop/MediaGrabber/.venv/lib/python3.11/site-packages/telethon/network/connection/connection.py", line 374, in _recv
2026-07-26 08:07:50:     return await self._codec.read_packet(self._reader)
2026-07-26 08:07:50:            ^^^^^^^^^^^^^^^^^^^^^^^^^^^^^^^^^^^^^^^^^^^
2026-07-26 08:07:50:   File "/home/nisch/Desktop/MediaGrabber/.venv/lib/python3.11/site-packages/telethon/network/connection/tcpfull.py", line 25, in read_packet
2026-07-26 08:07:50:     packet_len_seq = await reader.readexactly(8)  # 4 and 4
2026-07-26 08:07:50:                      ^^^^^^^^^^^^^^^^^^^^^^^^^^^
2026-07-26 08:07:50:   File "/usr/lib/python3.11/asyncio/streams.py", line 728, in readexactly
2026-07-26 08:07:50:     await self._wait_for_data('readexactly')
2026-07-26 08:07:50:   File "/usr/lib/python3.11/asyncio/streams.py", line 508, in _wait_for_data
2026-07-26 08:07:50:     raise RuntimeError(
2026-07-26 08:07:50: RuntimeError: readexactly() called while another coroutine is already waiting for incoming data
2026-07-26 08:07:50: Security error while unpacking a received message: Server replied with a wrong session ID (see FAQ for details)
2026-07-26 08:07:50: Unexpected exception in the receive loop
2026-07-26 08:07:50: Traceback (most recent call last):
2026-07-26 08:07:50:   File "/home/nisch/Desktop/MediaGrabber/.venv/lib/python3.11/site-packages/telethon/network/connection/connection.py", line 335, in _recv_loop
2026-07-26 08:07:50:     data = await self._recv()
2026-07-26 08:07:50:            ^^^^^^^^^^^^^^^^^^
2026-07-26 08:07:50:   File "/home/nisch/Desktop/MediaGrabber/.venv/lib/python3.11/site-packages/telethon/network/connection/connection.py", line 374, in _recv
2026-07-26 08:07:50:     return await self._codec.read_packet(self._reader)
2026-07-26 08:07:50:            ^^^^^^^^^^^^^^^^^^^^^^^^^^^^^^^^^^^^^^^^^^^
2026-07-26 08:07:50:   File "/home/nisch/Desktop/MediaGrabber/.venv/lib/python3.11/site-packages/telethon/network/connection/tcpfull.py", line 25, in read_packet
2026-07-26 08:07:50:     packet_len_seq = await reader.readexactly(8)  # 4 and 4
2026-07-26 08:07:50:                      ^^^^^^^^^^^^^^^^^^^^^^^^^^^
2026-07-26 08:07:50:   File "/usr/lib/python3.11/asyncio/streams.py", line 728, in readexactly
2026-07-26 08:07:50:     await self._wait_for_data('readexactly')
2026-07-26 08:07:50:   File "/usr/lib/python3.11/asyncio/streams.py", line 508, in _wait_for_data
2026-07-26 08:07:50:     raise RuntimeError(
2026-07-26 08:07:50: RuntimeError: readexactly() called while another coroutine is already waiting for incoming data
2026-07-26 08:07:50: Unhandled error while receiving data
2026-07-26 08:07:50: Traceback (most recent call last):
2026-07-26 08:07:50:   File "/home/nisch/Desktop/MediaGrabber/.venv/lib/python3.11/site-packages/telethon/network/mtprotosender.py", line 507, in _recv_loop
2026-07-26 08:07:50:     body = await self._connection.recv()
2026-07-26 08:07:50:            ^^^^^^^^^^^^^^^^^^^^^^^^^^^^^
2026-07-26 08:07:50:   File "/home/nisch/Desktop/MediaGrabber/.venv/lib/python3.11/site-packages/telethon/network/connection/connection.py", line 304, in recv
2026-07-26 08:07:50:     raise err
2026-07-26 08:07:50:   File "/home/nisch/Desktop/MediaGrabber/.venv/lib/python3.11/site-packages/telethon/network/connection/connection.py", line 335, in _recv_loop
2026-07-26 08:07:50:     data = await self._recv()
2026-07-26 08:07:50:            ^^^^^^^^^^^^^^^^^^
2026-07-26 08:07:50:   File "/home/nisch/Desktop/MediaGrabber/.venv/lib/python3.11/site-packages/telethon/network/connection/connection.py", line 374, in _recv
2026-07-26 08:07:50:     return await self._codec.read_packet(self._reader)
2026-07-26 08:07:50:            ^^^^^^^^^^^^^^^^^^^^^^^^^^^^^^^^^^^^^^^^^^^
2026-07-26 08:07:50:   File "/home/nisch/Desktop/MediaGrabber/.venv/lib/python3.11/site-packages/telethon/network/connection/tcpfull.py", line 25, in read_packet
2026-07-26 08:07:50:     packet_len_seq = await reader.readexactly(8)  # 4 and 4
2026-07-26 08:07:50:                      ^^^^^^^^^^^^^^^^^^^^^^^^^^^
2026-07-26 08:07:50:   File "/usr/lib/python3.11/asyncio/streams.py", line 728, in readexactly
2026-07-26 08:07:50:     await self._wait_for_data('readexactly')
2026-07-26 08:07:50:   File "/usr/lib/python3.11/asyncio/streams.py", line 508, in _wait_for_data
2026-07-26 08:07:50:     raise RuntimeError(
2026-07-26 08:07:50: RuntimeError: readexactly() called while another coroutine is already waiting for incoming data
2026-07-26 08:07:50: Security error while unpacking a received message: Server replied with a wrong session ID (see FAQ for details)
2026-07-26 08:07:50: Unexpected exception in the receive loop
2026-07-26 08:07:50: Traceback (most recent call last):
2026-07-26 08:07:50:   File "/home/nisch/Desktop/MediaGrabber/.venv/lib/python3.11/site-packages/telethon/network/connection/connection.py", line 335, in _recv_loop
2026-07-26 08:07:50:     data = await self._recv()
2026-07-26 08:07:50:            ^^^^^^^^^^^^^^^^^^
2026-07-26 08:07:50:   File "/home/nisch/Desktop/MediaGrabber/.venv/lib/python3.11/site-packages/telethon/network/connection/connection.py", line 374, in _recv
2026-07-26 08:07:50:     return await self._codec.read_packet(self._reader)
2026-07-26 08:07:50:            ^^^^^^^^^^^^^^^^^^^^^^^^^^^^^^^^^^^^^^^^^^^
2026-07-26 08:07:50:   File "/home/nisch/Desktop/MediaGrabber/.venv/lib/python3.11/site-packages/telethon/network/connection/tcpfull.py", line 25, in read_packet
2026-07-26 08:07:50:     packet_len_seq = await reader.readexactly(8)  # 4 and 4
2026-07-26 08:07:50:                      ^^^^^^^^^^^^^^^^^^^^^^^^^^^
2026-07-26 08:07:50:   File "/usr/lib/python3.11/asyncio/streams.py", line 728, in readexactly
2026-07-26 08:07:50:     await self._wait_for_data('readexactly')
2026-07-26 08:07:50:   File "/usr/lib/python3.11/asyncio/streams.py", line 508, in _wait_for_data
2026-07-26 08:07:50:     raise RuntimeError(
2026-07-26 08:07:50: RuntimeError: readexactly() called while another coroutine is already waiting for incoming data
2026-07-26 08:07:50: Unhandled error while receiving data
2026-07-26 08:07:50: Traceback (most recent call last):
2026-07-26 08:07:50:   File "/home/nisch/Desktop/MediaGrabber/.venv/lib/python3.11/site-packages/telethon/network/mtprotosender.py", line 507, in _recv_loop
2026-07-26 08:07:50:     body = await self._connection.recv()
2026-07-26 08:07:50:            ^^^^^^^^^^^^^^^^^^^^^^^^^^^^^
2026-07-26 08:07:50:   File "/home/nisch/Desktop/MediaGrabber/.venv/lib/python3.11/site-packages/telethon/network/connection/connection.py", line 304, in recv
2026-07-26 08:07:50:     raise err
2026-07-26 08:07:50:   File "/home/nisch/Desktop/MediaGrabber/.venv/lib/python3.11/site-packages/telethon/network/connection/connection.py", line 335, in _recv_loop
2026-07-26 08:07:50:     data = await self._recv()
2026-07-26 08:07:50:            ^^^^^^^^^^^^^^^^^^
2026-07-26 08:07:50:   File "/home/nisch/Desktop/MediaGrabber/.venv/lib/python3.11/site-packages/telethon/network/connection/connection.py", line 374, in _recv
2026-07-26 08:07:50:     return await self._codec.read_packet(self._reader)
2026-07-26 08:07:50:            ^^^^^^^^^^^^^^^^^^^^^^^^^^^^^^^^^^^^^^^^^^^
2026-07-26 08:07:50:   File "/home/nisch/Desktop/MediaGrabber/.venv/lib/python3.11/site-packages/telethon/network/connection/tcpfull.py", line 25, in read_packet
2026-07-26 08:07:50:     packet_len_seq = await reader.readexactly(8)  # 4 and 4
2026-07-26 08:07:50:                      ^^^^^^^^^^^^^^^^^^^^^^^^^^^
2026-07-26 08:07:50:   File "/usr/lib/python3.11/asyncio/streams.py", line 728, in readexactly
2026-07-26 08:07:50:     await self._wait_for_data('readexactly')
2026-07-26 08:07:50:   File "/usr/lib/python3.11/asyncio/streams.py", line 508, in _wait_for_data
2026-07-26 08:07:50:     raise RuntimeError(
2026-07-26 08:07:50: RuntimeError: readexactly() called while another coroutine is already waiting for incoming data
2026-07-26 08:07:50: Security error while unpacking a received message: Server replied with a wrong session ID (see FAQ for details)
2026-07-26 08:07:50: Security error while unpacking a received message: Server replied with a wrong session ID (see FAQ for details)
2026-07-27 08:09:42: Server closed the connection: 0 bytes read on a total of 8 expected bytes
2026-07-28 08:08:28: Server closed the connection: 0 bytes read on a total of 8 expected bytes
2026-07-31 12:57:20: Server closed the connection: 0 bytes read on a total of 8 expected bytes
2026-07-31 13:04:43: Server closed the connection: 0 bytes read on a total of 8 expected bytes
2026-08-01 08:05:38: Server closed the connection: 0 bytes read on a total of 8 expected bytes
2026-08-02 08:07:14: Server closed the connection: 0 bytes read on a total of 8 expected bytes
2026-08-03 08:12:07: Server closed the connection: 0 bytes read on a total of 8 expected bytes
2026-08-03 08:12:17: Graceful disconnection timed out, forcibly ignoring cleanup
2026-08-03 08:12:20: Unexpected exception in the receive loop
2026-08-03 08:12:20: Traceback (most recent call last):
2026-08-03 08:12:20:   File "/home/nisch/Desktop/MediaGrabber/.venv/lib/python3.11/site-packages/telethon/network/connection/connection.py", line 335, in _recv_loop
2026-08-03 08:12:20:     data = await self._recv()
2026-08-03 08:12:20:            ^^^^^^^^^^^^^^^^^^
2026-08-03 08:12:20:   File "/home/nisch/Desktop/MediaGrabber/.venv/lib/python3.11/site-packages/telethon/network/connection/connection.py", line 374, in _recv
2026-08-03 08:12:20:     return await self._codec.read_packet(self._reader)
2026-08-03 08:12:20:            ^^^^^^^^^^^^^^^^^^^^^^^^^^^^^^^^^^^^^^^^^^^
2026-08-03 08:12:20:   File "/home/nisch/Desktop/MediaGrabber/.venv/lib/python3.11/site-packages/telethon/network/connection/tcpfull.py", line 25, in read_packet
2026-08-03 08:12:20:     packet_len_seq = await reader.readexactly(8)  # 4 and 4
2026-08-03 08:12:20:                      ^^^^^^^^^^^^^^^^^^^^^^^^^^^
2026-08-03 08:12:20:   File "/usr/lib/python3.11/asyncio/streams.py", line 728, in readexactly
2026-08-03 08:12:20:     await self._wait_for_data('readexactly')
2026-08-03 08:12:20:   File "/usr/lib/python3.11/asyncio/streams.py", line 508, in _wait_for_data
2026-08-03 08:12:20:     raise RuntimeError(
2026-08-03 08:12:20: RuntimeError: readexactly() called while another coroutine is already waiting for incoming data
2026-08-03 08:12:20: Unhandled error while receiving data
2026-08-03 08:12:20: Traceback (most recent call last):
2026-08-03 08:12:20:   File "/home/nisch/Desktop/MediaGrabber/.venv/lib/python3.11/site-packages/telethon/network/mtprotosender.py", line 507, in _recv_loop
2026-08-03 08:12:20:     body = await self._connection.recv()
2026-08-03 08:12:20:            ^^^^^^^^^^^^^^^^^^^^^^^^^^^^^
2026-08-03 08:12:20:   File "/home/nisch/Desktop/MediaGrabber/.venv/lib/python3.11/site-packages/telethon/network/connection/connection.py", line 304, in recv
2026-08-03 08:12:20:     raise err
2026-08-03 08:12:20:   File "/home/nisch/Desktop/MediaGrabber/.venv/lib/python3.11/site-packages/telethon/network/connection/connection.py", line 335, in _recv_loop
2026-08-03 08:12:20:     data = await self._recv()
2026-08-03 08:12:20:            ^^^^^^^^^^^^^^^^^^
2026-08-03 08:12:20:   File "/home/nisch/Desktop/MediaGrabber/.venv/lib/python3.11/site-packages/telethon/network/connection/connection.py", line 374, in _recv
2026-08-03 08:12:20:     return await self._codec.read_packet(self._reader)
2026-08-03 08:12:20:            ^^^^^^^^^^^^^^^^^^^^^^^^^^^^^^^^^^^^^^^^^^^
2026-08-03 08:12:20:   File "/home/nisch/Desktop/MediaGrabber/.venv/lib/python3.11/site-packages/telethon/network/connection/tcpfull.py", line 25, in read_packet
2026-08-03 08:12:20:     packet_len_seq = await reader.readexactly(8)  # 4 and 4
2026-08-03 08:12:20:                      ^^^^^^^^^^^^^^^^^^^^^^^^^^^
2026-08-03 08:12:20:   File "/usr/lib/python3.11/asyncio/streams.py", line 728, in readexactly
2026-08-03 08:12:20:     await self._wait_for_data('readexactly')
2026-08-03 08:12:20:   File "/usr/lib/python3.11/asyncio/streams.py", line 508, in _wait_for_data
2026-08-03 08:12:20:     raise RuntimeError(
2026-08-03 08:12:20: RuntimeError: readexactly() called while another coroutine is already waiting for incoming data
2026-08-04 08:10:05: Server closed the connection: 0 bytes read on a total of 8 expected bytes
2026-08-04 08:10:15: Graceful disconnection timed out, forcibly ignoring cleanup
2026-08-04 08:10:15: Unexpected exception in the receive loop
2026-08-04 08:10:15: Traceback (most recent call last):
2026-08-04 08:10:15:   File "/home/nisch/Desktop/MediaGrabber/.venv/lib/python3.11/site-packages/telethon/network/connection/connection.py", line 335, in _recv_loop
2026-08-04 08:10:15:     data = await self._recv()
2026-08-04 08:10:15:            ^^^^^^^^^^^^^^^^^^
2026-08-04 08:10:15:   File "/home/nisch/Desktop/MediaGrabber/.venv/lib/python3.11/site-packages/telethon/network/connection/connection.py", line 374, in _recv
2026-08-04 08:10:15:     return await self._codec.read_packet(self._reader)
2026-08-04 08:10:15:            ^^^^^^^^^^^^^^^^^^^^^^^^^^^^^^^^^^^^^^^^^^^
2026-08-04 08:10:15:   File "/home/nisch/Desktop/MediaGrabber/.venv/lib/python3.11/site-packages/telethon/network/connection/tcpfull.py", line 25, in read_packet
2026-08-04 08:10:15:     packet_len_seq = await reader.readexactly(8)  # 4 and 4
2026-08-04 08:10:15:                      ^^^^^^^^^^^^^^^^^^^^^^^^^^^
2026-08-04 08:10:15:   File "/usr/lib/python3.11/asyncio/streams.py", line 728, in readexactly
2026-08-04 08:10:15:     await self._wait_for_data('readexactly')
2026-08-04 08:10:15:   File "/usr/lib/python3.11/asyncio/streams.py", line 508, in _wait_for_data
2026-08-04 08:10:15:     raise RuntimeError(
2026-08-04 08:10:15: RuntimeError: readexactly() called while another coroutine is already waiting for incoming data
2026-08-04 08:10:15: Unhandled error while receiving data
2026-08-04 08:10:15: Traceback (most recent call last):
2026-08-04 08:10:15:   File "/home/nisch/Desktop/MediaGrabber/.venv/lib/python3.11/site-packages/telethon/network/mtprotosender.py", line 507, in _recv_loop
2026-08-04 08:10:15:     body = await self._connection.recv()
2026-08-04 08:10:15:            ^^^^^^^^^^^^^^^^^^^^^^^^^^^^^
2026-08-04 08:10:15:   File "/home/nisch/Desktop/MediaGrabber/.venv/lib/python3.11/site-packages/telethon/network/connection/connection.py", line 304, in recv
2026-08-04 08:10:15:     raise err
2026-08-04 08:10:15:   File "/home/nisch/Desktop/MediaGrabber/.venv/lib/python3.11/site-packages/telethon/network/connection/connection.py", line 335, in _recv_loop
2026-08-04 08:10:15:     data = await self._recv()
2026-08-04 08:10:15:            ^^^^^^^^^^^^^^^^^^
2026-08-04 08:10:15:   File "/home/nisch/Desktop/MediaGrabber/.venv/lib/python3.11/site-packages/telethon/network/connection/connection.py", line 374, in _recv
2026-08-04 08:10:15:     return await self._codec.read_packet(self._reader)
2026-08-04 08:10:15:            ^^^^^^^^^^^^^^^^^^^^^^^^^^^^^^^^^^^^^^^^^^^
2026-08-04 08:10:15:   File "/home/nisch/Desktop/MediaGrabber/.venv/lib/python3.11/site-packages/telethon/network/connection/tcpfull.py", line 25, in read_packet
2026-08-04 08:10:15:     packet_len_seq = await reader.readexactly(8)  # 4 and 4
2026-08-04 08:10:15:                      ^^^^^^^^^^^^^^^^^^^^^^^^^^^
2026-08-04 08:10:15:   File "/usr/lib/python3.11/asyncio/streams.py", line 728, in readexactly
2026-08-04 08:10:15:     await self._wait_for_data('readexactly')
2026-08-04 08:10:15:   File "/usr/lib/python3.11/asyncio/streams.py", line 508, in _wait_for_data
2026-08-04 08:10:15:     raise RuntimeError(
2026-08-04 08:10:15: RuntimeError: readexactly() called while another coroutine is already waiting for incoming data
2026-08-05 20:58:06: Server closed the connection: 0 bytes read on a total of 8 expected bytes
2026-08-05 20:58:16: Graceful disconnection timed out, forcibly ignoring cleanup
2026-08-05 20:58:16: Unexpected exception in the receive loop
2026-08-05 20:58:16: Traceback (most recent call last):
2026-08-05 20:58:16:   File "/home/nisch/Desktop/MediaGrabber/.venv/lib/python3.11/site-packages/telethon/network/connection/connection.py", line 335, in _recv_loop
2026-08-05 20:58:16:     data = await self._recv()
2026-08-05 20:58:16:            ^^^^^^^^^^^^^^^^^^
2026-08-05 20:58:16:   File "/home/nisch/Desktop/MediaGrabber/.venv/lib/python3.11/site-packages/telethon/network/connection/connection.py", line 374, in _recv
2026-08-05 20:58:16:     return await self._codec.read_packet(self._reader)
2026-08-05 20:58:16:            ^^^^^^^^^^^^^^^^^^^^^^^^^^^^^^^^^^^^^^^^^^^
2026-08-05 20:58:16:   File "/home/nisch/Desktop/MediaGrabber/.venv/lib/python3.11/site-packages/telethon/network/connection/tcpfull.py", line 25, in read_packet
2026-08-05 20:58:16:     packet_len_seq = await reader.readexactly(8)  # 4 and 4
2026-08-05 20:58:16:                      ^^^^^^^^^^^^^^^^^^^^^^^^^^^
2026-08-05 20:58:16:   File "/usr/lib/python3.11/asyncio/streams.py", line 728, in readexactly
2026-08-05 20:58:16:     await self._wait_for_data('readexactly')
2026-08-05 20:58:16:   File "/usr/lib/python3.11/asyncio/streams.py", line 508, in _wait_for_data
2026-08-05 20:58:16:     raise RuntimeError(
2026-08-05 20:58:16: RuntimeError: readexactly() called while another coroutine is already waiting for incoming data
2026-08-05 20:58:16: Unhandled error while receiving data
2026-08-05 20:58:16: Traceback (most recent call last):
2026-08-05 20:58:16:   File "/home/nisch/Desktop/MediaGrabber/.venv/lib/python3.11/site-packages/telethon/network/mtprotosender.py", line 507, in _recv_loop
2026-08-05 20:58:16:     body = await self._connection.recv()
2026-08-05 20:58:16:            ^^^^^^^^^^^^^^^^^^^^^^^^^^^^^
2026-08-05 20:58:16:   File "/home/nisch/Desktop/MediaGrabber/.venv/lib/python3.11/site-packages/telethon/network/connection/connection.py", line 304, in recv
2026-08-05 20:58:16:     raise err
2026-08-05 20:58:16:   File "/home/nisch/Desktop/MediaGrabber/.venv/lib/python3.11/site-packages/telethon/network/connection/connection.py", line 335, in _recv_loop
2026-08-05 20:58:16:     data = await self._recv()
2026-08-05 20:58:16:            ^^^^^^^^^^^^^^^^^^
2026-08-05 20:58:16:   File "/home/nisch/Desktop/MediaGrabber/.venv/lib/python3.11/site-packages/telethon/network/connection/connection.py", line 374, in _recv
2026-08-05 20:58:16:     return await self._codec.read_packet(self._reader)
2026-08-05 20:58:16:            ^^^^^^^^^^^^^^^^^^^^^^^^^^^^^^^^^^^^^^^^^^^
2026-08-05 20:58:16:   File "/home/nisch/Desktop/MediaGrabber/.venv/lib/python3.11/site-packages/telethon/network/connection/tcpfull.py", line 25, in read_packet
2026-08-05 20:58:16:     packet_len_seq = await reader.readexactly(8)  # 4 and 4
2026-08-05 20:58:16:                      ^^^^^^^^^^^^^^^^^^^^^^^^^^^
2026-08-05 20:58:16:   File "/usr/lib/python3.11/asyncio/streams.py", line 728, in readexactly
2026-08-05 20:58:16:     await self._wait_for_data('readexactly')
2026-08-05 20:58:16:   File "/usr/lib/python3.11/asyncio/streams.py", line 508, in _wait_for_data
2026-08-05 20:58:16:     raise RuntimeError(
2026-08-05 20:58:16: RuntimeError: readexactly() called while another coroutine is already waiting for incoming data
2026-08-06 08:08:21: Server closed the connection: 0 bytes read on a total of 8 expected bytes
2026-08-06 08:08:31: Graceful disconnection timed out, forcibly ignoring cleanup
2026-08-06 08:08:31: Unexpected exception in the receive loop
2026-08-06 08:08:31: Traceback (most recent call last):
2026-08-06 08:08:31:   File "/home/nisch/Desktop/MediaGrabber/.venv/lib/python3.11/site-packages/telethon/network/connection/connection.py", line 335, in _recv_loop
2026-08-06 08:08:31:     data = await self._recv()
2026-08-06 08:08:31:            ^^^^^^^^^^^^^^^^^^
2026-08-06 08:08:31:   File "/home/nisch/Desktop/MediaGrabber/.venv/lib/python3.11/site-packages/telethon/network/connection/connection.py", line 374, in _recv
2026-08-06 08:08:31:     return await self._codec.read_packet(self._reader)
2026-08-06 08:08:31:            ^^^^^^^^^^^^^^^^^^^^^^^^^^^^^^^^^^^^^^^^^^^
2026-08-06 08:08:31:   File "/home/nisch/Desktop/MediaGrabber/.venv/lib/python3.11/site-packages/telethon/network/connection/tcpfull.py", line 25, in read_packet
2026-08-06 08:08:31:     packet_len_seq = await reader.readexactly(8)  # 4 and 4
2026-08-06 08:08:31:                      ^^^^^^^^^^^^^^^^^^^^^^^^^^^
2026-08-06 08:08:31:   File "/usr/lib/python3.11/asyncio/streams.py", line 728, in readexactly
2026-08-06 08:08:31:     await self._wait_for_data('readexactly')
2026-08-06 08:08:31:   File "/usr/lib/python3.11/asyncio/streams.py", line 508, in _wait_for_data
2026-08-06 08:08:31:     raise RuntimeError(
2026-08-06 08:08:31: RuntimeError: readexactly() called while another coroutine is already waiting for incoming data
2026-08-06 08:08:31: Unhandled error while receiving data
2026-08-06 08:08:31: Traceback (most recent call last):
2026-08-06 08:08:31:   File "/home/nisch/Desktop/MediaGrabber/.venv/lib/python3.11/site-packages/telethon/network/mtprotosender.py", line 507, in _recv_loop
2026-08-06 08:08:31:     body = await self._connection.recv()
2026-08-06 08:08:31:            ^^^^^^^^^^^^^^^^^^^^^^^^^^^^^
2026-08-06 08:08:31:   File "/home/nisch/Desktop/MediaGrabber/.venv/lib/python3.11/site-packages/telethon/network/connection/connection.py", line 304, in recv
2026-08-06 08:08:31:     raise err
2026-08-06 08:08:31:   File "/home/nisch/Desktop/MediaGrabber/.venv/lib/python3.11/site-packages/telethon/network/connection/connection.py", line 335, in _recv_loop
2026-08-06 08:08:31:     data = await self._recv()
2026-08-06 08:08:31:            ^^^^^^^^^^^^^^^^^^
2026-08-06 08:08:31:   File "/home/nisch/Desktop/MediaGrabber/.venv/lib/python3.11/site-packages/telethon/network/connection/connection.py", line 374, in _recv
2026-08-06 08:08:31:     return await self._codec.read_packet(self._reader)
2026-08-06 08:08:31:            ^^^^^^^^^^^^^^^^^^^^^^^^^^^^^^^^^^^^^^^^^^^
2026-08-06 08:08:31:   File "/home/nisch/Desktop/MediaGrabber/.venv/lib/python3.11/site-packages/telethon/network/connection/tcpfull.py", line 25, in read_packet
2026-08-06 08:08:31:     packet_len_seq = await reader.readexactly(8)  # 4 and 4
2026-08-06 08:08:31:                      ^^^^^^^^^^^^^^^^^^^^^^^^^^^
2026-08-06 08:08:31:   File "/usr/lib/python3.11/asyncio/streams.py", line 728, in readexactly
2026-08-06 08:08:31:     await self._wait_for_data('readexactly')
2026-08-06 08:08:31:   File "/usr/lib/python3.11/asyncio/streams.py", line 508, in _wait_for_data
2026-08-06 08:08:31:     raise RuntimeError(
2026-08-06 08:08:31: RuntimeError: readexactly() called while another coroutine is already waiting for incoming data
2026-08-07 08:08:36: Server closed the connection: 0 bytes read on a total of 8 expected bytes
2026-08-07 08:08:46: Graceful disconnection timed out, forcibly ignoring cleanup
2026-08-07 08:08:46: Unexpected exception in the receive loop
2026-08-07 08:08:46: Traceback (most recent call last):
2026-08-07 08:08:46:   File "/home/nisch/Desktop/MediaGrabber/.venv/lib/python3.11/site-packages/telethon/network/connection/connection.py", line 335, in _recv_loop
2026-08-07 08:08:46:     data = await self._recv()
2026-08-07 08:08:46:            ^^^^^^^^^^^^^^^^^^
2026-08-07 08:08:46:   File "/home/nisch/Desktop/MediaGrabber/.venv/lib/python3.11/site-packages/telethon/network/connection/connection.py", line 374, in _recv
2026-08-07 08:08:46:     return await self._codec.read_packet(self._reader)
2026-08-07 08:08:46:            ^^^^^^^^^^^^^^^^^^^^^^^^^^^^^^^^^^^^^^^^^^^
2026-08-07 08:08:46:   File "/home/nisch/Desktop/MediaGrabber/.venv/lib/python3.11/site-packages/telethon/network/connection/tcpfull.py", line 25, in read_packet
2026-08-07 08:08:46:     packet_len_seq = await reader.readexactly(8)  # 4 and 4
2026-08-07 08:08:46:                      ^^^^^^^^^^^^^^^^^^^^^^^^^^^
2026-08-07 08:08:46:   File "/usr/lib/python3.11/asyncio/streams.py", line 728, in readexactly
2026-08-07 08:08:46:     await self._wait_for_data('readexactly')
2026-08-07 08:08:46:   File "/usr/lib/python3.11/asyncio/streams.py", line 508, in _wait_for_data
2026-08-07 08:08:46:     raise RuntimeError(
2026-08-07 08:08:46: RuntimeError: readexactly() called while another coroutine is already waiting for incoming data
2026-08-07 08:08:46: Unhandled error while receiving data
2026-08-07 08:08:46: Traceback (most recent call last):
2026-08-07 08:08:46:   File "/home/nisch/Desktop/MediaGrabber/.venv/lib/python3.11/site-packages/telethon/network/mtprotosender.py", line 507, in _recv_loop
2026-08-07 08:08:46:     body = await self._connection.recv()
2026-08-07 08:08:46:            ^^^^^^^^^^^^^^^^^^^^^^^^^^^^^
2026-08-07 08:08:46:   File "/home/nisch/Desktop/MediaGrabber/.venv/lib/python3.11/site-packages/telethon/network/connection/connection.py", line 304, in recv
2026-08-07 08:08:46:     raise err
2026-08-07 08:08:46:   File "/home/nisch/Desktop/MediaGrabber/.venv/lib/python3.11/site-packages/telethon/network/connection/connection.py", line 335, in _recv_loop
2026-08-07 08:08:46:     data = await self._recv()
2026-08-07 08:08:46:            ^^^^^^^^^^^^^^^^^^
2026-08-07 08:08:46:   File "/home/nisch/Desktop/MediaGrabber/.venv/lib/python3.11/site-packages/telethon/network/connection/connection.py", line 374, in _recv
2026-08-07 08:08:46:     return await self._codec.read_packet(self._reader)
2026-08-07 08:08:46:            ^^^^^^^^^^^^^^^^^^^^^^^^^^^^^^^^^^^^^^^^^^^
2026-08-07 08:08:46:   File "/home/nisch/Desktop/MediaGrabber/.venv/lib/python3.11/site-packages/telethon/network/connection/tcpfull.py", line 25, in read_packet
2026-08-07 08:08:46:     packet_len_seq = await reader.readexactly(8)  # 4 and 4
2026-08-07 08:08:46:                      ^^^^^^^^^^^^^^^^^^^^^^^^^^^
2026-08-07 08:08:46:   File "/usr/lib/python3.11/asyncio/streams.py", line 728, in readexactly
2026-08-07 08:08:46:     await self._wait_for_data('readexactly')
2026-08-07 08:08:46:   File "/usr/lib/python3.11/asyncio/streams.py", line 508, in _wait_for_data
2026-08-07 08:08:46:     raise RuntimeError(
2026-08-07 08:08:46: RuntimeError: readexactly() called while another coroutine is already waiting for incoming data
2026-08-08 08:08:21: Server closed the connection: 0 bytes read on a total of 8 expected bytes
2026-08-08 08:08:31: Graceful disconnection timed out, forcibly ignoring cleanup
2026-08-08 08:08:31: Unexpected exception in the receive loop
2026-08-08 08:08:31: Traceback (most recent call last):
2026-08-08 08:08:31:   File "/home/nisch/Desktop/MediaGrabber/.venv/lib/python3.11/site-packages/telethon/network/connection/connection.py", line 335, in _recv_loop
2026-08-08 08:08:31:     data = await self._recv()
2026-08-08 08:08:31:            ^^^^^^^^^^^^^^^^^^
2026-08-08 08:08:31:   File "/home/nisch/Desktop/MediaGrabber/.venv/lib/python3.11/site-packages/telethon/network/connection/connection.py", line 374, in _recv
2026-08-08 08:08:31:     return await self._codec.read_packet(self._reader)
2026-08-08 08:08:31:            ^^^^^^^^^^^^^^^^^^^^^^^^^^^^^^^^^^^^^^^^^^^
2026-08-08 08:08:31:   File "/home/nisch/Desktop/MediaGrabber/.venv/lib/python3.11/site-packages/telethon/network/connection/tcpfull.py", line 25, in read_packet
2026-08-08 08:08:31:     packet_len_seq = await reader.readexactly(8)  # 4 and 4
2026-08-08 08:08:31:                      ^^^^^^^^^^^^^^^^^^^^^^^^^^^
2026-08-08 08:08:31:   File "/usr/lib/python3.11/asyncio/streams.py", line 728, in readexactly
2026-08-08 08:08:31:     await self._wait_for_data('readexactly')
2026-08-08 08:08:31:   File "/usr/lib/python3.11/asyncio/streams.py", line 508, in _wait_for_data
2026-08-08 08:08:31:     raise RuntimeError(
2026-08-08 08:08:31: RuntimeError: readexactly() called while another coroutine is already waiting for incoming data
2026-08-08 08:08:31: Unhandled error while receiving data
2026-08-08 08:08:31: Traceback (most recent call last):
2026-08-08 08:08:31:   File "/home/nisch/Desktop/MediaGrabber/.venv/lib/python3.11/site-packages/telethon/network/mtprotosender.py", line 507, in _recv_loop
2026-08-08 08:08:31:     body = await self._connection.recv()
2026-08-08 08:08:31:            ^^^^^^^^^^^^^^^^^^^^^^^^^^^^^
2026-08-08 08:08:31:   File "/home/nisch/Desktop/MediaGrabber/.venv/lib/python3.11/site-packages/telethon/network/connection/connection.py", line 304, in recv
2026-08-08 08:08:31:     raise err
2026-08-08 08:08:31:   File "/home/nisch/Desktop/MediaGrabber/.venv/lib/python3.11/site-packages/telethon/network/connection/connection.py", line 335, in _recv_loop
2026-08-08 08:08:31:     data = await self._recv()
2026-08-08 08:08:31:            ^^^^^^^^^^^^^^^^^^
2026-08-08 08:08:31:   File "/home/nisch/Desktop/MediaGrabber/.venv/lib/python3.11/site-packages/telethon/network/connection/connection.py", line 374, in _recv
2026-08-08 08:08:31:     return await self._codec.read_packet(self._reader)
2026-08-08 08:08:31:            ^^^^^^^^^^^^^^^^^^^^^^^^^^^^^^^^^^^^^^^^^^^
2026-08-08 08:08:31:   File "/home/nisch/Desktop/MediaGrabber/.venv/lib/python3.11/site-packages/telethon/network/connection/tcpfull.py", line 25, in read_packet
2026-08-08 08:08:31:     packet_len_seq = await reader.readexactly(8)  # 4 and 4
2026-08-08 08:08:31:                      ^^^^^^^^^^^^^^^^^^^^^^^^^^^
2026-08-08 08:08:31:   File "/usr/lib/python3.11/asyncio/streams.py", line 728, in readexactly
2026-08-08 08:08:31:     await self._wait_for_data('readexactly')
2026-08-08 08:08:31:   File "/usr/lib/python3.11/asyncio/streams.py", line 508, in _wait_for_data
2026-08-08 08:08:31:     raise RuntimeError(
2026-08-08 08:08:31: RuntimeError: readexactly() called while another coroutine is already waiting for incoming data
2026-08-08 08:15:56: Server closed the connection: 0 bytes read on a total of 8 expected bytes
2026-08-08 08:24:55: Server closed the connection: 0 bytes read on a total of 8 expected bytes
2026-08-08 08:32:13: Server closed the connection: 0 bytes read on a total of 8 expected bytes
2026-08-08 08:39:53: Server closed the connection: 0 bytes read on a total of 8 expected bytes
2026-08-09 08:08:08: Server closed the connection: 0 bytes read on a total of 8 expected bytes
2026-08-09 08:08:18: Graceful disconnection timed out, forcibly ignoring cleanup
2026-08-09 08:08:18: Unexpected exception in the receive loop
2026-08-09 08:08:18: Traceback (most recent call last):
2026-08-09 08:08:18:   File "/home/nisch/Desktop/MediaGrabber/.venv/lib/python3.11/site-packages/telethon/network/connection/connection.py", line 335, in _recv_loop
2026-08-09 08:08:18:     data = await self._recv()
2026-08-09 08:08:18:            ^^^^^^^^^^^^^^^^^^
2026-08-09 08:08:18:   File "/home/nisch/Desktop/MediaGrabber/.venv/lib/python3.11/site-packages/telethon/network/connection/connection.py", line 374, in _recv
2026-08-09 08:08:18:     return await self._codec.read_packet(self._reader)
2026-08-09 08:08:18:            ^^^^^^^^^^^^^^^^^^^^^^^^^^^^^^^^^^^^^^^^^^^
2026-08-09 08:08:18:   File "/home/nisch/Desktop/MediaGrabber/.venv/lib/python3.11/site-packages/telethon/network/connection/tcpfull.py", line 25, in read_packet
2026-08-09 08:08:18:     packet_len_seq = await reader.readexactly(8)  # 4 and 4
2026-08-09 08:08:18:                      ^^^^^^^^^^^^^^^^^^^^^^^^^^^
2026-08-09 08:08:18:   File "/usr/lib/python3.11/asyncio/streams.py", line 728, in readexactly
2026-08-09 08:08:18:     await self._wait_for_data('readexactly')
2026-08-09 08:08:18:   File "/usr/lib/python3.11/asyncio/streams.py", line 508, in _wait_for_data
2026-08-09 08:08:18:     raise RuntimeError(
2026-08-09 08:08:18: RuntimeError: readexactly() called while another coroutine is already waiting for incoming data
2026-08-09 08:08:18: Unhandled error while receiving data
2026-08-09 08:08:18: Traceback (most recent call last):
2026-08-09 08:08:18:   File "/home/nisch/Desktop/MediaGrabber/.venv/lib/python3.11/site-packages/telethon/network/mtprotosender.py", line 507, in _recv_loop
2026-08-09 08:08:18:     body = await self._connection.recv()
2026-08-09 08:08:18:            ^^^^^^^^^^^^^^^^^^^^^^^^^^^^^
2026-08-09 08:08:18:   File "/home/nisch/Desktop/MediaGrabber/.venv/lib/python3.11/site-packages/telethon/network/connection/connection.py", line 304, in recv
2026-08-09 08:08:18:     raise err
2026-08-09 08:08:18:   File "/home/nisch/Desktop/MediaGrabber/.venv/lib/python3.11/site-packages/telethon/network/connection/connection.py", line 335, in _recv_loop
2026-08-09 08:08:18:     data = await self._recv()
2026-08-09 08:08:18:            ^^^^^^^^^^^^^^^^^^
2026-08-09 08:08:18:   File "/home/nisch/Desktop/MediaGrabber/.venv/lib/python3.11/site-packages/telethon/network/connection/connection.py", line 374, in _recv
2026-08-09 08:08:18:     return await self._codec.read_packet(self._reader)
2026-08-09 08:08:18:            ^^^^^^^^^^^^^^^^^^^^^^^^^^^^^^^^^^^^^^^^^^^
2026-08-09 08:08:18:   File "/home/nisch/Desktop/MediaGrabber/.venv/lib/python3.11/site-packages/telethon/network/connection/tcpfull.py", line 25, in read_packet
2026-08-09 08:08:18:     packet_len_seq = await reader.readexactly(8)  # 4 and 4
2026-08-09 08:08:18:                      ^^^^^^^^^^^^^^^^^^^^^^^^^^^
2026-08-09 08:08:18:   File "/usr/lib/python3.11/asyncio/streams.py", line 728, in readexactly
2026-08-09 08:08:18:     await self._wait_for_data('readexactly')
2026-08-09 08:08:18:   File "/usr/lib/python3.11/asyncio/streams.py", line 508, in _wait_for_data
2026-08-09 08:08:18:     raise RuntimeError(
2026-08-09 08:08:18: RuntimeError: readexactly() called while another coroutine is already waiting for incoming data
2026-08-10 08:09:14: Server closed the connection: 0 bytes read on a total of 8 expected bytes
2026-08-10 08:09:24: Graceful disconnection timed out, forcibly ignoring cleanup
2026-08-10 08:09:24: Unexpected exception in the receive loop
2026-08-10 08:09:24: Traceback (most recent call last):
2026-08-10 08:09:24:   File "/home/nisch/Desktop/MediaGrabber/.venv/lib/python3.11/site-packages/telethon/network/connection/connection.py", line 335, in _recv_loop
2026-08-10 08:09:24:     data = await self._recv()
2026-08-10 08:09:24:            ^^^^^^^^^^^^^^^^^^
2026-08-10 08:09:24:   File "/home/nisch/Desktop/MediaGrabber/.venv/lib/python3.11/site-packages/telethon/network/connection/connection.py", line 374, in _recv
2026-08-10 08:09:24:     return await self._codec.read_packet(self._reader)
2026-08-10 08:09:24:            ^^^^^^^^^^^^^^^^^^^^^^^^^^^^^^^^^^^^^^^^^^^
2026-08-10 08:09:24:   File "/home/nisch/Desktop/MediaGrabber/.venv/lib/python3.11/site-packages/telethon/network/connection/tcpfull.py", line 25, in read_packet
2026-08-10 08:09:24:     packet_len_seq = await reader.readexactly(8)  # 4 and 4
2026-08-10 08:09:24:                      ^^^^^^^^^^^^^^^^^^^^^^^^^^^
2026-08-10 08:09:24:   File "/usr/lib/python3.11/asyncio/streams.py", line 728, in readexactly
2026-08-10 08:09:24:     await self._wait_for_data('readexactly')
2026-08-10 08:09:24:   File "/usr/lib/python3.11/asyncio/streams.py", line 508, in _wait_for_data
2026-08-10 08:09:24:     raise RuntimeError(
2026-08-10 08:09:24: RuntimeError: readexactly() called while another coroutine is already waiting for incoming data
2026-08-10 08:09:24: Unhandled error while receiving data
2026-08-10 08:09:24: Traceback (most recent call last):
2026-08-10 08:09:24:   File "/home/nisch/Desktop/MediaGrabber/.venv/lib/python3.11/site-packages/telethon/network/mtprotosender.py", line 507, in _recv_loop
2026-08-10 08:09:24:     body = await self._connection.recv()
2026-08-10 08:09:24:            ^^^^^^^^^^^^^^^^^^^^^^^^^^^^^
2026-08-10 08:09:24:   File "/home/nisch/Desktop/MediaGrabber/.venv/lib/python3.11/site-packages/telethon/network/connection/connection.py", line 304, in recv
2026-08-10 08:09:24:     raise err
2026-08-10 08:09:24:   File "/home/nisch/Desktop/MediaGrabber/.venv/lib/python3.11/site-packages/telethon/network/connection/connection.py", line 335, in _recv_loop
2026-08-10 08:09:24:     data = await self._recv()
2026-08-10 08:09:24:            ^^^^^^^^^^^^^^^^^^
2026-08-10 08:09:24:   File "/home/nisch/Desktop/MediaGrabber/.venv/lib/python3.11/site-packages/telethon/network/connection/connection.py", line 374, in _recv
2026-08-10 08:09:24:     return await self._codec.read_packet(self._reader)
2026-08-10 08:09:24:            ^^^^^^^^^^^^^^^^^^^^^^^^^^^^^^^^^^^^^^^^^^^
2026-08-10 08:09:24:   File "/home/nisch/Desktop/MediaGrabber/.venv/lib/python3.11/site-packages/telethon/network/connection/tcpfull.py", line 25, in read_packet
2026-08-10 08:09:24:     packet_len_seq = await reader.readexactly(8)  # 4 and 4
2026-08-10 08:09:24:                      ^^^^^^^^^^^^^^^^^^^^^^^^^^^
2026-08-10 08:09:24:   File "/usr/lib/python3.11/asyncio/streams.py", line 728, in readexactly
2026-08-10 08:09:24:     await self._wait_for_data('readexactly')
2026-08-10 08:09:24:   File "/usr/lib/python3.11/asyncio/streams.py", line 508, in _wait_for_data
2026-08-10 08:09:24:     raise RuntimeError(
2026-08-10 08:09:24: RuntimeError: readexactly() called while another coroutine is already waiting for incoming data
2026-08-11 08:08:47: Server closed the connection: 0 bytes read on a total of 8 expected bytes
2026-08-11 08:08:57: Graceful disconnection timed out, forcibly ignoring cleanup
2026-08-11 08:08:57: Unexpected exception in the receive loop
2026-08-11 08:08:57: Traceback (most recent call last):
2026-08-11 08:08:57:   File "/home/nisch/Desktop/MediaGrabber/.venv/lib/python3.11/site-packages/telethon/network/connection/connection.py", line 335, in _recv_loop
2026-08-11 08:08:57:     data = await self._recv()
2026-08-11 08:08:57:            ^^^^^^^^^^^^^^^^^^
2026-08-11 08:08:57:   File "/home/nisch/Desktop/MediaGrabber/.venv/lib/python3.11/site-packages/telethon/network/connection/connection.py", line 374, in _recv
2026-08-11 08:08:57:     return await self._codec.read_packet(self._reader)
2026-08-11 08:08:57:            ^^^^^^^^^^^^^^^^^^^^^^^^^^^^^^^^^^^^^^^^^^^
2026-08-11 08:08:57:   File "/home/nisch/Desktop/MediaGrabber/.venv/lib/python3.11/site-packages/telethon/network/connection/tcpfull.py", line 25, in read_packet
2026-08-11 08:08:57:     packet_len_seq = await reader.readexactly(8)  # 4 and 4
2026-08-11 08:08:57:                      ^^^^^^^^^^^^^^^^^^^^^^^^^^^
2026-08-11 08:08:57:   File "/usr/lib/python3.11/asyncio/streams.py", line 728, in readexactly
2026-08-11 08:08:57:     await self._wait_for_data('readexactly')
2026-08-11 08:08:57:   File "/usr/lib/python3.11/asyncio/streams.py", line 508, in _wait_for_data
2026-08-11 08:08:57:     raise RuntimeError(
2026-08-11 08:08:57: RuntimeError: readexactly() called while another coroutine is already waiting for incoming data
2026-08-11 08:08:57: Unhandled error while receiving data
2026-08-11 08:08:57: Traceback (most recent call last):
2026-08-11 08:08:57:   File "/home/nisch/Desktop/MediaGrabber/.venv/lib/python3.11/site-packages/telethon/network/mtprotosender.py", line 507, in _recv_loop
2026-08-11 08:08:57:     body = await self._connection.recv()
2026-08-11 08:08:57:            ^^^^^^^^^^^^^^^^^^^^^^^^^^^^^
2026-08-11 08:08:57:   File "/home/nisch/Desktop/MediaGrabber/.venv/lib/python3.11/site-packages/telethon/network/connection/connection.py", line 304, in recv
2026-08-11 08:08:57:     raise err
2026-08-11 08:08:57:   File "/home/nisch/Desktop/MediaGrabber/.venv/lib/python3.11/site-packages/telethon/network/connection/connection.py", line 335, in _recv_loop
2026-08-11 08:08:57:     data = await self._recv()
2026-08-11 08:08:57:            ^^^^^^^^^^^^^^^^^^
2026-08-11 08:08:57:   File "/home/nisch/Desktop/MediaGrabber/.venv/lib/python3.11/site-packages/telethon/network/connection/connection.py", line 374, in _recv
2026-08-11 08:08:57:     return await self._codec.read_packet(self._reader)
2026-08-11 08:08:57:            ^^^^^^^^^^^^^^^^^^^^^^^^^^^^^^^^^^^^^^^^^^^
2026-08-11 08:08:57:   File "/home/nisch/Desktop/MediaGrabber/.venv/lib/python3.11/site-packages/telethon/network/connection/tcpfull.py", line 25, in read_packet
2026-08-11 08:08:57:     packet_len_seq = await reader.readexactly(8)  # 4 and 4
2026-08-11 08:08:57:                      ^^^^^^^^^^^^^^^^^^^^^^^^^^^
2026-08-11 08:08:57:   File "/usr/lib/python3.11/asyncio/streams.py", line 728, in readexactly
2026-08-11 08:08:57:     await self._wait_for_data('readexactly')
2026-08-11 08:08:57:   File "/usr/lib/python3.11/asyncio/streams.py", line 508, in _wait_for_data
2026-08-11 08:08:57:     raise RuntimeError(
2026-08-11 08:08:57: RuntimeError: readexactly() called while another coroutine is already waiting for incoming data
2026-08-12 08:14:07: Server closed the connection: 0 bytes read on a total of 8 expected bytes
2026-08-12 08:14:17: Graceful disconnection timed out, forcibly ignoring cleanup
2026-08-12 08:14:19: Unexpected exception in the receive loop
2026-08-12 08:14:19: Traceback (most recent call last):
2026-08-12 08:14:19:   File "/home/nisch/Desktop/MediaGrabber/.venv/lib/python3.11/site-packages/telethon/network/connection/connection.py", line 335, in _recv_loop
2026-08-12 08:14:19:     data = await self._recv()
2026-08-12 08:14:19:            ^^^^^^^^^^^^^^^^^^
2026-08-12 08:14:19:   File "/home/nisch/Desktop/MediaGrabber/.venv/lib/python3.11/site-packages/telethon/network/connection/connection.py", line 374, in _recv
2026-08-12 08:14:19:     return await self._codec.read_packet(self._reader)
2026-08-12 08:14:19:            ^^^^^^^^^^^^^^^^^^^^^^^^^^^^^^^^^^^^^^^^^^^
2026-08-12 08:14:19:   File "/home/nisch/Desktop/MediaGrabber/.venv/lib/python3.11/site-packages/telethon/network/connection/tcpfull.py", line 25, in read_packet
2026-08-12 08:14:19:     packet_len_seq = await reader.readexactly(8)  # 4 and 4
2026-08-12 08:14:19:                      ^^^^^^^^^^^^^^^^^^^^^^^^^^^
2026-08-12 08:14:19:   File "/usr/lib/python3.11/asyncio/streams.py", line 728, in readexactly
2026-08-12 08:14:19:     await self._wait_for_data('readexactly')
2026-08-12 08:14:19:   File "/usr/lib/python3.11/asyncio/streams.py", line 508, in _wait_for_data
2026-08-12 08:14:19:     raise RuntimeError(
2026-08-12 08:14:19: RuntimeError: readexactly() called while another coroutine is already waiting for incoming data
2026-08-12 08:14:19: Unhandled error while receiving data
2026-08-12 08:14:19: Traceback (most recent call last):
2026-08-12 08:14:19:   File "/home/nisch/Desktop/MediaGrabber/.venv/lib/python3.11/site-packages/telethon/network/mtprotosender.py", line 507, in _recv_loop
2026-08-12 08:14:19:     body = await self._connection.recv()
2026-08-12 08:14:19:            ^^^^^^^^^^^^^^^^^^^^^^^^^^^^^
2026-08-12 08:14:19:   File "/home/nisch/Desktop/MediaGrabber/.venv/lib/python3.11/site-packages/telethon/network/connection/connection.py", line 304, in recv
2026-08-12 08:14:19:     raise err
2026-08-12 08:14:19:   File "/home/nisch/Desktop/MediaGrabber/.venv/lib/python3.11/site-packages/telethon/network/connection/connection.py", line 335, in _recv_loop
2026-08-12 08:14:19:     data = await self._recv()
2026-08-12 08:14:19:            ^^^^^^^^^^^^^^^^^^
2026-08-12 08:14:19:   File "/home/nisch/Desktop/MediaGrabber/.venv/lib/python3.11/site-packages/telethon/network/connection/connection.py", line 374, in _recv
2026-08-12 08:14:19:     return await self._codec.read_packet(self._reader)
2026-08-12 08:14:19:            ^^^^^^^^^^^^^^^^^^^^^^^^^^^^^^^^^^^^^^^^^^^
2026-08-12 08:14:19:   File "/home/nisch/Desktop/MediaGrabber/.venv/lib/python3.11/site-packages/telethon/network/connection/tcpfull.py", line 25, in read_packet
2026-08-12 08:14:19:     packet_len_seq = await reader.readexactly(8)  # 4 and 4
2026-08-12 08:14:19:                      ^^^^^^^^^^^^^^^^^^^^^^^^^^^
2026-08-12 08:14:19:   File "/usr/lib/python3.11/asyncio/streams.py", line 728, in readexactly
2026-08-12 08:14:19:     await self._wait_for_data('readexactly')
2026-08-12 08:14:19:   File "/usr/lib/python3.11/asyncio/streams.py", line 508, in _wait_for_data
2026-08-12 08:14:19:     raise RuntimeError(
2026-08-12 08:14:19: RuntimeError: readexactly() called while another coroutine is already waiting for incoming data
2026-08-13 08:06:17: Server closed the connection: 0 bytes read on a total of 8 expected bytes
2026-08-13 08:06:27: Graceful disconnection timed out, forcibly ignoring cleanup
2026-08-13 08:06:27: Unexpected exception in the receive loop
2026-08-13 08:06:27: Traceback (most recent call last):
2026-08-13 08:06:27:   File "/home/nisch/Desktop/MediaGrabber/.venv/lib/python3.11/site-packages/telethon/network/connection/connection.py", line 335, in _recv_loop
2026-08-13 08:06:27:     data = await self._recv()
2026-08-13 08:06:27:            ^^^^^^^^^^^^^^^^^^
2026-08-13 08:06:27:   File "/home/nisch/Desktop/MediaGrabber/.venv/lib/python3.11/site-packages/telethon/network/connection/connection.py", line 374, in _recv
2026-08-13 08:06:27:     return await self._codec.read_packet(self._reader)
2026-08-13 08:06:27:            ^^^^^^^^^^^^^^^^^^^^^^^^^^^^^^^^^^^^^^^^^^^
2026-08-13 08:06:27:   File "/home/nisch/Desktop/MediaGrabber/.venv/lib/python3.11/site-packages/telethon/network/connection/tcpfull.py", line 25, in read_packet
2026-08-13 08:06:27:     packet_len_seq = await reader.readexactly(8)  # 4 and 4
2026-08-13 08:06:27:                      ^^^^^^^^^^^^^^^^^^^^^^^^^^^
2026-08-13 08:06:27:   File "/usr/lib/python3.11/asyncio/streams.py", line 728, in readexactly
2026-08-13 08:06:27:     await self._wait_for_data('readexactly')
2026-08-13 08:06:27:   File "/usr/lib/python3.11/asyncio/streams.py", line 508, in _wait_for_data
2026-08-13 08:06:27:     raise RuntimeError(
2026-08-13 08:06:27: RuntimeError: readexactly() called while another coroutine is already waiting for incoming data
2026-08-13 08:06:27: Unhandled error while receiving data
2026-08-13 08:06:27: Traceback (most recent call last):
2026-08-13 08:06:27:   File "/home/nisch/Desktop/MediaGrabber/.venv/lib/python3.11/site-packages/telethon/network/mtprotosender.py", line 507, in _recv_loop
2026-08-13 08:06:27:     body = await self._connection.recv()
2026-08-13 08:06:27:            ^^^^^^^^^^^^^^^^^^^^^^^^^^^^^
2026-08-13 08:06:27:   File "/home/nisch/Desktop/MediaGrabber/.venv/lib/python3.11/site-packages/telethon/network/connection/connection.py", line 304, in recv
2026-08-13 08:06:27:     raise err
2026-08-13 08:06:27:   File "/home/nisch/Desktop/MediaGrabber/.venv/lib/python3.11/site-packages/telethon/network/connection/connection.py", line 335, in _recv_loop
2026-08-13 08:06:27:     data = await self._recv()
2026-08-13 08:06:27:            ^^^^^^^^^^^^^^^^^^
2026-08-13 08:06:27:   File "/home/nisch/Desktop/MediaGrabber/.venv/lib/python3.11/site-packages/telethon/network/connection/connection.py", line 374, in _recv
2026-08-13 08:06:27:     return await self._codec.read_packet(self._reader)
2026-08-13 08:06:27:            ^^^^^^^^^^^^^^^^^^^^^^^^^^^^^^^^^^^^^^^^^^^
2026-08-13 08:06:27:   File "/home/nisch/Desktop/MediaGrabber/.venv/lib/python3.11/site-packages/telethon/network/connection/tcpfull.py", line 25, in read_packet
2026-08-13 08:06:27:     packet_len_seq = await reader.readexactly(8)  # 4 and 4
2026-08-13 08:06:27:                      ^^^^^^^^^^^^^^^^^^^^^^^^^^^
2026-08-13 08:06:27:   File "/usr/lib/python3.11/asyncio/streams.py", line 728, in readexactly
2026-08-13 08:06:27:     await self._wait_for_data('readexactly')
2026-08-13 08:06:27:   File "/usr/lib/python3.11/asyncio/streams.py", line 508, in _wait_for_data
2026-08-13 08:06:27:     raise RuntimeError(
2026-08-13 08:06:27: RuntimeError: readexactly() called while another coroutine is already waiting for incoming data
2026-08-14 08:08:37: Server closed the connection: 0 bytes read on a total of 8 expected bytes
2026-08-14 08:08:47: Graceful disconnection timed out, forcibly ignoring cleanup
2026-08-14 08:08:47: Unexpected exception in the receive loop
2026-08-14 08:08:47: Traceback (most recent call last):
2026-08-14 08:08:47:   File "/home/nisch/Desktop/MediaGrabber/.venv/lib/python3.11/site-packages/telethon/network/connection/connection.py", line 335, in _recv_loop
2026-08-14 08:08:47:     data = await self._recv()
2026-08-14 08:08:47:            ^^^^^^^^^^^^^^^^^^
2026-08-14 08:08:47:   File "/home/nisch/Desktop/MediaGrabber/.venv/lib/python3.11/site-packages/telethon/network/connection/connection.py", line 374, in _recv
2026-08-14 08:08:47:     return await self._codec.read_packet(self._reader)
2026-08-14 08:08:47:            ^^^^^^^^^^^^^^^^^^^^^^^^^^^^^^^^^^^^^^^^^^^
2026-08-14 08:08:47:   File "/home/nisch/Desktop/MediaGrabber/.venv/lib/python3.11/site-packages/telethon/network/connection/tcpfull.py", line 25, in read_packet
2026-08-14 08:08:47:     packet_len_seq = await reader.readexactly(8)  # 4 and 4
2026-08-14 08:08:47:                      ^^^^^^^^^^^^^^^^^^^^^^^^^^^
2026-08-14 08:08:47:   File "/usr/lib/python3.11/asyncio/streams.py", line 728, in readexactly
2026-08-14 08:08:47:     await self._wait_for_data('readexactly')
2026-08-14 08:08:47:   File "/usr/lib/python3.11/asyncio/streams.py", line 508, in _wait_for_data
2026-08-14 08:08:47:     raise RuntimeError(
2026-08-14 08:08:47: RuntimeError: readexactly() called while another coroutine is already waiting for incoming data
2026-08-14 08:08:47: Unhandled error while receiving data
2026-08-14 08:08:47: Traceback (most recent call last):
2026-08-14 08:08:47:   File "/home/nisch/Desktop/MediaGrabber/.venv/lib/python3.11/site-packages/telethon/network/mtprotosender.py", line 507, in _recv_loop
2026-08-14 08:08:47:     body = await self._connection.recv()
2026-08-14 08:08:47:            ^^^^^^^^^^^^^^^^^^^^^^^^^^^^^
2026-08-14 08:08:47:   File "/home/nisch/Desktop/MediaGrabber/.venv/lib/python3.11/site-packages/telethon/network/connection/connection.py", line 304, in recv
2026-08-14 08:08:47:     raise err
2026-08-14 08:08:47:   File "/home/nisch/Desktop/MediaGrabber/.venv/lib/python3.11/site-packages/telethon/network/connection/connection.py", line 335, in _recv_loop
2026-08-14 08:08:47:     data = await self._recv()
2026-08-14 08:08:47:            ^^^^^^^^^^^^^^^^^^
2026-08-14 08:08:47:   File "/home/nisch/Desktop/MediaGrabber/.venv/lib/python3.11/site-packages/telethon/network/connection/connection.py", line 374, in _recv
2026-08-14 08:08:47:     return await self._codec.read_packet(self._reader)
2026-08-14 08:08:47:            ^^^^^^^^^^^^^^^^^^^^^^^^^^^^^^^^^^^^^^^^^^^
2026-08-14 08:08:47:   File "/home/nisch/Desktop/MediaGrabber/.venv/lib/python3.11/site-packages/telethon/network/connection/tcpfull.py", line 25, in read_packet
2026-08-14 08:08:47:     packet_len_seq = await reader.readexactly(8)  # 4 and 4
2026-08-14 08:08:47:                      ^^^^^^^^^^^^^^^^^^^^^^^^^^^
2026-08-14 08:08:47:   File "/usr/lib/python3.11/asyncio/streams.py", line 728, in readexactly
2026-08-14 08:08:47:     await self._wait_for_data('readexactly')
2026-08-14 08:08:47:   File "/usr/lib/python3.11/asyncio/streams.py", line 508, in _wait_for_data
2026-08-14 08:08:47:     raise RuntimeError(
2026-08-14 08:08:47: RuntimeError: readexactly() called while another coroutine is already waiting for incoming data
2026-08-15 08:05:34: Server closed the connection: 0 bytes read on a total of 8 expected bytes
2026-08-15 08:05:44: Graceful disconnection timed out, forcibly ignoring cleanup
2026-08-15 08:05:44: Unexpected exception in the receive loop
2026-08-15 08:05:44: Traceback (most recent call last):
2026-08-15 08:05:44:   File "/home/nisch/Desktop/MediaGrabber/.venv/lib/python3.11/site-packages/telethon/network/connection/connection.py", line 335, in _recv_loop
2026-08-15 08:05:44:     data = await self._recv()
2026-08-15 08:05:44:            ^^^^^^^^^^^^^^^^^^
2026-08-15 08:05:44:   File "/home/nisch/Desktop/MediaGrabber/.venv/lib/python3.11/site-packages/telethon/network/connection/connection.py", line 374, in _recv
2026-08-15 08:05:44:     return await self._codec.read_packet(self._reader)
2026-08-15 08:05:44:            ^^^^^^^^^^^^^^^^^^^^^^^^^^^^^^^^^^^^^^^^^^^
2026-08-15 08:05:44:   File "/home/nisch/Desktop/MediaGrabber/.venv/lib/python3.11/site-packages/telethon/network/connection/tcpfull.py", line 25, in read_packet
2026-08-15 08:05:44:     packet_len_seq = await reader.readexactly(8)  # 4 and 4
2026-08-15 08:05:44:                      ^^^^^^^^^^^^^^^^^^^^^^^^^^^
2026-08-15 08:05:44:   File "/usr/lib/python3.11/asyncio/streams.py", line 728, in readexactly
2026-08-15 08:05:44:     await self._wait_for_data('readexactly')
2026-08-15 08:05:44:   File "/usr/lib/python3.11/asyncio/streams.py", line 508, in _wait_for_data
2026-08-15 08:05:44:     raise RuntimeError(
2026-08-15 08:05:44: RuntimeError: readexactly() called while another coroutine is already waiting for incoming data
2026-08-15 08:05:44: Unhandled error while receiving data
2026-08-15 08:05:44: Traceback (most recent call last):
2026-08-15 08:05:44:   File "/home/nisch/Desktop/MediaGrabber/.venv/lib/python3.11/site-packages/telethon/network/mtprotosender.py", line 507, in _recv_loop
2026-08-15 08:05:44:     body = await self._connection.recv()
2026-08-15 08:05:44:            ^^^^^^^^^^^^^^^^^^^^^^^^^^^^^
2026-08-15 08:05:44:   File "/home/nisch/Desktop/MediaGrabber/.venv/lib/python3.11/site-packages/telethon/network/connection/connection.py", line 304, in recv
2026-08-15 08:05:44:     raise err
2026-08-15 08:05:44:   File "/home/nisch/Desktop/MediaGrabber/.venv/lib/python3.11/site-packages/telethon/network/connection/connection.py", line 335, in _recv_loop
2026-08-15 08:05:44:     data = await self._recv()
2026-08-15 08:05:44:            ^^^^^^^^^^^^^^^^^^
2026-08-15 08:05:44:   File "/home/nisch/Desktop/MediaGrabber/.venv/lib/python3.11/site-packages/telethon/network/connection/connection.py", line 374, in _recv
2026-08-15 08:05:44:     return await self._codec.read_packet(self._reader)
2026-08-15 08:05:44:            ^^^^^^^^^^^^^^^^^^^^^^^^^^^^^^^^^^^^^^^^^^^
2026-08-15 08:05:44:   File "/home/nisch/Desktop/MediaGrabber/.venv/lib/python3.11/site-packages/telethon/network/connection/tcpfull.py", line 25, in read_packet
2026-08-15 08:05:44:     packet_len_seq = await reader.readexactly(8)  # 4 and 4
2026-08-15 08:05:44:                      ^^^^^^^^^^^^^^^^^^^^^^^^^^^
2026-08-15 08:05:44:   File "/usr/lib/python3.11/asyncio/streams.py", line 728, in readexactly
2026-08-15 08:05:44:     await self._wait_for_data('readexactly')
2026-08-15 08:05:44:   File "/usr/lib/python3.11/asyncio/streams.py", line 508, in _wait_for_data
2026-08-15 08:05:44:     raise RuntimeError(
2026-08-15 08:05:44: RuntimeError: readexactly() called while another coroutine is already waiting for incoming data
2026-08-16 08:06:57: Server closed the connection: 0 bytes read on a total of 8 expected bytes
2026-08-16 08:07:07: Graceful disconnection timed out, forcibly ignoring cleanup
2026-08-16 08:07:07: Unexpected exception in the receive loop
2026-08-16 08:07:07: Traceback (most recent call last):
2026-08-16 08:07:07:   File "/home/nisch/Desktop/MediaGrabber/.venv/lib/python3.11/site-packages/telethon/network/connection/connection.py", line 335, in _recv_loop
2026-08-16 08:07:07:     data = await self._recv()
2026-08-16 08:07:07:            ^^^^^^^^^^^^^^^^^^
2026-08-16 08:07:07:   File "/home/nisch/Desktop/MediaGrabber/.venv/lib/python3.11/site-packages/telethon/network/connection/connection.py", line 374, in _recv
2026-08-16 08:07:07:     return await self._codec.read_packet(self._reader)
2026-08-16 08:07:07:            ^^^^^^^^^^^^^^^^^^^^^^^^^^^^^^^^^^^^^^^^^^^
2026-08-16 08:07:07:   File "/home/nisch/Desktop/MediaGrabber/.venv/lib/python3.11/site-packages/telethon/network/connection/tcpfull.py", line 25, in read_packet
2026-08-16 08:07:07:     packet_len_seq = await reader.readexactly(8)  # 4 and 4
2026-08-16 08:07:07:                      ^^^^^^^^^^^^^^^^^^^^^^^^^^^
2026-08-16 08:07:07:   File "/usr/lib/python3.11/asyncio/streams.py", line 728, in readexactly
2026-08-16 08:07:07:     await self._wait_for_data('readexactly')
2026-08-16 08:07:07:   File "/usr/lib/python3.11/asyncio/streams.py", line 508, in _wait_for_data
2026-08-16 08:07:07:     raise RuntimeError(
2026-08-16 08:07:07: RuntimeError: readexactly() called while another coroutine is already waiting for incoming data
2026-08-16 08:07:07: Unhandled error while receiving data
2026-08-16 08:07:07: Traceback (most recent call last):
2026-08-16 08:07:07:   File "/home/nisch/Desktop/MediaGrabber/.venv/lib/python3.11/site-packages/telethon/network/mtprotosender.py", line 507, in _recv_loop
2026-08-16 08:07:07:     body = await self._connection.recv()
2026-08-16 08:07:07:            ^^^^^^^^^^^^^^^^^^^^^^^^^^^^^
2026-08-16 08:07:07:   File "/home/nisch/Desktop/MediaGrabber/.venv/lib/python3.11/site-packages/telethon/network/connection/connection.py", line 304, in recv
2026-08-16 08:07:07:     raise err
2026-08-16 08:07:07:   File "/home/nisch/Desktop/MediaGrabber/.venv/lib/python3.11/site-packages/telethon/network/connection/connection.py", line 335, in _recv_loop
2026-08-16 08:07:07:     data = await self._recv()
2026-08-16 08:07:07:            ^^^^^^^^^^^^^^^^^^
2026-08-16 08:07:07:   File "/home/nisch/Desktop/MediaGrabber/.venv/lib/python3.11/site-packages/telethon/network/connection/connection.py", line 374, in _recv
2026-08-16 08:07:07:     return await self._codec.read_packet(self._reader)
2026-08-16 08:07:07:            ^^^^^^^^^^^^^^^^^^^^^^^^^^^^^^^^^^^^^^^^^^^
2026-08-16 08:07:07:   File "/home/nisch/Desktop/MediaGrabber/.venv/lib/python3.11/site-packages/telethon/network/connection/tcpfull.py", line 25, in read_packet
2026-08-16 08:07:07:     packet_len_seq = await reader.readexactly(8)  # 4 and 4
2026-08-16 08:07:07:                      ^^^^^^^^^^^^^^^^^^^^^^^^^^^
2026-08-16 08:07:07:   File "/usr/lib/python3.11/asyncio/streams.py", line 728, in readexactly
2026-08-16 08:07:07:     await self._wait_for_data('readexactly')
2026-08-16 08:07:07:   File "/usr/lib/python3.11/asyncio/streams.py", line 508, in _wait_for_data
2026-08-16 08:07:07:     raise RuntimeError(
2026-08-16 08:07:07: RuntimeError: readexactly() called while another coroutine is already waiting for incoming data
2026-08-17 08:13:03: Server closed the connection: 0 bytes read on a total of 8 expected bytes
2026-08-17 08:13:13: Graceful disconnection timed out, forcibly ignoring cleanup
2026-08-17 08:13:13: Unexpected exception in the receive loop
2026-08-17 08:13:13: Traceback (most recent call last):
2026-08-17 08:13:13:   File "/home/nisch/Desktop/MediaGrabber/.venv/lib/python3.11/site-packages/telethon/network/connection/connection.py", line 335, in _recv_loop
2026-08-17 08:13:13:     data = await self._recv()
2026-08-17 08:13:13:            ^^^^^^^^^^^^^^^^^^
2026-08-17 08:13:13:   File "/home/nisch/Desktop/MediaGrabber/.venv/lib/python3.11/site-packages/telethon/network/connection/connection.py", line 374, in _recv
2026-08-17 08:13:13:     return await self._codec.read_packet(self._reader)
2026-08-17 08:13:13:            ^^^^^^^^^^^^^^^^^^^^^^^^^^^^^^^^^^^^^^^^^^^
2026-08-17 08:13:13:   File "/home/nisch/Desktop/MediaGrabber/.venv/lib/python3.11/site-packages/telethon/network/connection/tcpfull.py", line 25, in read_packet
2026-08-17 08:13:13:     packet_len_seq = await reader.readexactly(8)  # 4 and 4
2026-08-17 08:13:13:                      ^^^^^^^^^^^^^^^^^^^^^^^^^^^
2026-08-17 08:13:13:   File "/usr/lib/python3.11/asyncio/streams.py", line 728, in readexactly
2026-08-17 08:13:13:     await self._wait_for_data('readexactly')
2026-08-17 08:13:13:   File "/usr/lib/python3.11/asyncio/streams.py", line 508, in _wait_for_data
2026-08-17 08:13:13:     raise RuntimeError(
2026-08-17 08:13:13: RuntimeError: readexactly() called while another coroutine is already waiting for incoming data
2026-08-17 08:13:13: Unhandled error while receiving data
2026-08-17 08:13:13: Traceback (most recent call last):
2026-08-17 08:13:13:   File "/home/nisch/Desktop/MediaGrabber/.venv/lib/python3.11/site-packages/telethon/network/mtprotosender.py", line 507, in _recv_loop
2026-08-17 08:13:13:     body = await self._connection.recv()
2026-08-17 08:13:13:            ^^^^^^^^^^^^^^^^^^^^^^^^^^^^^
2026-08-17 08:13:13:   File "/home/nisch/Desktop/MediaGrabber/.venv/lib/python3.11/site-packages/telethon/network/connection/connection.py", line 304, in recv
2026-08-17 08:13:13:     raise err
2026-08-17 08:13:13:   File "/home/nisch/Desktop/MediaGrabber/.venv/lib/python3.11/site-packages/telethon/network/connection/connection.py", line 335, in _recv_loop
2026-08-17 08:13:13:     data = await self._recv()
2026-08-17 08:13:13:            ^^^^^^^^^^^^^^^^^^
2026-08-17 08:13:13:   File "/home/nisch/Desktop/MediaGrabber/.venv/lib/python3.11/site-packages/telethon/network/connection/connection.py", line 374, in _recv
2026-08-17 08:13:13:     return await self._codec.read_packet(self._reader)
2026-08-17 08:13:13:            ^^^^^^^^^^^^^^^^^^^^^^^^^^^^^^^^^^^^^^^^^^^
2026-08-17 08:13:13:   File "/home/nisch/Desktop/MediaGrabber/.venv/lib/python3.11/site-packages/telethon/network/connection/tcpfull.py", line 25, in read_packet
2026-08-17 08:13:13:     packet_len_seq = await reader.readexactly(8)  # 4 and 4
2026-08-17 08:13:13:                      ^^^^^^^^^^^^^^^^^^^^^^^^^^^
2026-08-17 08:13:13:   File "/usr/lib/python3.11/asyncio/streams.py", line 728, in readexactly
2026-08-17 08:13:13:     await self._wait_for_data('readexactly')
2026-08-17 08:13:13:   File "/usr/lib/python3.11/asyncio/streams.py", line 508, in _wait_for_data
2026-08-17 08:13:13:     raise RuntimeError(
2026-08-17 08:13:13: RuntimeError: readexactly() called while another coroutine is already waiting for incoming data
2026-08-18 08:13:49: Server closed the connection: 0 bytes read on a total of 8 expected bytes
2026-08-18 08:13:59: Graceful disconnection timed out, forcibly ignoring cleanup
2026-08-18 08:14:02: Unexpected exception in the receive loop
2026-08-18 08:14:02: Traceback (most recent call last):
2026-08-18 08:14:02:   File "/home/nisch/Desktop/MediaGrabber/.venv/lib/python3.11/site-packages/telethon/network/connection/connection.py", line 335, in _recv_loop
2026-08-18 08:14:02:     data = await self._recv()
2026-08-18 08:14:02:            ^^^^^^^^^^^^^^^^^^
2026-08-18 08:14:02:   File "/home/nisch/Desktop/MediaGrabber/.venv/lib/python3.11/site-packages/telethon/network/connection/connection.py", line 374, in _recv
2026-08-18 08:14:02:     return await self._codec.read_packet(self._reader)
2026-08-18 08:14:02:            ^^^^^^^^^^^^^^^^^^^^^^^^^^^^^^^^^^^^^^^^^^^
2026-08-18 08:14:02:   File "/home/nisch/Desktop/MediaGrabber/.venv/lib/python3.11/site-packages/telethon/network/connection/tcpfull.py", line 25, in read_packet
2026-08-18 08:14:02:     packet_len_seq = await reader.readexactly(8)  # 4 and 4
2026-08-18 08:14:02:                      ^^^^^^^^^^^^^^^^^^^^^^^^^^^
2026-08-18 08:14:02:   File "/usr/lib/python3.11/asyncio/streams.py", line 728, in readexactly
2026-08-18 08:14:02:     await self._wait_for_data('readexactly')
2026-08-18 08:14:02:   File "/usr/lib/python3.11/asyncio/streams.py", line 508, in _wait_for_data
2026-08-18 08:14:02:     raise RuntimeError(
2026-08-18 08:14:02: RuntimeError: readexactly() called while another coroutine is already waiting for incoming data
2026-08-18 08:14:02: Unhandled error while receiving data
2026-08-18 08:14:02: Traceback (most recent call last):
2026-08-18 08:14:02:   File "/home/nisch/Desktop/MediaGrabber/.venv/lib/python3.11/site-packages/telethon/network/mtprotosender.py", line 507, in _recv_loop
2026-08-18 08:14:02:     body = await self._connection.recv()
2026-08-18 08:14:02:            ^^^^^^^^^^^^^^^^^^^^^^^^^^^^^
2026-08-18 08:14:02:   File "/home/nisch/Desktop/MediaGrabber/.venv/lib/python3.11/site-packages/telethon/network/connection/connection.py", line 304, in recv
2026-08-18 08:14:02:     raise err
2026-08-18 08:14:02:   File "/home/nisch/Desktop/MediaGrabber/.venv/lib/python3.11/site-packages/telethon/network/connection/connection.py", line 335, in _recv_loop
2026-08-18 08:14:02:     data = await self._recv()
2026-08-18 08:14:02:            ^^^^^^^^^^^^^^^^^^
2026-08-18 08:14:02:   File "/home/nisch/Desktop/MediaGrabber/.venv/lib/python3.11/site-packages/telethon/network/connection/connection.py", line 374, in _recv
2026-08-18 08:14:02:     return await self._codec.read_packet(self._reader)
2026-08-18 08:14:02:            ^^^^^^^^^^^^^^^^^^^^^^^^^^^^^^^^^^^^^^^^^^^
2026-08-18 08:14:02:   File "/home/nisch/Desktop/MediaGrabber/.venv/lib/python3.11/site-packages/telethon/network/connection/tcpfull.py", line 25, in read_packet
2026-08-18 08:14:02:     packet_len_seq = await reader.readexactly(8)  # 4 and 4
2026-08-18 08:14:02:                      ^^^^^^^^^^^^^^^^^^^^^^^^^^^
2026-08-18 08:14:02:   File "/usr/lib/python3.11/asyncio/streams.py", line 728, in readexactly
2026-08-18 08:14:02:     await self._wait_for_data('readexactly')
2026-08-18 08:14:02:   File "/usr/lib/python3.11/asyncio/streams.py", line 508, in _wait_for_data
2026-08-18 08:14:02:     raise RuntimeError(
2026-08-18 08:14:02: RuntimeError: readexactly() called while another coroutine is already waiting for incoming data
2026-08-19 08:22:59: Server closed the connection: 0 bytes read on a total of 8 expected bytes
2026-08-19 08:23:09: Graceful disconnection timed out, forcibly ignoring cleanup
2026-08-19 08:23:09: Unexpected exception in the receive loop
2026-08-19 08:23:09: Traceback (most recent call last):
2026-08-19 08:23:09:   File "/home/nisch/Desktop/MediaGrabber/.venv/lib/python3.11/site-packages/telethon/network/connection/connection.py", line 335, in _recv_loop
2026-08-19 08:23:09:     data = await self._recv()
2026-08-19 08:23:09:            ^^^^^^^^^^^^^^^^^^
2026-08-19 08:23:09:   File "/home/nisch/Desktop/MediaGrabber/.venv/lib/python3.11/site-packages/telethon/network/connection/connection.py", line 374, in _recv
2026-08-19 08:23:09:     return await self._codec.read_packet(self._reader)
2026-08-19 08:23:09:            ^^^^^^^^^^^^^^^^^^^^^^^^^^^^^^^^^^^^^^^^^^^
2026-08-19 08:23:09:   File "/home/nisch/Desktop/MediaGrabber/.venv/lib/python3.11/site-packages/telethon/network/connection/tcpfull.py", line 25, in read_packet
2026-08-19 08:23:09:     packet_len_seq = await reader.readexactly(8)  # 4 and 4
2026-08-19 08:23:09:                      ^^^^^^^^^^^^^^^^^^^^^^^^^^^
2026-08-19 08:23:09:   File "/usr/lib/python3.11/asyncio/streams.py", line 728, in readexactly
2026-08-19 08:23:09:     await self._wait_for_data('readexactly')
2026-08-19 08:23:09:   File "/usr/lib/python3.11/asyncio/streams.py", line 508, in _wait_for_data
2026-08-19 08:23:09:     raise RuntimeError(
2026-08-19 08:23:09: RuntimeError: readexactly() called while another coroutine is already waiting for incoming data
2026-08-19 08:23:09: Unhandled error while receiving data
2026-08-19 08:23:09: Traceback (most recent call last):
2026-08-19 08:23:09:   File "/home/nisch/Desktop/MediaGrabber/.venv/lib/python3.11/site-packages/telethon/network/mtprotosender.py", line 507, in _recv_loop
2026-08-19 08:23:09:     body = await self._connection.recv()
2026-08-19 08:23:09:            ^^^^^^^^^^^^^^^^^^^^^^^^^^^^^
2026-08-19 08:23:09:   File "/home/nisch/Desktop/MediaGrabber/.venv/lib/python3.11/site-packages/telethon/network/connection/connection.py", line 304, in recv
2026-08-19 08:23:09:     raise err
2026-08-19 08:23:09:   File "/home/nisch/Desktop/MediaGrabber/.venv/lib/python3.11/site-packages/telethon/network/connection/connection.py", line 335, in _recv_loop
2026-08-19 08:23:09:     data = await self._recv()
2026-08-19 08:23:09:            ^^^^^^^^^^^^^^^^^^
2026-08-19 08:23:09:   File "/home/nisch/Desktop/MediaGrabber/.venv/lib/python3.11/site-packages/telethon/network/connection/connection.py", line 374, in _recv
2026-08-19 08:23:09:     return await self._codec.read_packet(self._reader)
2026-08-19 08:23:09:            ^^^^^^^^^^^^^^^^^^^^^^^^^^^^^^^^^^^^^^^^^^^
2026-08-19 08:23:09:   File "/home/nisch/Desktop/MediaGrabber/.venv/lib/python3.11/site-packages/telethon/network/connection/tcpfull.py", line 25, in read_packet
2026-08-19 08:23:09:     packet_len_seq = await reader.readexactly(8)  # 4 and 4
2026-08-19 08:23:09:                      ^^^^^^^^^^^^^^^^^^^^^^^^^^^
2026-08-19 08:23:09:   File "/usr/lib/python3.11/asyncio/streams.py", line 728, in readexactly
2026-08-19 08:23:09:     await self._wait_for_data('readexactly')
2026-08-19 08:23:09:   File "/usr/lib/python3.11/asyncio/streams.py", line 508, in _wait_for_data
2026-08-19 08:23:09:     raise RuntimeError(
2026-08-19 08:23:09: RuntimeError: readexactly() called while another coroutine is already waiting for incoming data
2026-08-20 08:14:48: Server closed the connection: 0 bytes read on a total of 8 expected bytes
2026-08-20 08:14:58: Graceful disconnection timed out, forcibly ignoring cleanup
2026-08-20 08:14:58: Unexpected exception in the receive loop
2026-08-20 08:14:58: Traceback (most recent call last):
2026-08-20 08:14:58:   File "/home/nisch/Desktop/MediaGrabber/.venv/lib/python3.11/site-packages/telethon/network/connection/connection.py", line 335, in _recv_loop
2026-08-20 08:14:58:     data = await self._recv()
2026-08-20 08:14:58:            ^^^^^^^^^^^^^^^^^^
2026-08-20 08:14:58:   File "/home/nisch/Desktop/MediaGrabber/.venv/lib/python3.11/site-packages/telethon/network/connection/connection.py", line 374, in _recv
2026-08-20 08:14:58:     return await self._codec.read_packet(self._reader)
2026-08-20 08:14:58:            ^^^^^^^^^^^^^^^^^^^^^^^^^^^^^^^^^^^^^^^^^^^
2026-08-20 08:14:58:   File "/home/nisch/Desktop/MediaGrabber/.venv/lib/python3.11/site-packages/telethon/network/connection/tcpfull.py", line 25, in read_packet
2026-08-20 08:14:58:     packet_len_seq = await reader.readexactly(8)  # 4 and 4
2026-08-20 08:14:58:                      ^^^^^^^^^^^^^^^^^^^^^^^^^^^
2026-08-20 08:14:58:   File "/usr/lib/python3.11/asyncio/streams.py", line 728, in readexactly
2026-08-20 08:14:58:     await self._wait_for_data('readexactly')
2026-08-20 08:14:58:   File "/usr/lib/python3.11/asyncio/streams.py", line 508, in _wait_for_data
2026-08-20 08:14:58:     raise RuntimeError(
2026-08-20 08:14:58: RuntimeError: readexactly() called while another coroutine is already waiting for incoming data
2026-08-20 08:14:58: Unhandled error while receiving data
2026-08-20 08:14:58: Traceback (most recent call last):
2026-08-20 08:14:58:   File "/home/nisch/Desktop/MediaGrabber/.venv/lib/python3.11/site-packages/telethon/network/mtprotosender.py", line 507, in _recv_loop
2026-08-20 08:14:58:     body = await self._connection.recv()
2026-08-20 08:14:58:            ^^^^^^^^^^^^^^^^^^^^^^^^^^^^^
2026-08-20 08:14:58:   File "/home/nisch/Desktop/MediaGrabber/.venv/lib/python3.11/site-packages/telethon/network/connection/connection.py", line 304, in recv
2026-08-20 08:14:58:     raise err
2026-08-20 08:14:58:   File "/home/nisch/Desktop/MediaGrabber/.venv/lib/python3.11/site-packages/telethon/network/connection/connection.py", line 335, in _recv_loop
2026-08-20 08:14:58:     data = await self._recv()
2026-08-20 08:14:58:            ^^^^^^^^^^^^^^^^^^
2026-08-20 08:14:58:   File "/home/nisch/Desktop/MediaGrabber/.venv/lib/python3.11/site-packages/telethon/network/connection/connection.py", line 374, in _recv
2026-08-20 08:14:58:     return await self._codec.read_packet(self._reader)
2026-08-20 08:14:58:            ^^^^^^^^^^^^^^^^^^^^^^^^^^^^^^^^^^^^^^^^^^^
2026-08-20 08:14:58:   File "/home/nisch/Desktop/MediaGrabber/.venv/lib/python3.11/site-packages/telethon/network/connection/tcpfull.py", line 25, in read_packet
2026-08-20 08:14:58:     packet_len_seq = await reader.readexactly(8)  # 4 and 4
2026-08-20 08:14:58:                      ^^^^^^^^^^^^^^^^^^^^^^^^^^^
2026-08-20 08:14:58:   File "/usr/lib/python3.11/asyncio/streams.py", line 728, in readexactly
2026-08-20 08:14:58:     await self._wait_for_data('readexactly')
2026-08-20 08:14:58:   File "/usr/lib/python3.11/asyncio/streams.py", line 508, in _wait_for_data
2026-08-20 08:14:58:     raise RuntimeError(
2026-08-20 08:14:58: RuntimeError: readexactly() called while another coroutine is already waiting for incoming data
2026-08-21 08:11:05: Server closed the connection: 0 bytes read on a total of 8 expected bytes
2026-08-21 08:11:15: Graceful disconnection timed out, forcibly ignoring cleanup
2026-08-21 08:11:15: Unexpected exception in the receive loop
2026-08-21 08:11:15: Traceback (most recent call last):
2026-08-21 08:11:15:   File "/home/nisch/Desktop/MediaGrabber/.venv/lib/python3.11/site-packages/telethon/network/connection/connection.py", line 335, in _recv_loop
2026-08-21 08:11:15:     data = await self._recv()
2026-08-21 08:11:15:            ^^^^^^^^^^^^^^^^^^
2026-08-21 08:11:15:   File "/home/nisch/Desktop/MediaGrabber/.venv/lib/python3.11/site-packages/telethon/network/connection/connection.py", line 374, in _recv
2026-08-21 08:11:15:     return await self._codec.read_packet(self._reader)
2026-08-21 08:11:15:            ^^^^^^^^^^^^^^^^^^^^^^^^^^^^^^^^^^^^^^^^^^^
2026-08-21 08:11:15:   File "/home/nisch/Desktop/MediaGrabber/.venv/lib/python3.11/site-packages/telethon/network/connection/tcpfull.py", line 25, in read_packet
2026-08-21 08:11:15:     packet_len_seq = await reader.readexactly(8)  # 4 and 4
2026-08-21 08:11:15:                      ^^^^^^^^^^^^^^^^^^^^^^^^^^^
2026-08-21 08:11:15:   File "/usr/lib/python3.11/asyncio/streams.py", line 728, in readexactly
2026-08-21 08:11:15:     await self._wait_for_data('readexactly')
2026-08-21 08:11:15:   File "/usr/lib/python3.11/asyncio/streams.py", line 508, in _wait_for_data
2026-08-21 08:11:15:     raise RuntimeError(
2026-08-21 08:11:15: RuntimeError: readexactly() called while another coroutine is already waiting for incoming data
2026-08-21 08:11:15: Unhandled error while receiving data
2026-08-21 08:11:15: Traceback (most recent call last):
2026-08-21 08:11:15:   File "/home/nisch/Desktop/MediaGrabber/.venv/lib/python3.11/site-packages/telethon/network/mtprotosender.py", line 507, in _recv_loop
2026-08-21 08:11:15:     body = await self._connection.recv()
2026-08-21 08:11:15:            ^^^^^^^^^^^^^^^^^^^^^^^^^^^^^
2026-08-21 08:11:15:   File "/home/nisch/Desktop/MediaGrabber/.venv/lib/python3.11/site-packages/telethon/network/connection/connection.py", line 304, in recv
2026-08-21 08:11:15:     raise err
2026-08-21 08:11:15:   File "/home/nisch/Desktop/MediaGrabber/.venv/lib/python3.11/site-packages/telethon/network/connection/connection.py", line 335, in _recv_loop
2026-08-21 08:11:15:     data = await self._recv()
2026-08-21 08:11:15:            ^^^^^^^^^^^^^^^^^^
2026-08-21 08:11:15:   File "/home/nisch/Desktop/MediaGrabber/.venv/lib/python3.11/site-packages/telethon/network/connection/connection.py", line 374, in _recv
2026-08-21 08:11:15:     return await self._codec.read_packet(self._reader)
2026-08-21 08:11:15:            ^^^^^^^^^^^^^^^^^^^^^^^^^^^^^^^^^^^^^^^^^^^
2026-08-21 08:11:15:   File "/home/nisch/Desktop/MediaGrabber/.venv/lib/python3.11/site-packages/telethon/network/connection/tcpfull.py", line 25, in read_packet
2026-08-21 08:11:15:     packet_len_seq = await reader.readexactly(8)  # 4 and 4
2026-08-21 08:11:15:                      ^^^^^^^^^^^^^^^^^^^^^^^^^^^
2026-08-21 08:11:15:   File "/usr/lib/python3.11/asyncio/streams.py", line 728, in readexactly
2026-08-21 08:11:15:     await self._wait_for_data('readexactly')
2026-08-21 08:11:15:   File "/usr/lib/python3.11/asyncio/streams.py", line 508, in _wait_for_data
2026-08-21 08:11:15:     raise RuntimeError(
2026-08-21 08:11:15: RuntimeError: readexactly() called while another coroutine is already waiting for incoming data
2026-08-22 16:48:11: Server closed the connection: 0 bytes read on a total of 8 expected bytes
2026-08-22 16:48:11: Security error while unpacking a received message: Server replied with a wrong session ID (see FAQ for details)
2026-08-22 16:48:12: Server resent the older message 7676960660741931009, ignoring
2026-08-22 16:48:21: Graceful disconnection timed out, forcibly ignoring cleanup
2026-08-22 16:48:23: Unexpected exception in the receive loop
2026-08-22 16:48:23: Traceback (most recent call last):
2026-08-22 16:48:23:   File "/home/nisch/Desktop/MediaGrabber/.venv/lib/python3.11/site-packages/telethon/network/connection/connection.py", line 335, in _recv_loop
2026-08-22 16:48:23:     data = await self._recv()
2026-08-22 16:48:23:            ^^^^^^^^^^^^^^^^^^
2026-08-22 16:48:23:   File "/home/nisch/Desktop/MediaGrabber/.venv/lib/python3.11/site-packages/telethon/network/connection/connection.py", line 374, in _recv
2026-08-22 16:48:23:     return await self._codec.read_packet(self._reader)
2026-08-22 16:48:23:            ^^^^^^^^^^^^^^^^^^^^^^^^^^^^^^^^^^^^^^^^^^^
2026-08-22 16:48:23:   File "/home/nisch/Desktop/MediaGrabber/.venv/lib/python3.11/site-packages/telethon/network/connection/tcpfull.py", line 25, in read_packet
2026-08-22 16:48:23:     packet_len_seq = await reader.readexactly(8)  # 4 and 4
2026-08-22 16:48:23:                      ^^^^^^^^^^^^^^^^^^^^^^^^^^^
2026-08-22 16:48:23:   File "/usr/lib/python3.11/asyncio/streams.py", line 728, in readexactly
2026-08-22 16:48:23:     await self._wait_for_data('readexactly')
2026-08-22 16:48:23:   File "/usr/lib/python3.11/asyncio/streams.py", line 508, in _wait_for_data
2026-08-22 16:48:23:     raise RuntimeError(
2026-08-22 16:48:23: RuntimeError: readexactly() called while another coroutine is already waiting for incoming data
2026-08-22 16:48:23: Unhandled error while receiving data
2026-08-22 16:48:23: Traceback (most recent call last):
2026-08-22 16:48:23:   File "/home/nisch/Desktop/MediaGrabber/.venv/lib/python3.11/site-packages/telethon/network/mtprotosender.py", line 507, in _recv_loop
2026-08-22 16:48:23:     body = await self._connection.recv()
2026-08-22 16:48:23:            ^^^^^^^^^^^^^^^^^^^^^^^^^^^^^
2026-08-22 16:48:23:   File "/home/nisch/Desktop/MediaGrabber/.venv/lib/python3.11/site-packages/telethon/network/connection/connection.py", line 304, in recv
2026-08-22 16:48:23:     raise err
2026-08-22 16:48:23:   File "/home/nisch/Desktop/MediaGrabber/.venv/lib/python3.11/site-packages/telethon/network/connection/connection.py", line 335, in _recv_loop
2026-08-22 16:48:23:     data = await self._recv()
2026-08-22 16:48:23:            ^^^^^^^^^^^^^^^^^^
2026-08-22 16:48:23:   File "/home/nisch/Desktop/MediaGrabber/.venv/lib/python3.11/site-packages/telethon/network/connection/connection.py", line 374, in _recv
2026-08-22 16:48:23:     return await self._codec.read_packet(self._reader)
2026-08-22 16:48:23:            ^^^^^^^^^^^^^^^^^^^^^^^^^^^^^^^^^^^^^^^^^^^
2026-08-22 16:48:23:   File "/home/nisch/Desktop/MediaGrabber/.venv/lib/python3.11/site-packages/telethon/network/connection/tcpfull.py", line 25, in read_packet
2026-08-22 16:48:23:     packet_len_seq = await reader.readexactly(8)  # 4 and 4
2026-08-22 16:48:23:                      ^^^^^^^^^^^^^^^^^^^^^^^^^^^
2026-08-22 16:48:23:   File "/usr/lib/python3.11/asyncio/streams.py", line 728, in readexactly
2026-08-22 16:48:23:     await self._wait_for_data('readexactly')
2026-08-22 16:48:23:   File "/usr/lib/python3.11/asyncio/streams.py", line 508, in _wait_for_data
2026-08-22 16:48:23:     raise RuntimeError(
2026-08-22 16:48:23: RuntimeError: readexactly() called while another coroutine is already waiting for incoming data
2026-08-23 20:50:37: Server closed the connection: 0 bytes read on a total of 8 expected bytes
2026-08-23 20:50:37: Security error while unpacking a received message: Server replied with a wrong session ID (see FAQ for details)
2026-08-23 20:50:38: Server resent the older message 7677394220225846273, ignoring
2026-08-23 20:50:47: Graceful disconnection timed out, forcibly ignoring cleanup
2026-08-23 20:50:47: Unexpected exception in the receive loop
2026-08-23 20:50:47: Traceback (most recent call last):
2026-08-23 20:50:47:   File "/home/nisch/Desktop/MediaGrabber/.venv/lib/python3.11/site-packages/telethon/network/connection/connection.py", line 335, in _recv_loop
2026-08-23 20:50:47:     data = await self._recv()
2026-08-23 20:50:47:            ^^^^^^^^^^^^^^^^^^
2026-08-23 20:50:47:   File "/home/nisch/Desktop/MediaGrabber/.venv/lib/python3.11/site-packages/telethon/network/connection/connection.py", line 374, in _recv
2026-08-23 20:50:47:     return await self._codec.read_packet(self._reader)
2026-08-23 20:50:47:            ^^^^^^^^^^^^^^^^^^^^^^^^^^^^^^^^^^^^^^^^^^^
2026-08-23 20:50:47:   File "/home/nisch/Desktop/MediaGrabber/.venv/lib/python3.11/site-packages/telethon/network/connection/tcpfull.py", line 25, in read_packet
2026-08-23 20:50:47:     packet_len_seq = await reader.readexactly(8)  # 4 and 4
2026-08-23 20:50:47:                      ^^^^^^^^^^^^^^^^^^^^^^^^^^^
2026-08-23 20:50:47:   File "/usr/lib/python3.11/asyncio/streams.py", line 728, in readexactly
2026-08-23 20:50:47:     await self._wait_for_data('readexactly')
2026-08-23 20:50:47:   File "/usr/lib/python3.11/asyncio/streams.py", line 508, in _wait_for_data
2026-08-23 20:50:47:     raise RuntimeError(
2026-08-23 20:50:47: RuntimeError: readexactly() called while another coroutine is already waiting for incoming data
2026-08-23 20:50:47: Unhandled error while receiving data
2026-08-23 20:50:47: Traceback (most recent call last):
2026-08-23 20:50:47:   File "/home/nisch/Desktop/MediaGrabber/.venv/lib/python3.11/site-packages/telethon/network/mtprotosender.py", line 507, in _recv_loop
2026-08-23 20:50:47:     body = await self._connection.recv()
2026-08-23 20:50:47:            ^^^^^^^^^^^^^^^^^^^^^^^^^^^^^
2026-08-23 20:50:47:   File "/home/nisch/Desktop/MediaGrabber/.venv/lib/python3.11/site-packages/telethon/network/connection/connection.py", line 304, in recv
2026-08-23 20:50:47:     raise err
2026-08-23 20:50:47:   File "/home/nisch/Desktop/MediaGrabber/.venv/lib/python3.11/site-packages/telethon/network/connection/connection.py", line 335, in _recv_loop
2026-08-23 20:50:47:     data = await self._recv()
2026-08-23 20:50:47:            ^^^^^^^^^^^^^^^^^^
2026-08-23 20:50:47:   File "/home/nisch/Desktop/MediaGrabber/.venv/lib/python3.11/site-packages/telethon/network/connection/connection.py", line 374, in _recv
2026-08-23 20:50:47:     return await self._codec.read_packet(self._reader)
2026-08-23 20:50:47:            ^^^^^^^^^^^^^^^^^^^^^^^^^^^^^^^^^^^^^^^^^^^
2026-08-23 20:50:47:   File "/home/nisch/Desktop/MediaGrabber/.venv/lib/python3.11/site-packages/telethon/network/connection/tcpfull.py", line 25, in read_packet
2026-08-23 20:50:47:     packet_len_seq = await reader.readexactly(8)  # 4 and 4
2026-08-23 20:50:47:                      ^^^^^^^^^^^^^^^^^^^^^^^^^^^
2026-08-23 20:50:47:   File "/usr/lib/python3.11/asyncio/streams.py", line 728, in readexactly
2026-08-23 20:50:47:     await self._wait_for_data('readexactly')
2026-08-23 20:50:47:   File "/usr/lib/python3.11/asyncio/streams.py", line 508, in _wait_for_data
2026-08-23 20:50:47:     raise RuntimeError(
2026-08-23 20:50:47: RuntimeError: readexactly() called while another coroutine is already waiting for incoming data
2026-08-25 21:49:57: Server closed the connection: 0 bytes read on a total of 8 expected bytes
2026-08-25 21:50:07: Graceful disconnection timed out, forcibly ignoring cleanup
2026-08-25 21:50:07: Unexpected exception in the receive loop
2026-08-25 21:50:07: Traceback (most recent call last):
2026-08-25 21:50:07:   File "/home/nisch/Desktop/MediaGrabber/.venv/lib/python3.11/site-packages/telethon/network/connection/connection.py", line 335, in _recv_loop
2026-08-25 21:50:07:     data = await self._recv()
2026-08-25 21:50:07:            ^^^^^^^^^^^^^^^^^^
2026-08-25 21:50:07:   File "/home/nisch/Desktop/MediaGrabber/.venv/lib/python3.11/site-packages/telethon/network/connection/connection.py", line 374, in _recv
2026-08-25 21:50:07:     return await self._codec.read_packet(self._reader)
2026-08-25 21:50:07:            ^^^^^^^^^^^^^^^^^^^^^^^^^^^^^^^^^^^^^^^^^^^
2026-08-25 21:50:07:   File "/home/nisch/Desktop/MediaGrabber/.venv/lib/python3.11/site-packages/telethon/network/connection/tcpfull.py", line 25, in read_packet
2026-08-25 21:50:07:     packet_len_seq = await reader.readexactly(8)  # 4 and 4
2026-08-25 21:50:07:                      ^^^^^^^^^^^^^^^^^^^^^^^^^^^
2026-08-25 21:50:07:   File "/usr/lib/python3.11/asyncio/streams.py", line 728, in readexactly
2026-08-25 21:50:07:     await self._wait_for_data('readexactly')
2026-08-25 21:50:07:   File "/usr/lib/python3.11/asyncio/streams.py", line 508, in _wait_for_data
2026-08-25 21:50:07:     raise RuntimeError(
2026-08-25 21:50:07: RuntimeError: readexactly() called while another coroutine is already waiting for incoming data
2026-08-25 21:50:07: Unhandled error while receiving data
2026-08-25 21:50:07: Traceback (most recent call last):
2026-08-25 21:50:07:   File "/home/nisch/Desktop/MediaGrabber/.venv/lib/python3.11/site-packages/telethon/network/mtprotosender.py", line 507, in _recv_loop
2026-08-25 21:50:07:     body = await self._connection.recv()
2026-08-25 21:50:07:            ^^^^^^^^^^^^^^^^^^^^^^^^^^^^^
2026-08-25 21:50:07:   File "/home/nisch/Desktop/MediaGrabber/.venv/lib/python3.11/site-packages/telethon/network/connection/connection.py", line 304, in recv
2026-08-25 21:50:07:     raise err
2026-08-25 21:50:07:   File "/home/nisch/Desktop/MediaGrabber/.venv/lib/python3.11/site-packages/telethon/network/connection/connection.py", line 335, in _recv_loop
2026-08-25 21:50:07:     data = await self._recv()
2026-08-25 21:50:07:            ^^^^^^^^^^^^^^^^^^
2026-08-25 21:50:07:   File "/home/nisch/Desktop/MediaGrabber/.venv/lib/python3.11/site-packages/telethon/network/connection/connection.py", line 374, in _recv
2026-08-25 21:50:07:     return await self._codec.read_packet(self._reader)
2026-08-25 21:50:07:            ^^^^^^^^^^^^^^^^^^^^^^^^^^^^^^^^^^^^^^^^^^^
2026-08-25 21:50:07:   File "/home/nisch/Desktop/MediaGrabber/.venv/lib/python3.11/site-packages/telethon/network/connection/tcpfull.py", line 25, in read_packet
2026-08-25 21:50:07:     packet_len_seq = await reader.readexactly(8)  # 4 and 4
2026-08-25 21:50:07:                      ^^^^^^^^^^^^^^^^^^^^^^^^^^^
2026-08-25 21:50:07:   File "/usr/lib/python3.11/asyncio/streams.py", line 728, in readexactly
2026-08-25 21:50:07:     await self._wait_for_data('readexactly')
2026-08-25 21:50:07:   File "/usr/lib/python3.11/asyncio/streams.py", line 508, in _wait_for_data
2026-08-25 21:50:07:     raise RuntimeError(
2026-08-25 21:50:07: RuntimeError: readexactly() called while another coroutine is already waiting for incoming data
2026-08-25 22:06:22: Server closed the connection: 0 bytes read on a total of 8 expected bytes
2026-08-26 08:12:03: Server closed the connection: 0 bytes read on a total of 8 expected bytes
2026-08-26 08:12:13: Graceful disconnection timed out, forcibly ignoring cleanup
2026-08-26 08:12:13: Unexpected exception in the receive loop
2026-08-26 08:12:13: Traceback (most recent call last):
2026-08-26 08:12:13:   File "/home/nisch/Desktop/MediaGrabber/.venv/lib/python3.11/site-packages/telethon/network/connection/connection.py", line 335, in _recv_loop
2026-08-26 08:12:13:     data = await self._recv()
2026-08-26 08:12:13:            ^^^^^^^^^^^^^^^^^^
2026-08-26 08:12:13:   File "/home/nisch/Desktop/MediaGrabber/.venv/lib/python3.11/site-packages/telethon/network/connection/connection.py", line 374, in _recv
2026-08-26 08:12:13:     return await self._codec.read_packet(self._reader)
2026-08-26 08:12:13:            ^^^^^^^^^^^^^^^^^^^^^^^^^^^^^^^^^^^^^^^^^^^
2026-08-26 08:12:13:   File "/home/nisch/Desktop/MediaGrabber/.venv/lib/python3.11/site-packages/telethon/network/connection/tcpfull.py", line 25, in read_packet
2026-08-26 08:12:13:     packet_len_seq = await reader.readexactly(8)  # 4 and 4
2026-08-26 08:12:13:                      ^^^^^^^^^^^^^^^^^^^^^^^^^^^
2026-08-26 08:12:13:   File "/usr/lib/python3.11/asyncio/streams.py", line 728, in readexactly
2026-08-26 08:12:13:     await self._wait_for_data('readexactly')
2026-08-26 08:12:13:   File "/usr/lib/python3.11/asyncio/streams.py", line 508, in _wait_for_data
2026-08-26 08:12:13:     raise RuntimeError(
2026-08-26 08:12:13: RuntimeError: readexactly() called while another coroutine is already waiting for incoming data
2026-08-26 08:12:13: Unhandled error while receiving data
2026-08-26 08:12:13: Traceback (most recent call last):
2026-08-26 08:12:13:   File "/home/nisch/Desktop/MediaGrabber/.venv/lib/python3.11/site-packages/telethon/network/mtprotosender.py", line 507, in _recv_loop
2026-08-26 08:12:13:     body = await self._connection.recv()
2026-08-26 08:12:13:            ^^^^^^^^^^^^^^^^^^^^^^^^^^^^^
2026-08-26 08:12:13:   File "/home/nisch/Desktop/MediaGrabber/.venv/lib/python3.11/site-packages/telethon/network/connection/connection.py", line 304, in recv
2026-08-26 08:12:13:     raise err
2026-08-26 08:12:13:   File "/home/nisch/Desktop/MediaGrabber/.venv/lib/python3.11/site-packages/telethon/network/connection/connection.py", line 335, in _recv_loop
2026-08-26 08:12:13:     data = await self._recv()
2026-08-26 08:12:13:            ^^^^^^^^^^^^^^^^^^
2026-08-26 08:12:13:   File "/home/nisch/Desktop/MediaGrabber/.venv/lib/python3.11/site-packages/telethon/network/connection/connection.py", line 374, in _recv
2026-08-26 08:12:13:     return await self._codec.read_packet(self._reader)
2026-08-26 08:12:13:            ^^^^^^^^^^^^^^^^^^^^^^^^^^^^^^^^^^^^^^^^^^^
2026-08-26 08:12:13:   File "/home/nisch/Desktop/MediaGrabber/.venv/lib/python3.11/site-packages/telethon/network/connection/tcpfull.py", line 25, in read_packet
2026-08-26 08:12:13:     packet_len_seq = await reader.readexactly(8)  # 4 and 4
2026-08-26 08:12:13:                      ^^^^^^^^^^^^^^^^^^^^^^^^^^^
2026-08-26 08:12:13:   File "/usr/lib/python3.11/asyncio/streams.py", line 728, in readexactly
2026-08-26 08:12:13:     await self._wait_for_data('readexactly')
2026-08-26 08:12:13:   File "/usr/lib/python3.11/asyncio/streams.py", line 508, in _wait_for_data
2026-08-26 08:12:13:     raise RuntimeError(
2026-08-26 08:12:13: RuntimeError: readexactly() called while another coroutine is already waiting for incoming data
2026-08-27 08:17:11: Server closed the connection: 0 bytes read on a total of 8 expected bytes
2026-08-27 08:17:21: Graceful disconnection timed out, forcibly ignoring cleanup
2026-08-27 08:17:21: Unexpected exception in the receive loop
2026-08-27 08:17:21: Traceback (most recent call last):
2026-08-27 08:17:21:   File "/home/nisch/Desktop/MediaGrabber/.venv/lib/python3.11/site-packages/telethon/network/connection/connection.py", line 335, in _recv_loop
2026-08-27 08:17:21:     data = await self._recv()
2026-08-27 08:17:21:            ^^^^^^^^^^^^^^^^^^
2026-08-27 08:17:21:   File "/home/nisch/Desktop/MediaGrabber/.venv/lib/python3.11/site-packages/telethon/network/connection/connection.py", line 374, in _recv
2026-08-27 08:17:21:     return await self._codec.read_packet(self._reader)
2026-08-27 08:17:21:            ^^^^^^^^^^^^^^^^^^^^^^^^^^^^^^^^^^^^^^^^^^^
2026-08-27 08:17:21:   File "/home/nisch/Desktop/MediaGrabber/.venv/lib/python3.11/site-packages/telethon/network/connection/tcpfull.py", line 25, in read_packet
2026-08-27 08:17:21:     packet_len_seq = await reader.readexactly(8)  # 4 and 4
2026-08-27 08:17:21:                      ^^^^^^^^^^^^^^^^^^^^^^^^^^^
2026-08-27 08:17:21:   File "/usr/lib/python3.11/asyncio/streams.py", line 728, in readexactly
2026-08-27 08:17:21:     await self._wait_for_data('readexactly')
2026-08-27 08:17:21:   File "/usr/lib/python3.11/asyncio/streams.py", line 508, in _wait_for_data
2026-08-27 08:17:21:     raise RuntimeError(
2026-08-27 08:17:21: RuntimeError: readexactly() called while another coroutine is already waiting for incoming data
2026-08-27 08:17:21: Unhandled error while receiving data
2026-08-27 08:17:21: Traceback (most recent call last):
2026-08-27 08:17:21:   File "/home/nisch/Desktop/MediaGrabber/.venv/lib/python3.11/site-packages/telethon/network/mtprotosender.py", line 507, in _recv_loop
2026-08-27 08:17:21:     body = await self._connection.recv()
2026-08-27 08:17:21:            ^^^^^^^^^^^^^^^^^^^^^^^^^^^^^
2026-08-27 08:17:21:   File "/home/nisch/Desktop/MediaGrabber/.venv/lib/python3.11/site-packages/telethon/network/connection/connection.py", line 304, in recv
2026-08-27 08:17:21:     raise err
2026-08-27 08:17:21:   File "/home/nisch/Desktop/MediaGrabber/.venv/lib/python3.11/site-packages/telethon/network/connection/connection.py", line 335, in _recv_loop
2026-08-27 08:17:21:     data = await self._recv()
2026-08-27 08:17:21:            ^^^^^^^^^^^^^^^^^^
2026-08-27 08:17:21:   File "/home/nisch/Desktop/MediaGrabber/.venv/lib/python3.11/site-packages/telethon/network/connection/connection.py", line 374, in _recv
2026-08-27 08:17:21:     return await self._codec.read_packet(self._reader)
2026-08-27 08:17:21:            ^^^^^^^^^^^^^^^^^^^^^^^^^^^^^^^^^^^^^^^^^^^
2026-08-27 08:17:21:   File "/home/nisch/Desktop/MediaGrabber/.venv/lib/python3.11/site-packages/telethon/network/connection/tcpfull.py", line 25, in read_packet
2026-08-27 08:17:21:     packet_len_seq = await reader.readexactly(8)  # 4 and 4
2026-08-27 08:17:21:                      ^^^^^^^^^^^^^^^^^^^^^^^^^^^
2026-08-27 08:17:21:   File "/usr/lib/python3.11/asyncio/streams.py", line 728, in readexactly
2026-08-27 08:17:21:     await self._wait_for_data('readexactly')
2026-08-27 08:17:21:   File "/usr/lib/python3.11/asyncio/streams.py", line 508, in _wait_for_data
2026-08-27 08:17:21:     raise RuntimeError(
2026-08-27 08:17:21: RuntimeError: readexactly() called while another coroutine is already waiting for incoming data
2026-08-28 08:20:15: Server closed the connection: 0 bytes read on a total of 8 expected bytes
2026-08-28 08:20:25: Graceful disconnection timed out, forcibly ignoring cleanup
2026-08-28 08:20:25: Unexpected exception in the receive loop
2026-08-28 08:20:25: Traceback (most recent call last):
2026-08-28 08:20:25:   File "/home/nisch/Desktop/MediaGrabber/.venv/lib/python3.11/site-packages/telethon/network/connection/connection.py", line 335, in _recv_loop
2026-08-28 08:20:25:     data = await self._recv()
2026-08-28 08:20:25:            ^^^^^^^^^^^^^^^^^^
2026-08-28 08:20:25:   File "/home/nisch/Desktop/MediaGrabber/.venv/lib/python3.11/site-packages/telethon/network/connection/connection.py", line 374, in _recv
2026-08-28 08:20:25:     return await self._codec.read_packet(self._reader)
2026-08-28 08:20:25:            ^^^^^^^^^^^^^^^^^^^^^^^^^^^^^^^^^^^^^^^^^^^
2026-08-28 08:20:25:   File "/home/nisch/Desktop/MediaGrabber/.venv/lib/python3.11/site-packages/telethon/network/connection/tcpfull.py", line 25, in read_packet
2026-08-28 08:20:25:     packet_len_seq = await reader.readexactly(8)  # 4 and 4
2026-08-28 08:20:25:                      ^^^^^^^^^^^^^^^^^^^^^^^^^^^
2026-08-28 08:20:25:   File "/usr/lib/python3.11/asyncio/streams.py", line 728, in readexactly
2026-08-28 08:20:25:     await self._wait_for_data('readexactly')
2026-08-28 08:20:25:   File "/usr/lib/python3.11/asyncio/streams.py", line 508, in _wait_for_data
2026-08-28 08:20:25:     raise RuntimeError(
2026-08-28 08:20:25: RuntimeError: readexactly() called while another coroutine is already waiting for incoming data
2026-08-28 08:20:25: Unhandled error while receiving data
2026-08-28 08:20:25: Traceback (most recent call last):
2026-08-28 08:20:25:   File "/home/nisch/Desktop/MediaGrabber/.venv/lib/python3.11/site-packages/telethon/network/mtprotosender.py", line 507, in _recv_loop
2026-08-28 08:20:25:     body = await self._connection.recv()
2026-08-28 08:20:25:            ^^^^^^^^^^^^^^^^^^^^^^^^^^^^^
2026-08-28 08:20:25:   File "/home/nisch/Desktop/MediaGrabber/.venv/lib/python3.11/site-packages/telethon/network/connection/connection.py", line 304, in recv
2026-08-28 08:20:25:     raise err
2026-08-28 08:20:25:   File "/home/nisch/Desktop/MediaGrabber/.venv/lib/python3.11/site-packages/telethon/network/connection/connection.py", line 335, in _recv_loop
2026-08-28 08:20:25:     data = await self._recv()
2026-08-28 08:20:25:            ^^^^^^^^^^^^^^^^^^
2026-08-28 08:20:25:   File "/home/nisch/Desktop/MediaGrabber/.venv/lib/python3.11/site-packages/telethon/network/connection/connection.py", line 374, in _recv
2026-08-28 08:20:25:     return await self._codec.read_packet(self._reader)
2026-08-28 08:20:25:            ^^^^^^^^^^^^^^^^^^^^^^^^^^^^^^^^^^^^^^^^^^^
2026-08-28 08:20:25:   File "/home/nisch/Desktop/MediaGrabber/.venv/lib/python3.11/site-packages/telethon/network/connection/tcpfull.py", line 25, in read_packet
2026-08-28 08:20:25:     packet_len_seq = await reader.readexactly(8)  # 4 and 4
2026-08-28 08:20:25:                      ^^^^^^^^^^^^^^^^^^^^^^^^^^^
2026-08-28 08:20:25:   File "/usr/lib/python3.11/asyncio/streams.py", line 728, in readexactly
2026-08-28 08:20:25:     await self._wait_for_data('readexactly')
2026-08-28 08:20:25:   File "/usr/lib/python3.11/asyncio/streams.py", line 508, in _wait_for_data
2026-08-28 08:20:25:     raise RuntimeError(
2026-08-28 08:20:25: RuntimeError: readexactly() called while another coroutine is already waiting for incoming data
2026-08-31 20:09:49: Server closed the connection: 0 bytes read on a total of 8 expected bytes
2026-08-31 20:09:59: Graceful disconnection timed out, forcibly ignoring cleanup
2026-08-31 20:09:59: Unexpected exception in the receive loop
2026-08-31 20:09:59: Traceback (most recent call last):
2026-08-31 20:09:59:   File "/home/nisch/Desktop/MediaGrabber/.venv/lib/python3.11/site-packages/telethon/network/connection/connection.py", line 335, in _recv_loop
2026-08-31 20:09:59:     data = await self._recv()
2026-08-31 20:09:59:            ^^^^^^^^^^^^^^^^^^
2026-08-31 20:09:59:   File "/home/nisch/Desktop/MediaGrabber/.venv/lib/python3.11/site-packages/telethon/network/connection/connection.py", line 374, in _recv
2026-08-31 20:09:59:     return await self._codec.read_packet(self._reader)
2026-08-31 20:09:59:            ^^^^^^^^^^^^^^^^^^^^^^^^^^^^^^^^^^^^^^^^^^^
2026-08-31 20:09:59:   File "/home/nisch/Desktop/MediaGrabber/.venv/lib/python3.11/site-packages/telethon/network/connection/tcpfull.py", line 25, in read_packet
2026-08-31 20:09:59:     packet_len_seq = await reader.readexactly(8)  # 4 and 4
2026-08-31 20:09:59:                      ^^^^^^^^^^^^^^^^^^^^^^^^^^^
2026-08-31 20:09:59:   File "/usr/lib/python3.11/asyncio/streams.py", line 728, in readexactly
2026-08-31 20:09:59:     await self._wait_for_data('readexactly')
2026-08-31 20:09:59:   File "/usr/lib/python3.11/asyncio/streams.py", line 508, in _wait_for_data
2026-08-31 20:09:59:     raise RuntimeError(
2026-08-31 20:09:59: RuntimeError: readexactly() called while another coroutine is already waiting for incoming data
2026-08-31 20:09:59: Unhandled error while receiving data
2026-08-31 20:09:59: Traceback (most recent call last):
2026-08-31 20:09:59:   File "/home/nisch/Desktop/MediaGrabber/.venv/lib/python3.11/site-packages/telethon/network/mtprotosender.py", line 507, in _recv_loop
2026-08-31 20:09:59:     body = await self._connection.recv()
2026-08-31 20:09:59:            ^^^^^^^^^^^^^^^^^^^^^^^^^^^^^
2026-08-31 20:09:59:   File "/home/nisch/Desktop/MediaGrabber/.venv/lib/python3.11/site-packages/telethon/network/connection/connection.py", line 304, in recv
2026-08-31 20:09:59:     raise err
2026-08-31 20:09:59:   File "/home/nisch/Desktop/MediaGrabber/.venv/lib/python3.11/site-packages/telethon/network/connection/connection.py", line 335, in _recv_loop
2026-08-31 20:09:59:     data = await self._recv()
2026-08-31 20:09:59:            ^^^^^^^^^^^^^^^^^^
2026-08-31 20:09:59:   File "/home/nisch/Desktop/MediaGrabber/.venv/lib/python3.11/site-packages/telethon/network/connection/connection.py", line 374, in _recv
2026-08-31 20:09:59:     return await self._codec.read_packet(self._reader)
2026-08-31 20:09:59:            ^^^^^^^^^^^^^^^^^^^^^^^^^^^^^^^^^^^^^^^^^^^
2026-08-31 20:09:59:   File "/home/nisch/Desktop/MediaGrabber/.venv/lib/python3.11/site-packages/telethon/network/connection/tcpfull.py", line 25, in read_packet
2026-08-31 20:09:59:     packet_len_seq = await reader.readexactly(8)  # 4 and 4
2026-08-31 20:09:59:                      ^^^^^^^^^^^^^^^^^^^^^^^^^^^
2026-08-31 20:09:59:   File "/usr/lib/python3.11/asyncio/streams.py", line 728, in readexactly
2026-08-31 20:09:59:     await self._wait_for_data('readexactly')
2026-08-31 20:09:59:   File "/usr/lib/python3.11/asyncio/streams.py", line 508, in _wait_for_data
2026-08-31 20:09:59:     raise RuntimeError(
2026-08-31 20:09:59: RuntimeError: readexactly() called while another coroutine is already waiting for incoming data
2026-08-31 20:27:20: Server closed the connection: 0 bytes read on a total of 8 expected bytes
2026-08-31 20:27:21: Security error while unpacking a received message: Server replied with a wrong session ID (see FAQ for details)
2026-08-31 20:39:03: Server closed the connection: 0 bytes read on a total of 8 expected bytes
2026-09-01 08:09:09: Server closed the connection: 0 bytes read on a total of 8 expected bytes
2026-09-01 08:09:19: Graceful disconnection timed out, forcibly ignoring cleanup
2026-09-01 08:09:20: Unexpected exception in the receive loop
2026-09-01 08:09:20: Traceback (most recent call last):
2026-09-01 08:09:20:   File "/home/nisch/Desktop/MediaGrabber/.venv/lib/python3.11/site-packages/telethon/network/connection/connection.py", line 335, in _recv_loop
2026-09-01 08:09:20:     data = await self._recv()
2026-09-01 08:09:20:            ^^^^^^^^^^^^^^^^^^
2026-09-01 08:09:20:   File "/home/nisch/Desktop/MediaGrabber/.venv/lib/python3.11/site-packages/telethon/network/connection/connection.py", line 374, in _recv
2026-09-01 08:09:20:     return await self._codec.read_packet(self._reader)
2026-09-01 08:09:20:            ^^^^^^^^^^^^^^^^^^^^^^^^^^^^^^^^^^^^^^^^^^^
2026-09-01 08:09:20:   File "/home/nisch/Desktop/MediaGrabber/.venv/lib/python3.11/site-packages/telethon/network/connection/tcpfull.py", line 25, in read_packet
2026-09-01 08:09:20:     packet_len_seq = await reader.readexactly(8)  # 4 and 4
2026-09-01 08:09:20:                      ^^^^^^^^^^^^^^^^^^^^^^^^^^^
2026-09-01 08:09:20:   File "/usr/lib/python3.11/asyncio/streams.py", line 728, in readexactly
2026-09-01 08:09:20:     await self._wait_for_data('readexactly')
2026-09-01 08:09:20:   File "/usr/lib/python3.11/asyncio/streams.py", line 508, in _wait_for_data
2026-09-01 08:09:20:     raise RuntimeError(
2026-09-01 08:09:20: RuntimeError: readexactly() called while another coroutine is already waiting for incoming data
2026-09-01 08:09:20: Unhandled error while receiving data
2026-09-01 08:09:20: Traceback (most recent call last):
2026-09-01 08:09:20:   File "/home/nisch/Desktop/MediaGrabber/.venv/lib/python3.11/site-packages/telethon/network/mtprotosender.py", line 507, in _recv_loop
2026-09-01 08:09:20:     body = await self._connection.recv()
2026-09-01 08:09:20:            ^^^^^^^^^^^^^^^^^^^^^^^^^^^^^
2026-09-01 08:09:20:   File "/home/nisch/Desktop/MediaGrabber/.venv/lib/python3.11/site-packages/telethon/network/connection/connection.py", line 304, in recv
2026-09-01 08:09:20:     raise err
2026-09-01 08:09:20:   File "/home/nisch/Desktop/MediaGrabber/.venv/lib/python3.11/site-packages/telethon/network/connection/connection.py", line 335, in _recv_loop
2026-09-01 08:09:20:     data = await self._recv()
2026-09-01 08:09:20:            ^^^^^^^^^^^^^^^^^^
2026-09-01 08:09:20:   File "/home/nisch/Desktop/MediaGrabber/.venv/lib/python3.11/site-packages/telethon/network/connection/connection.py", line 374, in _recv
2026-09-01 08:09:20:     return await self._codec.read_packet(self._reader)
2026-09-01 08:09:20:            ^^^^^^^^^^^^^^^^^^^^^^^^^^^^^^^^^^^^^^^^^^^
2026-09-01 08:09:20:   File "/home/nisch/Desktop/MediaGrabber/.venv/lib/python3.11/site-packages/telethon/network/connection/tcpfull.py", line 25, in read_packet
2026-09-01 08:09:20:     packet_len_seq = await reader.readexactly(8)  # 4 and 4
2026-09-01 08:09:20:                      ^^^^^^^^^^^^^^^^^^^^^^^^^^^
2026-09-01 08:09:20:   File "/usr/lib/python3.11/asyncio/streams.py", line 728, in readexactly
2026-09-01 08:09:20:     await self._wait_for_data('readexactly')
2026-09-01 08:09:20:   File "/usr/lib/python3.11/asyncio/streams.py", line 508, in _wait_for_data
2026-09-01 08:09:20:     raise RuntimeError(
2026-09-01 08:09:20: RuntimeError: readexactly() called while another coroutine is already waiting for incoming data
2026-09-02 08:08:02: Server closed the connection: 0 bytes read on a total of 8 expected bytes
2026-09-02 08:08:12: Graceful disconnection timed out, forcibly ignoring cleanup
2026-09-02 08:08:12: Unexpected exception in the receive loop
2026-09-02 08:08:12: Traceback (most recent call last):
2026-09-02 08:08:12:   File "/home/nisch/Desktop/MediaGrabber/.venv/lib/python3.11/site-packages/telethon/network/connection/connection.py", line 335, in _recv_loop
2026-09-02 08:08:12:     data = await self._recv()
2026-09-02 08:08:12:            ^^^^^^^^^^^^^^^^^^
2026-09-02 08:08:12:   File "/home/nisch/Desktop/MediaGrabber/.venv/lib/python3.11/site-packages/telethon/network/connection/connection.py", line 374, in _recv
2026-09-02 08:08:12:     return await self._codec.read_packet(self._reader)
2026-09-02 08:08:12:            ^^^^^^^^^^^^^^^^^^^^^^^^^^^^^^^^^^^^^^^^^^^
2026-09-02 08:08:12:   File "/home/nisch/Desktop/MediaGrabber/.venv/lib/python3.11/site-packages/telethon/network/connection/tcpfull.py", line 25, in read_packet
2026-09-02 08:08:12:     packet_len_seq = await reader.readexactly(8)  # 4 and 4
2026-09-02 08:08:12:                      ^^^^^^^^^^^^^^^^^^^^^^^^^^^
2026-09-02 08:08:12:   File "/usr/lib/python3.11/asyncio/streams.py", line 728, in readexactly
2026-09-02 08:08:12:     await self._wait_for_data('readexactly')
2026-09-02 08:08:12:   File "/usr/lib/python3.11/asyncio/streams.py", line 508, in _wait_for_data
2026-09-02 08:08:12:     raise RuntimeError(
2026-09-02 08:08:12: RuntimeError: readexactly() called while another coroutine is already waiting for incoming data
2026-09-02 08:08:12: Unhandled error while receiving data
2026-09-02 08:08:12: Traceback (most recent call last):
2026-09-02 08:08:12:   File "/home/nisch/Desktop/MediaGrabber/.venv/lib/python3.11/site-packages/telethon/network/mtprotosender.py", line 507, in _recv_loop
2026-09-02 08:08:12:     body = await self._connection.recv()
2026-09-02 08:08:12:            ^^^^^^^^^^^^^^^^^^^^^^^^^^^^^
2026-09-02 08:08:12:   File "/home/nisch/Desktop/MediaGrabber/.venv/lib/python3.11/site-packages/telethon/network/connection/connection.py", line 304, in recv
2026-09-02 08:08:12:     raise err
2026-09-02 08:08:12:   File "/home/nisch/Desktop/MediaGrabber/.venv/lib/python3.11/site-packages/telethon/network/connection/connection.py", line 335, in _recv_loop
2026-09-02 08:08:12:     data = await self._recv()
2026-09-02 08:08:12:            ^^^^^^^^^^^^^^^^^^
2026-09-02 08:08:12:   File "/home/nisch/Desktop/MediaGrabber/.venv/lib/python3.11/site-packages/telethon/network/connection/connection.py", line 374, in _recv
2026-09-02 08:08:12:     return await self._codec.read_packet(self._reader)
2026-09-02 08:08:12:            ^^^^^^^^^^^^^^^^^^^^^^^^^^^^^^^^^^^^^^^^^^^
2026-09-02 08:08:12:   File "/home/nisch/Desktop/MediaGrabber/.venv/lib/python3.11/site-packages/telethon/network/connection/tcpfull.py", line 25, in read_packet
2026-09-02 08:08:12:     packet_len_seq = await reader.readexactly(8)  # 4 and 4
2026-09-02 08:08:12:                      ^^^^^^^^^^^^^^^^^^^^^^^^^^^
2026-09-02 08:08:12:   File "/usr/lib/python3.11/asyncio/streams.py", line 728, in readexactly
2026-09-02 08:08:12:     await self._wait_for_data('readexactly')
2026-09-02 08:08:12:   File "/usr/lib/python3.11/asyncio/streams.py", line 508, in _wait_for_data
2026-09-02 08:08:12:     raise RuntimeError(
2026-09-02 08:08:12: RuntimeError: readexactly() called while another coroutine is already waiting for incoming data
2026-09-03 08:17:35: Server closed the connection: 0 bytes read on a total of 8 expected bytes
2026-09-03 08:17:45: Graceful disconnection timed out, forcibly ignoring cleanup
2026-09-03 08:17:45: Unexpected exception in the receive loop
2026-09-03 08:17:45: Traceback (most recent call last):
2026-09-03 08:17:45:   File "/home/nisch/Desktop/MediaGrabber/.venv/lib/python3.11/site-packages/telethon/network/connection/connection.py", line 335, in _recv_loop
2026-09-03 08:17:45:     data = await self._recv()
2026-09-03 08:17:45:            ^^^^^^^^^^^^^^^^^^
2026-09-03 08:17:45:   File "/home/nisch/Desktop/MediaGrabber/.venv/lib/python3.11/site-packages/telethon/network/connection/connection.py", line 374, in _recv
2026-09-03 08:17:45:     return await self._codec.read_packet(self._reader)
2026-09-03 08:17:45:            ^^^^^^^^^^^^^^^^^^^^^^^^^^^^^^^^^^^^^^^^^^^
2026-09-03 08:17:45:   File "/home/nisch/Desktop/MediaGrabber/.venv/lib/python3.11/site-packages/telethon/network/connection/tcpfull.py", line 25, in read_packet
2026-09-03 08:17:45:     packet_len_seq = await reader.readexactly(8)  # 4 and 4
2026-09-03 08:17:45:                      ^^^^^^^^^^^^^^^^^^^^^^^^^^^
2026-09-03 08:17:45:   File "/usr/lib/python3.11/asyncio/streams.py", line 728, in readexactly
2026-09-03 08:17:45:     await self._wait_for_data('readexactly')
2026-09-03 08:17:45:   File "/usr/lib/python3.11/asyncio/streams.py", line 508, in _wait_for_data
2026-09-03 08:17:45:     raise RuntimeError(
2026-09-03 08:17:45: RuntimeError: readexactly() called while another coroutine is already waiting for incoming data
2026-09-03 08:17:45: Unhandled error while receiving data
2026-09-03 08:17:45: Traceback (most recent call last):
2026-09-03 08:17:45:   File "/home/nisch/Desktop/MediaGrabber/.venv/lib/python3.11/site-packages/telethon/network/mtprotosender.py", line 507, in _recv_loop
2026-09-03 08:17:45:     body = await self._connection.recv()
2026-09-03 08:17:45:            ^^^^^^^^^^^^^^^^^^^^^^^^^^^^^
2026-09-03 08:17:45:   File "/home/nisch/Desktop/MediaGrabber/.venv/lib/python3.11/site-packages/telethon/network/connection/connection.py", line 304, in recv
2026-09-03 08:17:45:     raise err
2026-09-03 08:17:45:   File "/home/nisch/Desktop/MediaGrabber/.venv/lib/python3.11/site-packages/telethon/network/connection/connection.py", line 335, in _recv_loop
2026-09-03 08:17:45:     data = await self._recv()
2026-09-03 08:17:45:            ^^^^^^^^^^^^^^^^^^
2026-09-03 08:17:45:   File "/home/nisch/Desktop/MediaGrabber/.venv/lib/python3.11/site-packages/telethon/network/connection/connection.py", line 374, in _recv
2026-09-03 08:17:45:     return await self._codec.read_packet(self._reader)
2026-09-03 08:17:45:            ^^^^^^^^^^^^^^^^^^^^^^^^^^^^^^^^^^^^^^^^^^^
2026-09-03 08:17:45:   File "/home/nisch/Desktop/MediaGrabber/.venv/lib/python3.11/site-packages/telethon/network/connection/tcpfull.py", line 25, in read_packet
2026-09-03 08:17:45:     packet_len_seq = await reader.readexactly(8)  # 4 and 4
2026-09-03 08:17:45:                      ^^^^^^^^^^^^^^^^^^^^^^^^^^^
2026-09-03 08:17:45:   File "/usr/lib/python3.11/asyncio/streams.py", line 728, in readexactly
2026-09-03 08:17:45:     await self._wait_for_data('readexactly')
2026-09-03 08:17:45:   File "/usr/lib/python3.11/asyncio/streams.py", line 508, in _wait_for_data
2026-09-03 08:17:45:     raise RuntimeError(
2026-09-03 08:17:45: RuntimeError: readexactly() called while another coroutine is already waiting for incoming data
2026-09-04 08:08:05: Server closed the connection: 0 bytes read on a total of 8 expected bytes
2026-09-04 08:08:15: Graceful disconnection timed out, forcibly ignoring cleanup
2026-09-04 08:08:15: Unexpected exception in the receive loop
2026-09-04 08:08:15: Traceback (most recent call last):
2026-09-04 08:08:15:   File "/home/nisch/Desktop/MediaGrabber/.venv/lib/python3.11/site-packages/telethon/network/connection/connection.py", line 335, in _recv_loop
2026-09-04 08:08:15:     data = await self._recv()
2026-09-04 08:08:15:            ^^^^^^^^^^^^^^^^^^
2026-09-04 08:08:15:   File "/home/nisch/Desktop/MediaGrabber/.venv/lib/python3.11/site-packages/telethon/network/connection/connection.py", line 374, in _recv
2026-09-04 08:08:15:     return await self._codec.read_packet(self._reader)
2026-09-04 08:08:15:            ^^^^^^^^^^^^^^^^^^^^^^^^^^^^^^^^^^^^^^^^^^^
2026-09-04 08:08:15:   File "/home/nisch/Desktop/MediaGrabber/.venv/lib/python3.11/site-packages/telethon/network/connection/tcpfull.py", line 25, in read_packet
2026-09-04 08:08:15:     packet_len_seq = await reader.readexactly(8)  # 4 and 4
2026-09-04 08:08:15:                      ^^^^^^^^^^^^^^^^^^^^^^^^^^^
2026-09-04 08:08:15:   File "/usr/lib/python3.11/asyncio/streams.py", line 728, in readexactly
2026-09-04 08:08:15:     await self._wait_for_data('readexactly')
2026-09-04 08:08:15:   File "/usr/lib/python3.11/asyncio/streams.py", line 508, in _wait_for_data
2026-09-04 08:08:15:     raise RuntimeError(
2026-09-04 08:08:15: RuntimeError: readexactly() called while another coroutine is already waiting for incoming data
2026-09-04 08:08:15: Unhandled error while receiving data
2026-09-04 08:08:15: Traceback (most recent call last):
2026-09-04 08:08:15:   File "/home/nisch/Desktop/MediaGrabber/.venv/lib/python3.11/site-packages/telethon/network/mtprotosender.py", line 507, in _recv_loop
2026-09-04 08:08:15:     body = await self._connection.recv()
2026-09-04 08:08:15:            ^^^^^^^^^^^^^^^^^^^^^^^^^^^^^
2026-09-04 08:08:15:   File "/home/nisch/Desktop/MediaGrabber/.venv/lib/python3.11/site-packages/telethon/network/connection/connection.py", line 304, in recv
2026-09-04 08:08:15:     raise err
2026-09-04 08:08:15:   File "/home/nisch/Desktop/MediaGrabber/.venv/lib/python3.11/site-packages/telethon/network/connection/connection.py", line 335, in _recv_loop
2026-09-04 08:08:15:     data = await self._recv()
2026-09-04 08:08:15:            ^^^^^^^^^^^^^^^^^^
2026-09-04 08:08:15:   File "/home/nisch/Desktop/MediaGrabber/.venv/lib/python3.11/site-packages/telethon/network/connection/connection.py", line 374, in _recv
2026-09-04 08:08:15:     return await self._codec.read_packet(self._reader)
2026-09-04 08:08:15:            ^^^^^^^^^^^^^^^^^^^^^^^^^^^^^^^^^^^^^^^^^^^
2026-09-04 08:08:15:   File "/home/nisch/Desktop/MediaGrabber/.venv/lib/python3.11/site-packages/telethon/network/connection/tcpfull.py", line 25, in read_packet
2026-09-04 08:08:15:     packet_len_seq = await reader.readexactly(8)  # 4 and 4
2026-09-04 08:08:15:                      ^^^^^^^^^^^^^^^^^^^^^^^^^^^
2026-09-04 08:08:15:   File "/usr/lib/python3.11/asyncio/streams.py", line 728, in readexactly
2026-09-04 08:08:15:     await self._wait_for_data('readexactly')
2026-09-04 08:08:15:   File "/usr/lib/python3.11/asyncio/streams.py", line 508, in _wait_for_data
2026-09-04 08:08:15:     raise RuntimeError(
2026-09-04 08:08:15: RuntimeError: readexactly() called while another coroutine is already waiting for incoming data
2026-09-08 10:56:59: Server closed the connection: 0 bytes read on a total of 8 expected bytes
2026-09-08 10:57:09: Graceful disconnection timed out, forcibly ignoring cleanup
2026-09-08 10:57:09: Unexpected exception in the receive loop
2026-09-08 10:57:09: Traceback (most recent call last):
2026-09-08 10:57:09:   File "/home/nisch/Desktop/MediaGrabber/.venv/lib/python3.11/site-packages/telethon/network/connection/connection.py", line 335, in _recv_loop
2026-09-08 10:57:09:     data = await self._recv()
2026-09-08 10:57:09:            ^^^^^^^^^^^^^^^^^^
2026-09-08 10:57:09:   File "/home/nisch/Desktop/MediaGrabber/.venv/lib/python3.11/site-packages/telethon/network/connection/connection.py", line 374, in _recv
2026-09-08 10:57:09:     return await self._codec.read_packet(self._reader)
2026-09-08 10:57:09:            ^^^^^^^^^^^^^^^^^^^^^^^^^^^^^^^^^^^^^^^^^^^
2026-09-08 10:57:09:   File "/home/nisch/Desktop/MediaGrabber/.venv/lib/python3.11/site-packages/telethon/network/connection/tcpfull.py", line 25, in read_packet
2026-09-08 10:57:09:     packet_len_seq = await reader.readexactly(8)  # 4 and 4
2026-09-08 10:57:09:                      ^^^^^^^^^^^^^^^^^^^^^^^^^^^
2026-09-08 10:57:09:   File "/usr/lib/python3.11/asyncio/streams.py", line 728, in readexactly
2026-09-08 10:57:09:     await self._wait_for_data('readexactly')
2026-09-08 10:57:09:   File "/usr/lib/python3.11/asyncio/streams.py", line 508, in _wait_for_data
2026-09-08 10:57:09:     raise RuntimeError(
2026-09-08 10:57:09: RuntimeError: readexactly() called while another coroutine is already waiting for incoming data
2026-09-08 10:57:09: Unhandled error while receiving data
2026-09-08 10:57:09: Traceback (most recent call last):
2026-09-08 10:57:09:   File "/home/nisch/Desktop/MediaGrabber/.venv/lib/python3.11/site-packages/telethon/network/mtprotosender.py", line 507, in _recv_loop
2026-09-08 10:57:09:     body = await self._connection.recv()
2026-09-08 10:57:09:            ^^^^^^^^^^^^^^^^^^^^^^^^^^^^^
2026-09-08 10:57:09:   File "/home/nisch/Desktop/MediaGrabber/.venv/lib/python3.11/site-packages/telethon/network/connection/connection.py", line 304, in recv
2026-09-08 10:57:09:     raise err
2026-09-08 10:57:09:   File "/home/nisch/Desktop/MediaGrabber/.venv/lib/python3.11/site-packages/telethon/network/connection/connection.py", line 335, in _recv_loop
2026-09-08 10:57:09:     data = await self._recv()
2026-09-08 10:57:09:            ^^^^^^^^^^^^^^^^^^
2026-09-08 10:57:09:   File "/home/nisch/Desktop/MediaGrabber/.venv/lib/python3.11/site-packages/telethon/network/connection/connection.py", line 374, in _recv
2026-09-08 10:57:09:     return await self._codec.read_packet(self._reader)
2026-09-08 10:57:09:            ^^^^^^^^^^^^^^^^^^^^^^^^^^^^^^^^^^^^^^^^^^^
2026-09-08 10:57:09:   File "/home/nisch/Desktop/MediaGrabber/.venv/lib/python3.11/site-packages/telethon/network/connection/tcpfull.py", line 25, in read_packet
2026-09-08 10:57:09:     packet_len_seq = await reader.readexactly(8)  # 4 and 4
2026-09-08 10:57:09:                      ^^^^^^^^^^^^^^^^^^^^^^^^^^^
2026-09-08 10:57:09:   File "/usr/lib/python3.11/asyncio/streams.py", line 728, in readexactly
2026-09-08 10:57:09:     await self._wait_for_data('readexactly')
2026-09-08 10:57:09:   File "/usr/lib/python3.11/asyncio/streams.py", line 508, in _wait_for_data
2026-09-08 10:57:09:     raise RuntimeError(
2026-09-08 10:57:09: RuntimeError: readexactly() called while another coroutine is already waiting for incoming data
2026-09-08 11:10:15: Server closed the connection: 0 bytes read on a total of 8 expected bytes
2026-09-08 11:18:36: Server closed the connection: 0 bytes read on a total of 8 expected bytes
2026-09-08 11:27:40: Server closed the connection: 0 bytes read on a total of 8 expected bytes
2026-09-09 08:07:29: Server closed the connection: 0 bytes read on a total of 8 expected bytes
2026-09-09 08:07:39: Graceful disconnection timed out, forcibly ignoring cleanup
2026-09-09 08:07:39: Unexpected exception in the receive loop
2026-09-09 08:07:39: Traceback (most recent call last):
2026-09-09 08:07:39:   File "/home/nisch/Desktop/MediaGrabber/.venv/lib/python3.11/site-packages/telethon/network/connection/connection.py", line 335, in _recv_loop
2026-09-09 08:07:39:     data = await self._recv()
2026-09-09 08:07:39:            ^^^^^^^^^^^^^^^^^^
2026-09-09 08:07:39:   File "/home/nisch/Desktop/MediaGrabber/.venv/lib/python3.11/site-packages/telethon/network/connection/connection.py", line 374, in _recv
2026-09-09 08:07:39:     return await self._codec.read_packet(self._reader)
2026-09-09 08:07:39:            ^^^^^^^^^^^^^^^^^^^^^^^^^^^^^^^^^^^^^^^^^^^
2026-09-09 08:07:39:   File "/home/nisch/Desktop/MediaGrabber/.venv/lib/python3.11/site-packages/telethon/network/connection/tcpfull.py", line 25, in read_packet
2026-09-09 08:07:39:     packet_len_seq = await reader.readexactly(8)  # 4 and 4
2026-09-09 08:07:39:                      ^^^^^^^^^^^^^^^^^^^^^^^^^^^
2026-09-09 08:07:39:   File "/usr/lib/python3.11/asyncio/streams.py", line 728, in readexactly
2026-09-09 08:07:39:     await self._wait_for_data('readexactly')
2026-09-09 08:07:39:   File "/usr/lib/python3.11/asyncio/streams.py", line 508, in _wait_for_data
2026-09-09 08:07:39:     raise RuntimeError(
2026-09-09 08:07:39: RuntimeError: readexactly() called while another coroutine is already waiting for incoming data
2026-09-09 08:07:39: Unhandled error while receiving data
2026-09-09 08:07:39: Traceback (most recent call last):
2026-09-09 08:07:39:   File "/home/nisch/Desktop/MediaGrabber/.venv/lib/python3.11/site-packages/telethon/network/mtprotosender.py", line 507, in _recv_loop
2026-09-09 08:07:39:     body = await self._connection.recv()
2026-09-09 08:07:39:            ^^^^^^^^^^^^^^^^^^^^^^^^^^^^^
2026-09-09 08:07:39:   File "/home/nisch/Desktop/MediaGrabber/.venv/lib/python3.11/site-packages/telethon/network/connection/connection.py", line 304, in recv
2026-09-09 08:07:39:     raise err
2026-09-09 08:07:39:   File "/home/nisch/Desktop/MediaGrabber/.venv/lib/python3.11/site-packages/telethon/network/connection/connection.py", line 335, in _recv_loop
2026-09-09 08:07:39:     data = await self._recv()
2026-09-09 08:07:39:            ^^^^^^^^^^^^^^^^^^
2026-09-09 08:07:39:   File "/home/nisch/Desktop/MediaGrabber/.venv/lib/python3.11/site-packages/telethon/network/connection/connection.py", line 374, in _recv
2026-09-09 08:07:39:     return await self._codec.read_packet(self._reader)
2026-09-09 08:07:39:            ^^^^^^^^^^^^^^^^^^^^^^^^^^^^^^^^^^^^^^^^^^^
2026-09-09 08:07:39:   File "/home/nisch/Desktop/MediaGrabber/.venv/lib/python3.11/site-packages/telethon/network/connection/tcpfull.py", line 25, in read_packet
2026-09-09 08:07:39:     packet_len_seq = await reader.readexactly(8)  # 4 and 4
2026-09-09 08:07:39:                      ^^^^^^^^^^^^^^^^^^^^^^^^^^^
2026-09-09 08:07:39:   File "/usr/lib/python3.11/asyncio/streams.py", line 728, in readexactly
2026-09-09 08:07:39:     await self._wait_for_data('readexactly')
2026-09-09 08:07:39:   File "/usr/lib/python3.11/asyncio/streams.py", line 508, in _wait_for_data
2026-09-09 08:07:39:     raise RuntimeError(
2026-09-09 08:07:39: RuntimeError: readexactly() called while another coroutine is already waiting for incoming data
2026-09-10 08:10:42: Server closed the connection: 0 bytes read on a total of 8 expected bytes
2026-09-10 08:10:52: Graceful disconnection timed out, forcibly ignoring cleanup
2026-09-10 08:10:52: Unexpected exception in the receive loop
2026-09-10 08:10:52: Traceback (most recent call last):
2026-09-10 08:10:52:   File "/home/nisch/Desktop/MediaGrabber/.venv/lib/python3.11/site-packages/telethon/network/connection/connection.py", line 335, in _recv_loop
2026-09-10 08:10:52:     data = await self._recv()
2026-09-10 08:10:52:            ^^^^^^^^^^^^^^^^^^
2026-09-10 08:10:52:   File "/home/nisch/Desktop/MediaGrabber/.venv/lib/python3.11/site-packages/telethon/network/connection/connection.py", line 374, in _recv
2026-09-10 08:10:52:     return await self._codec.read_packet(self._reader)
2026-09-10 08:10:52:            ^^^^^^^^^^^^^^^^^^^^^^^^^^^^^^^^^^^^^^^^^^^
2026-09-10 08:10:52:   File "/home/nisch/Desktop/MediaGrabber/.venv/lib/python3.11/site-packages/telethon/network/connection/tcpfull.py", line 25, in read_packet
2026-09-10 08:10:52:     packet_len_seq = await reader.readexactly(8)  # 4 and 4
2026-09-10 08:10:52:                      ^^^^^^^^^^^^^^^^^^^^^^^^^^^
2026-09-10 08:10:52:   File "/usr/lib/python3.11/asyncio/streams.py", line 728, in readexactly
2026-09-10 08:10:52:     await self._wait_for_data('readexactly')
2026-09-10 08:10:52:   File "/usr/lib/python3.11/asyncio/streams.py", line 508, in _wait_for_data
2026-09-10 08:10:52:     raise RuntimeError(
2026-09-10 08:10:52: RuntimeError: readexactly() called while another coroutine is already waiting for incoming data
2026-09-10 08:10:52: Unhandled error while receiving data
2026-09-10 08:10:52: Traceback (most recent call last):
2026-09-10 08:10:52:   File "/home/nisch/Desktop/MediaGrabber/.venv/lib/python3.11/site-packages/telethon/network/mtprotosender.py", line 507, in _recv_loop
2026-09-10 08:10:52:     body = await self._connection.recv()
2026-09-10 08:10:52:            ^^^^^^^^^^^^^^^^^^^^^^^^^^^^^
2026-09-10 08:10:52:   File "/home/nisch/Desktop/MediaGrabber/.venv/lib/python3.11/site-packages/telethon/network/connection/connection.py", line 304, in recv
2026-09-10 08:10:52:     raise err
2026-09-10 08:10:52:   File "/home/nisch/Desktop/MediaGrabber/.venv/lib/python3.11/site-packages/telethon/network/connection/connection.py", line 335, in _recv_loop
2026-09-10 08:10:52:     data = await self._recv()
2026-09-10 08:10:52:            ^^^^^^^^^^^^^^^^^^
2026-09-10 08:10:52:   File "/home/nisch/Desktop/MediaGrabber/.venv/lib/python3.11/site-packages/telethon/network/connection/connection.py", line 374, in _recv
2026-09-10 08:10:52:     return await self._codec.read_packet(self._reader)
2026-09-10 08:10:52:            ^^^^^^^^^^^^^^^^^^^^^^^^^^^^^^^^^^^^^^^^^^^
2026-09-10 08:10:52:   File "/home/nisch/Desktop/MediaGrabber/.venv/lib/python3.11/site-packages/telethon/network/connection/tcpfull.py", line 25, in read_packet
2026-09-10 08:10:52:     packet_len_seq = await reader.readexactly(8)  # 4 and 4
2026-09-10 08:10:52:                      ^^^^^^^^^^^^^^^^^^^^^^^^^^^
2026-09-10 08:10:52:   File "/usr/lib/python3.11/asyncio/streams.py", line 728, in readexactly
2026-09-10 08:10:52:     await self._wait_for_data('readexactly')
2026-09-10 08:10:52:   File "/usr/lib/python3.11/asyncio/streams.py", line 508, in _wait_for_data
2026-09-10 08:10:52:     raise RuntimeError(
2026-09-10 08:10:52: RuntimeError: readexactly() called while another coroutine is already waiting for incoming data
2026-09-13 20:18:56: Server closed the connection: 0 bytes read on a total of 8 expected bytes
2026-09-13 20:19:06: Graceful disconnection timed out, forcibly ignoring cleanup
2026-09-13 20:19:06: Unexpected exception in the receive loop
2026-09-13 20:19:06: Traceback (most recent call last):
2026-09-13 20:19:06:   File "/home/nisch/Desktop/MediaGrabber/.venv/lib/python3.11/site-packages/telethon/network/connection/connection.py", line 335, in _recv_loop
2026-09-13 20:19:06:     data = await self._recv()
2026-09-13 20:19:06:            ^^^^^^^^^^^^^^^^^^
2026-09-13 20:19:06:   File "/home/nisch/Desktop/MediaGrabber/.venv/lib/python3.11/site-packages/telethon/network/connection/connection.py", line 374, in _recv
2026-09-13 20:19:06:     return await self._codec.read_packet(self._reader)
2026-09-13 20:19:06:            ^^^^^^^^^^^^^^^^^^^^^^^^^^^^^^^^^^^^^^^^^^^
2026-09-13 20:19:06:   File "/home/nisch/Desktop/MediaGrabber/.venv/lib/python3.11/site-packages/telethon/network/connection/tcpfull.py", line 25, in read_packet
2026-09-13 20:19:06:     packet_len_seq = await reader.readexactly(8)  # 4 and 4
2026-09-13 20:19:06:                      ^^^^^^^^^^^^^^^^^^^^^^^^^^^
2026-09-13 20:19:06:   File "/usr/lib/python3.11/asyncio/streams.py", line 728, in readexactly
2026-09-13 20:19:06:     await self._wait_for_data('readexactly')
2026-09-13 20:19:06:   File "/usr/lib/python3.11/asyncio/streams.py", line 508, in _wait_for_data
2026-09-13 20:19:06:     raise RuntimeError(
2026-09-13 20:19:06: RuntimeError: readexactly() called while another coroutine is already waiting for incoming data
2026-09-13 20:19:06: Unhandled error while receiving data
2026-09-13 20:19:06: Traceback (most recent call last):
2026-09-13 20:19:06:   File "/home/nisch/Desktop/MediaGrabber/.venv/lib/python3.11/site-packages/telethon/network/mtprotosender.py", line 507, in _recv_loop
2026-09-13 20:19:06:     body = await self._connection.recv()
2026-09-13 20:19:06:            ^^^^^^^^^^^^^^^^^^^^^^^^^^^^^
2026-09-13 20:19:06:   File "/home/nisch/Desktop/MediaGrabber/.venv/lib/python3.11/site-packages/telethon/network/connection/connection.py", line 304, in recv
2026-09-13 20:19:06:     raise err
2026-09-13 20:19:06:   File "/home/nisch/Desktop/MediaGrabber/.venv/lib/python3.11/site-packages/telethon/network/connection/connection.py", line 335, in _recv_loop
2026-09-13 20:19:06:     data = await self._recv()
2026-09-13 20:19:06:            ^^^^^^^^^^^^^^^^^^
2026-09-13 20:19:06:   File "/home/nisch/Desktop/MediaGrabber/.venv/lib/python3.11/site-packages/telethon/network/connection/connection.py", line 374, in _recv
2026-09-13 20:19:06:     return await self._codec.read_packet(self._reader)
2026-09-13 20:19:06:            ^^^^^^^^^^^^^^^^^^^^^^^^^^^^^^^^^^^^^^^^^^^
2026-09-13 20:19:06:   File "/home/nisch/Desktop/MediaGrabber/.venv/lib/python3.11/site-packages/telethon/network/connection/tcpfull.py", line 25, in read_packet
2026-09-13 20:19:06:     packet_len_seq = await reader.readexactly(8)  # 4 and 4
2026-09-13 20:19:06:                      ^^^^^^^^^^^^^^^^^^^^^^^^^^^
2026-09-13 20:19:06:   File "/usr/lib/python3.11/asyncio/streams.py", line 728, in readexactly
2026-09-13 20:19:06:     await self._wait_for_data('readexactly')
2026-09-13 20:19:06:   File "/usr/lib/python3.11/asyncio/streams.py", line 508, in _wait_for_data
2026-09-13 20:19:06:     raise RuntimeError(
2026-09-13 20:19:06: RuntimeError: readexactly() called while another coroutine is already waiting for incoming data
2026-09-13 20:28:22: Server closed the connection: 0 bytes read on a total of 8 expected bytes
2026-09-13 20:41:36: Server closed the connection: 0 bytes read on a total of 8 expected bytes
2026-09-15 08:24:25: Server closed the connection: 0 bytes read on a total of 8 expected bytes
2026-09-15 08:24:35: Graceful disconnection timed out, forcibly ignoring cleanup
2026-09-15 08:24:35: Unexpected exception in the receive loop
2026-09-15 08:24:35: Traceback (most recent call last):
2026-09-15 08:24:35:   File "/home/nisch/Desktop/MediaGrabber/.venv/lib/python3.11/site-packages/telethon/network/connection/connection.py", line 335, in _recv_loop
2026-09-15 08:24:35:     data = await self._recv()
2026-09-15 08:24:35:            ^^^^^^^^^^^^^^^^^^
2026-09-15 08:24:35:   File "/home/nisch/Desktop/MediaGrabber/.venv/lib/python3.11/site-packages/telethon/network/connection/connection.py", line 374, in _recv
2026-09-15 08:24:35:     return await self._codec.read_packet(self._reader)
2026-09-15 08:24:35:            ^^^^^^^^^^^^^^^^^^^^^^^^^^^^^^^^^^^^^^^^^^^
2026-09-15 08:24:35:   File "/home/nisch/Desktop/MediaGrabber/.venv/lib/python3.11/site-packages/telethon/network/connection/tcpfull.py", line 25, in read_packet
2026-09-15 08:24:35:     packet_len_seq = await reader.readexactly(8)  # 4 and 4
2026-09-15 08:24:35:                      ^^^^^^^^^^^^^^^^^^^^^^^^^^^
2026-09-15 08:24:35:   File "/usr/lib/python3.11/asyncio/streams.py", line 728, in readexactly
2026-09-15 08:24:35:     await self._wait_for_data('readexactly')
2026-09-15 08:24:35:   File "/usr/lib/python3.11/asyncio/streams.py", line 508, in _wait_for_data
2026-09-15 08:24:35:     raise RuntimeError(
2026-09-15 08:24:35: RuntimeError: readexactly() called while another coroutine is already waiting for incoming data
2026-09-15 08:24:35: Unhandled error while receiving data
2026-09-15 08:24:35: Traceback (most recent call last):
2026-09-15 08:24:35:   File "/home/nisch/Desktop/MediaGrabber/.venv/lib/python3.11/site-packages/telethon/network/mtprotosender.py", line 507, in _recv_loop
2026-09-15 08:24:35:     body = await self._connection.recv()
2026-09-15 08:24:35:            ^^^^^^^^^^^^^^^^^^^^^^^^^^^^^
2026-09-15 08:24:35:   File "/home/nisch/Desktop/MediaGrabber/.venv/lib/python3.11/site-packages/telethon/network/connection/connection.py", line 304, in recv
2026-09-15 08:24:35:     raise err
2026-09-15 08:24:35:   File "/home/nisch/Desktop/MediaGrabber/.venv/lib/python3.11/site-packages/telethon/network/connection/connection.py", line 335, in _recv_loop
2026-09-15 08:24:35:     data = await self._recv()
2026-09-15 08:24:35:            ^^^^^^^^^^^^^^^^^^
2026-09-15 08:24:35:   File "/home/nisch/Desktop/MediaGrabber/.venv/lib/python3.11/site-packages/telethon/network/connection/connection.py", line 374, in _recv
2026-09-15 08:24:35:     return await self._codec.read_packet(self._reader)
2026-09-15 08:24:35:            ^^^^^^^^^^^^^^^^^^^^^^^^^^^^^^^^^^^^^^^^^^^
2026-09-15 08:24:35:   File "/home/nisch/Desktop/MediaGrabber/.venv/lib/python3.11/site-packages/telethon/network/connection/tcpfull.py", line 25, in read_packet
2026-09-15 08:24:35:     packet_len_seq = await reader.readexactly(8)  # 4 and 4
2026-09-15 08:24:35:                      ^^^^^^^^^^^^^^^^^^^^^^^^^^^
2026-09-15 08:24:35:   File "/usr/lib/python3.11/asyncio/streams.py", line 728, in readexactly
2026-09-15 08:24:35:     await self._wait_for_data('readexactly')
2026-09-15 08:24:35:   File "/usr/lib/python3.11/asyncio/streams.py", line 508, in _wait_for_data
2026-09-15 08:24:35:     raise RuntimeError(
2026-09-15 08:24:35: RuntimeError: readexactly() called while another coroutine is already waiting for incoming data
2026-09-15 08:44:25: Server closed the connection: 0 bytes read on a total of 8 expected bytes
2026-09-16 08:17:13: Server closed the connection: 0 bytes read on a total of 8 expected bytes
2026-09-16 08:17:23: Graceful disconnection timed out, forcibly ignoring cleanup
2026-09-16 08:17:23: Unexpected exception in the receive loop
2026-09-16 08:17:23: Traceback (most recent call last):
2026-09-16 08:17:23:   File "/home/nisch/Desktop/MediaGrabber/.venv/lib/python3.11/site-packages/telethon/network/connection/connection.py", line 335, in _recv_loop
2026-09-16 08:17:23:     data = await self._recv()
2026-09-16 08:17:23:            ^^^^^^^^^^^^^^^^^^
2026-09-16 08:17:23:   File "/home/nisch/Desktop/MediaGrabber/.venv/lib/python3.11/site-packages/telethon/network/connection/connection.py", line 374, in _recv
2026-09-16 08:17:23:     return await self._codec.read_packet(self._reader)
2026-09-16 08:17:23:            ^^^^^^^^^^^^^^^^^^^^^^^^^^^^^^^^^^^^^^^^^^^
2026-09-16 08:17:23:   File "/home/nisch/Desktop/MediaGrabber/.venv/lib/python3.11/site-packages/telethon/network/connection/tcpfull.py", line 25, in read_packet
2026-09-16 08:17:23:     packet_len_seq = await reader.readexactly(8)  # 4 and 4
2026-09-16 08:17:23:                      ^^^^^^^^^^^^^^^^^^^^^^^^^^^
2026-09-16 08:17:23:   File "/usr/lib/python3.11/asyncio/streams.py", line 728, in readexactly
2026-09-16 08:17:23:     await self._wait_for_data('readexactly')
2026-09-16 08:17:23:   File "/usr/lib/python3.11/asyncio/streams.py", line 508, in _wait_for_data
2026-09-16 08:17:23:     raise RuntimeError(
2026-09-16 08:17:23: RuntimeError: readexactly() called while another coroutine is already waiting for incoming data
2026-09-16 08:17:23: Unhandled error while receiving data
2026-09-16 08:17:23: Traceback (most recent call last):
2026-09-16 08:17:23:   File "/home/nisch/Desktop/MediaGrabber/.venv/lib/python3.11/site-packages/telethon/network/mtprotosender.py", line 507, in _recv_loop
2026-09-16 08:17:23:     body = await self._connection.recv()
2026-09-16 08:17:23:            ^^^^^^^^^^^^^^^^^^^^^^^^^^^^^
2026-09-16 08:17:23:   File "/home/nisch/Desktop/MediaGrabber/.venv/lib/python3.11/site-packages/telethon/network/connection/connection.py", line 304, in recv
2026-09-16 08:17:23:     raise err
2026-09-16 08:17:23:   File "/home/nisch/Desktop/MediaGrabber/.venv/lib/python3.11/site-packages/telethon/network/connection/connection.py", line 335, in _recv_loop
2026-09-16 08:17:23:     data = await self._recv()
2026-09-16 08:17:23:            ^^^^^^^^^^^^^^^^^^
2026-09-16 08:17:23:   File "/home/nisch/Desktop/MediaGrabber/.venv/lib/python3.11/site-packages/telethon/network/connection/connection.py", line 374, in _recv
2026-09-16 08:17:23:     return await self._codec.read_packet(self._reader)
2026-09-16 08:17:23:            ^^^^^^^^^^^^^^^^^^^^^^^^^^^^^^^^^^^^^^^^^^^
2026-09-16 08:17:23:   File "/home/nisch/Desktop/MediaGrabber/.venv/lib/python3.11/site-packages/telethon/network/connection/tcpfull.py", line 25, in read_packet
2026-09-16 08:17:23:     packet_len_seq = await reader.readexactly(8)  # 4 and 4
2026-09-16 08:17:23:                      ^^^^^^^^^^^^^^^^^^^^^^^^^^^
2026-09-16 08:17:23:   File "/usr/lib/python3.11/asyncio/streams.py", line 728, in readexactly
2026-09-16 08:17:23:     await self._wait_for_data('readexactly')
2026-09-16 08:17:23:   File "/usr/lib/python3.11/asyncio/streams.py", line 508, in _wait_for_data
2026-09-16 08:17:23:     raise RuntimeError(
2026-09-16 08:17:23: RuntimeError: readexactly() called while another coroutine is already waiting for incoming data
2026-09-17 08:12:29: Server closed the connection: 0 bytes read on a total of 8 expected bytes
2026-09-17 08:12:39: Graceful disconnection timed out, forcibly ignoring cleanup
2026-09-17 08:12:39: Unexpected exception in the receive loop
2026-09-17 08:12:39: Traceback (most recent call last):
2026-09-17 08:12:39:   File "/home/nisch/Desktop/MediaGrabber/.venv/lib/python3.11/site-packages/telethon/network/connection/connection.py", line 335, in _recv_loop
2026-09-17 08:12:39:     data = await self._recv()
2026-09-17 08:12:39:            ^^^^^^^^^^^^^^^^^^
2026-09-17 08:12:39:   File "/home/nisch/Desktop/MediaGrabber/.venv/lib/python3.11/site-packages/telethon/network/connection/connection.py", line 374, in _recv
2026-09-17 08:12:39:     return await self._codec.read_packet(self._reader)
2026-09-17 08:12:39:            ^^^^^^^^^^^^^^^^^^^^^^^^^^^^^^^^^^^^^^^^^^^
2026-09-17 08:12:39:   File "/home/nisch/Desktop/MediaGrabber/.venv/lib/python3.11/site-packages/telethon/network/connection/tcpfull.py", line 25, in read_packet
2026-09-17 08:12:39:     packet_len_seq = await reader.readexactly(8)  # 4 and 4
2026-09-17 08:12:39:                      ^^^^^^^^^^^^^^^^^^^^^^^^^^^
2026-09-17 08:12:39:   File "/usr/lib/python3.11/asyncio/streams.py", line 728, in readexactly
2026-09-17 08:12:39:     await self._wait_for_data('readexactly')
2026-09-17 08:12:39:   File "/usr/lib/python3.11/asyncio/streams.py", line 508, in _wait_for_data
2026-09-17 08:12:39:     raise RuntimeError(
2026-09-17 08:12:39: RuntimeError: readexactly() called while another coroutine is already waiting for incoming data
2026-09-17 08:12:39: Unhandled error while receiving data
2026-09-17 08:12:39: Traceback (most recent call last):
2026-09-17 08:12:39:   File "/home/nisch/Desktop/MediaGrabber/.venv/lib/python3.11/site-packages/telethon/network/mtprotosender.py", line 507, in _recv_loop
2026-09-17 08:12:39:     body = await self._connection.recv()
2026-09-17 08:12:39:            ^^^^^^^^^^^^^^^^^^^^^^^^^^^^^
2026-09-17 08:12:39:   File "/home/nisch/Desktop/MediaGrabber/.venv/lib/python3.11/site-packages/telethon/network/connection/connection.py", line 304, in recv
2026-09-17 08:12:39:     raise err
2026-09-17 08:12:39:   File "/home/nisch/Desktop/MediaGrabber/.venv/lib/python3.11/site-packages/telethon/network/connection/connection.py", line 335, in _recv_loop
2026-09-17 08:12:39:     data = await self._recv()
2026-09-17 08:12:39:            ^^^^^^^^^^^^^^^^^^
2026-09-17 08:12:39:   File "/home/nisch/Desktop/MediaGrabber/.venv/lib/python3.11/site-packages/telethon/network/connection/connection.py", line 374, in _recv
2026-09-17 08:12:39:     return await self._codec.read_packet(self._reader)
2026-09-17 08:12:39:            ^^^^^^^^^^^^^^^^^^^^^^^^^^^^^^^^^^^^^^^^^^^
2026-09-17 08:12:39:   File "/home/nisch/Desktop/MediaGrabber/.venv/lib/python3.11/site-packages/telethon/network/connection/tcpfull.py", line 25, in read_packet
2026-09-17 08:12:39:     packet_len_seq = await reader.readexactly(8)  # 4 and 4
2026-09-17 08:12:39:                      ^^^^^^^^^^^^^^^^^^^^^^^^^^^
2026-09-17 08:12:39:   File "/usr/lib/python3.11/asyncio/streams.py", line 728, in readexactly
2026-09-17 08:12:39:     await self._wait_for_data('readexactly')
2026-09-17 08:12:39:   File "/usr/lib/python3.11/asyncio/streams.py", line 508, in _wait_for_data
2026-09-17 08:12:39:     raise RuntimeError(
2026-09-17 08:12:39: RuntimeError: readexactly() called while another coroutine is already waiting for incoming data
2026-09-18 08:14:22: Server closed the connection: 0 bytes read on a total of 8 expected bytes
2026-09-18 08:14:32: Graceful disconnection timed out, forcibly ignoring cleanup
2026-09-18 08:14:32: Unexpected exception in the receive loop
2026-09-18 08:14:32: Traceback (most recent call last):
2026-09-18 08:14:32:   File "/home/nisch/Desktop/MediaGrabber/.venv/lib/python3.11/site-packages/telethon/network/connection/connection.py", line 335, in _recv_loop
2026-09-18 08:14:32:     data = await self._recv()
2026-09-18 08:14:32:            ^^^^^^^^^^^^^^^^^^
2026-09-18 08:14:32:   File "/home/nisch/Desktop/MediaGrabber/.venv/lib/python3.11/site-packages/telethon/network/connection/connection.py", line 374, in _recv
2026-09-18 08:14:32:     return await self._codec.read_packet(self._reader)
2026-09-18 08:14:32:            ^^^^^^^^^^^^^^^^^^^^^^^^^^^^^^^^^^^^^^^^^^^
2026-09-18 08:14:32:   File "/home/nisch/Desktop/MediaGrabber/.venv/lib/python3.11/site-packages/telethon/network/connection/tcpfull.py", line 25, in read_packet
2026-09-18 08:14:32:     packet_len_seq = await reader.readexactly(8)  # 4 and 4
2026-09-18 08:14:32:                      ^^^^^^^^^^^^^^^^^^^^^^^^^^^
2026-09-18 08:14:32:   File "/usr/lib/python3.11/asyncio/streams.py", line 728, in readexactly
2026-09-18 08:14:32:     await self._wait_for_data('readexactly')
2026-09-18 08:14:32:   File "/usr/lib/python3.11/asyncio/streams.py", line 508, in _wait_for_data
2026-09-18 08:14:32:     raise RuntimeError(
2026-09-18 08:14:32: RuntimeError: readexactly() called while another coroutine is already waiting for incoming data
2026-09-18 08:14:32: Unhandled error while receiving data
2026-09-18 08:14:32: Traceback (most recent call last):
2026-09-18 08:14:32:   File "/home/nisch/Desktop/MediaGrabber/.venv/lib/python3.11/site-packages/telethon/network/mtprotosender.py", line 507, in _recv_loop
2026-09-18 08:14:32:     body = await self._connection.recv()
2026-09-18 08:14:32:            ^^^^^^^^^^^^^^^^^^^^^^^^^^^^^
2026-09-18 08:14:32:   File "/home/nisch/Desktop/MediaGrabber/.venv/lib/python3.11/site-packages/telethon/network/connection/connection.py", line 304, in recv
2026-09-18 08:14:32:     raise err
2026-09-18 08:14:32:   File "/home/nisch/Desktop/MediaGrabber/.venv/lib/python3.11/site-packages/telethon/network/connection/connection.py", line 335, in _recv_loop
2026-09-18 08:14:32:     data = await self._recv()
2026-09-18 08:14:32:            ^^^^^^^^^^^^^^^^^^
2026-09-18 08:14:32:   File "/home/nisch/Desktop/MediaGrabber/.venv/lib/python3.11/site-packages/telethon/network/connection/connection.py", line 374, in _recv
2026-09-18 08:14:32:     return await self._codec.read_packet(self._reader)
2026-09-18 08:14:32:            ^^^^^^^^^^^^^^^^^^^^^^^^^^^^^^^^^^^^^^^^^^^
2026-09-18 08:14:32:   File "/home/nisch/Desktop/MediaGrabber/.venv/lib/python3.11/site-packages/telethon/network/connection/tcpfull.py", line 25, in read_packet
2026-09-18 08:14:32:     packet_len_seq = await reader.readexactly(8)  # 4 and 4
2026-09-18 08:14:32:                      ^^^^^^^^^^^^^^^^^^^^^^^^^^^
2026-09-18 08:14:32:   File "/usr/lib/python3.11/asyncio/streams.py", line 728, in readexactly
2026-09-18 08:14:32:     await self._wait_for_data('readexactly')
2026-09-18 08:14:32:   File "/usr/lib/python3.11/asyncio/streams.py", line 508, in _wait_for_data
2026-09-18 08:14:32:     raise RuntimeError(
2026-09-18 08:14:32: RuntimeError: readexactly() called while another coroutine is already waiting for incoming data
2026-09-20 11:02:03: Server closed the connection: 0 bytes read on a total of 8 expected bytes
2026-09-20 11:02:13: Graceful disconnection timed out, forcibly ignoring cleanup
2026-09-20 11:02:13: Unexpected exception in the receive loop
2026-09-20 11:02:13: Traceback (most recent call last):
2026-09-20 11:02:13:   File "/home/nisch/Desktop/MediaGrabber/.venv/lib/python3.11/site-packages/telethon/network/connection/connection.py", line 335, in _recv_loop
2026-09-20 11:02:13:     data = await self._recv()
2026-09-20 11:02:13:            ^^^^^^^^^^^^^^^^^^
2026-09-20 11:02:13:   File "/home/nisch/Desktop/MediaGrabber/.venv/lib/python3.11/site-packages/telethon/network/connection/connection.py", line 374, in _recv
2026-09-20 11:02:13:     return await self._codec.read_packet(self._reader)
2026-09-20 11:02:13:            ^^^^^^^^^^^^^^^^^^^^^^^^^^^^^^^^^^^^^^^^^^^
2026-09-20 11:02:13:   File "/home/nisch/Desktop/MediaGrabber/.venv/lib/python3.11/site-packages/telethon/network/connection/tcpfull.py", line 25, in read_packet
2026-09-20 11:02:13:     packet_len_seq = await reader.readexactly(8)  # 4 and 4
2026-09-20 11:02:13:                      ^^^^^^^^^^^^^^^^^^^^^^^^^^^
2026-09-20 11:02:13:   File "/usr/lib/python3.11/asyncio/streams.py", line 728, in readexactly
2026-09-20 11:02:13:     await self._wait_for_data('readexactly')
2026-09-20 11:02:13:   File "/usr/lib/python3.11/asyncio/streams.py", line 508, in _wait_for_data
2026-09-20 11:02:13:     raise RuntimeError(
2026-09-20 11:02:13: RuntimeError: readexactly() called while another coroutine is already waiting for incoming data
2026-09-20 11:02:13: Unhandled error while receiving data
2026-09-20 11:02:13: Traceback (most recent call last):
2026-09-20 11:02:13:   File "/home/nisch/Desktop/MediaGrabber/.venv/lib/python3.11/site-packages/telethon/network/mtprotosender.py", line 507, in _recv_loop
2026-09-20 11:02:13:     body = await self._connection.recv()
2026-09-20 11:02:13:            ^^^^^^^^^^^^^^^^^^^^^^^^^^^^^
2026-09-20 11:02:13:   File "/home/nisch/Desktop/MediaGrabber/.venv/lib/python3.11/site-packages/telethon/network/connection/connection.py", line 304, in recv
2026-09-20 11:02:13:     raise err
2026-09-20 11:02:13:   File "/home/nisch/Desktop/MediaGrabber/.venv/lib/python3.11/site-packages/telethon/network/connection/connection.py", line 335, in _recv_loop
2026-09-20 11:02:13:     data = await self._recv()
2026-09-20 11:02:13:            ^^^^^^^^^^^^^^^^^^
2026-09-20 11:02:13:   File "/home/nisch/Desktop/MediaGrabber/.venv/lib/python3.11/site-packages/telethon/network/connection/connection.py", line 374, in _recv
2026-09-20 11:02:13:     return await self._codec.read_packet(self._reader)
2026-09-20 11:02:13:            ^^^^^^^^^^^^^^^^^^^^^^^^^^^^^^^^^^^^^^^^^^^
2026-09-20 11:02:13:   File "/home/nisch/Desktop/MediaGrabber/.venv/lib/python3.11/site-packages/telethon/network/connection/tcpfull.py", line 25, in read_packet
2026-09-20 11:02:13:     packet_len_seq = await reader.readexactly(8)  # 4 and 4
2026-09-20 11:02:13:                      ^^^^^^^^^^^^^^^^^^^^^^^^^^^
2026-09-20 11:02:13:   File "/usr/lib/python3.11/asyncio/streams.py", line 728, in readexactly
2026-09-20 11:02:13:     await self._wait_for_data('readexactly')
2026-09-20 11:02:13:   File "/usr/lib/python3.11/asyncio/streams.py", line 508, in _wait_for_data
2026-09-20 11:02:13:     raise RuntimeError(
2026-09-20 11:02:13: RuntimeError: readexactly() called while another coroutine is already waiting for incoming data
2026-09-20 11:21:19: Server sent a very old message with ID 7687633640119226369, ignoring (see FAQ for details)
2026-09-20 11:21:19: Server closed the connection: 0 bytes read on a total of 8 expected bytes
2026-09-20 11:21:19: Security error while unpacking a received message: Server replied with a wrong session ID (see FAQ for details)
2026-09-20 11:36:44: Server closed the connection: 0 bytes read on a total of 8 expected bytes
2026-09-22 08:16:07: Server closed the connection: 0 bytes read on a total of 8 expected bytes
2026-09-22 08:16:17: Graceful disconnection timed out, forcibly ignoring cleanup
2026-09-22 08:16:17: Unexpected exception in the receive loop
2026-09-22 08:16:17: Traceback (most recent call last):
2026-09-22 08:16:17:   File "/home/nisch/Desktop/MediaGrabber/.venv/lib/python3.11/site-packages/telethon/network/connection/connection.py", line 335, in _recv_loop
2026-09-22 08:16:17:     data = await self._recv()
2026-09-22 08:16:17:            ^^^^^^^^^^^^^^^^^^
2026-09-22 08:16:17:   File "/home/nisch/Desktop/MediaGrabber/.venv/lib/python3.11/site-packages/telethon/network/connection/connection.py", line 374, in _recv
2026-09-22 08:16:17:     return await self._codec.read_packet(self._reader)
2026-09-22 08:16:17:            ^^^^^^^^^^^^^^^^^^^^^^^^^^^^^^^^^^^^^^^^^^^
2026-09-22 08:16:17:   File "/home/nisch/Desktop/MediaGrabber/.venv/lib/python3.11/site-packages/telethon/network/connection/tcpfull.py", line 25, in read_packet
2026-09-22 08:16:17:     packet_len_seq = await reader.readexactly(8)  # 4 and 4
2026-09-22 08:16:17:                      ^^^^^^^^^^^^^^^^^^^^^^^^^^^
2026-09-22 08:16:17:   File "/usr/lib/python3.11/asyncio/streams.py", line 728, in readexactly
2026-09-22 08:16:17:     await self._wait_for_data('readexactly')
2026-09-22 08:16:17:   File "/usr/lib/python3.11/asyncio/streams.py", line 508, in _wait_for_data
2026-09-22 08:16:17:     raise RuntimeError(
2026-09-22 08:16:17: RuntimeError: readexactly() called while another coroutine is already waiting for incoming data
2026-09-22 08:16:17: Unhandled error while receiving data
2026-09-22 08:16:17: Traceback (most recent call last):
2026-09-22 08:16:17:   File "/home/nisch/Desktop/MediaGrabber/.venv/lib/python3.11/site-packages/telethon/network/mtprotosender.py", line 507, in _recv_loop
2026-09-22 08:16:17:     body = await self._connection.recv()
2026-09-22 08:16:17:            ^^^^^^^^^^^^^^^^^^^^^^^^^^^^^
2026-09-22 08:16:17:   File "/home/nisch/Desktop/MediaGrabber/.venv/lib/python3.11/site-packages/telethon/network/connection/connection.py", line 304, in recv
2026-09-22 08:16:17:     raise err
2026-09-22 08:16:17:   File "/home/nisch/Desktop/MediaGrabber/.venv/lib/python3.11/site-packages/telethon/network/connection/connection.py", line 335, in _recv_loop
2026-09-22 08:16:17:     data = await self._recv()
2026-09-22 08:16:17:            ^^^^^^^^^^^^^^^^^^
2026-09-22 08:16:17:   File "/home/nisch/Desktop/MediaGrabber/.venv/lib/python3.11/site-packages/telethon/network/connection/connection.py", line 374, in _recv
2026-09-22 08:16:17:     return await self._codec.read_packet(self._reader)
2026-09-22 08:16:17:            ^^^^^^^^^^^^^^^^^^^^^^^^^^^^^^^^^^^^^^^^^^^
2026-09-22 08:16:17:   File "/home/nisch/Desktop/MediaGrabber/.venv/lib/python3.11/site-packages/telethon/network/connection/tcpfull.py", line 25, in read_packet
2026-09-22 08:16:17:     packet_len_seq = await reader.readexactly(8)  # 4 and 4
2026-09-22 08:16:17:                      ^^^^^^^^^^^^^^^^^^^^^^^^^^^
2026-09-22 08:16:17:   File "/usr/lib/python3.11/asyncio/streams.py", line 728, in readexactly
2026-09-22 08:16:17:     await self._wait_for_data('readexactly')
2026-09-22 08:16:17:   File "/usr/lib/python3.11/asyncio/streams.py", line 508, in _wait_for_data
2026-09-22 08:16:17:     raise RuntimeError(
2026-09-22 08:16:17: RuntimeError: readexactly() called while another coroutine is already waiting for incoming data
2026-09-22 08:29:43: Server closed the connection: 0 bytes read on a total of 8 expected bytes
2026-09-23 08:19:11: Server closed the connection: 0 bytes read on a total of 8 expected bytes
2026-09-23 08:19:21: Graceful disconnection timed out, forcibly ignoring cleanup
2026-09-23 08:19:21: Unexpected exception in the receive loop
2026-09-23 08:19:21: Traceback (most recent call last):
2026-09-23 08:19:21:   File "/home/nisch/Desktop/MediaGrabber/.venv/lib/python3.11/site-packages/telethon/network/connection/connection.py", line 335, in _recv_loop
2026-09-23 08:19:21:     data = await self._recv()
2026-09-23 08:19:21:            ^^^^^^^^^^^^^^^^^^
2026-09-23 08:19:21:   File "/home/nisch/Desktop/MediaGrabber/.venv/lib/python3.11/site-packages/telethon/network/connection/connection.py", line 374, in _recv
2026-09-23 08:19:21:     return await self._codec.read_packet(self._reader)
2026-09-23 08:19:21:            ^^^^^^^^^^^^^^^^^^^^^^^^^^^^^^^^^^^^^^^^^^^
2026-09-23 08:19:21:   File "/home/nisch/Desktop/MediaGrabber/.venv/lib/python3.11/site-packages/telethon/network/connection/tcpfull.py", line 25, in read_packet
2026-09-23 08:19:21:     packet_len_seq = await reader.readexactly(8)  # 4 and 4
2026-09-23 08:19:21:                      ^^^^^^^^^^^^^^^^^^^^^^^^^^^
2026-09-23 08:19:21:   File "/usr/lib/python3.11/asyncio/streams.py", line 728, in readexactly
2026-09-23 08:19:21:     await self._wait_for_data('readexactly')
2026-09-23 08:19:21:   File "/usr/lib/python3.11/asyncio/streams.py", line 508, in _wait_for_data
2026-09-23 08:19:21:     raise RuntimeError(
2026-09-23 08:19:21: RuntimeError: readexactly() called while another coroutine is already waiting for incoming data
2026-09-23 08:19:21: Unhandled error while receiving data
2026-09-23 08:19:21: Traceback (most recent call last):
2026-09-23 08:19:21:   File "/home/nisch/Desktop/MediaGrabber/.venv/lib/python3.11/site-packages/telethon/network/mtprotosender.py", line 507, in _recv_loop
2026-09-23 08:19:21:     body = await self._connection.recv()
2026-09-23 08:19:21:            ^^^^^^^^^^^^^^^^^^^^^^^^^^^^^
2026-09-23 08:19:21:   File "/home/nisch/Desktop/MediaGrabber/.venv/lib/python3.11/site-packages/telethon/network/connection/connection.py", line 304, in recv
2026-09-23 08:19:21:     raise err
2026-09-23 08:19:21:   File "/home/nisch/Desktop/MediaGrabber/.venv/lib/python3.11/site-packages/telethon/network/connection/connection.py", line 335, in _recv_loop
2026-09-23 08:19:21:     data = await self._recv()
2026-09-23 08:19:21:            ^^^^^^^^^^^^^^^^^^
2026-09-23 08:19:21:   File "/home/nisch/Desktop/MediaGrabber/.venv/lib/python3.11/site-packages/telethon/network/connection/connection.py", line 374, in _recv
2026-09-23 08:19:21:     return await self._codec.read_packet(self._reader)
2026-09-23 08:19:21:            ^^^^^^^^^^^^^^^^^^^^^^^^^^^^^^^^^^^^^^^^^^^
2026-09-23 08:19:21:   File "/home/nisch/Desktop/MediaGrabber/.venv/lib/python3.11/site-packages/telethon/network/connection/tcpfull.py", line 25, in read_packet
2026-09-23 08:19:21:     packet_len_seq = await reader.readexactly(8)  # 4 and 4
2026-09-23 08:19:21:                      ^^^^^^^^^^^^^^^^^^^^^^^^^^^
2026-09-23 08:19:21:   File "/usr/lib/python3.11/asyncio/streams.py", line 728, in readexactly
2026-09-23 08:19:21:     await self._wait_for_data('readexactly')
2026-09-23 08:19:21:   File "/usr/lib/python3.11/asyncio/streams.py", line 508, in _wait_for_data
2026-09-23 08:19:21:     raise RuntimeError(
2026-09-23 08:19:21: RuntimeError: readexactly() called while another coroutine is already waiting for incoming data
2026-09-24 08:17:09: Server closed the connection: 0 bytes read on a total of 8 expected bytes
2026-09-24 08:17:19: Graceful disconnection timed out, forcibly ignoring cleanup
2026-09-24 08:17:19: Unexpected exception in the receive loop
2026-09-24 08:17:19: Traceback (most recent call last):
2026-09-24 08:17:19:   File "/home/nisch/Desktop/MediaGrabber/.venv/lib/python3.11/site-packages/telethon/network/connection/connection.py", line 335, in _recv_loop
2026-09-24 08:17:19:     data = await self._recv()
2026-09-24 08:17:19:            ^^^^^^^^^^^^^^^^^^
2026-09-24 08:17:19:   File "/home/nisch/Desktop/MediaGrabber/.venv/lib/python3.11/site-packages/telethon/network/connection/connection.py", line 374, in _recv
2026-09-24 08:17:19:     return await self._codec.read_packet(self._reader)
2026-09-24 08:17:19:            ^^^^^^^^^^^^^^^^^^^^^^^^^^^^^^^^^^^^^^^^^^^
2026-09-24 08:17:19:   File "/home/nisch/Desktop/MediaGrabber/.venv/lib/python3.11/site-packages/telethon/network/connection/tcpfull.py", line 25, in read_packet
2026-09-24 08:17:19:     packet_len_seq = await reader.readexactly(8)  # 4 and 4
2026-09-24 08:17:19:                      ^^^^^^^^^^^^^^^^^^^^^^^^^^^
2026-09-24 08:17:19:   File "/usr/lib/python3.11/asyncio/streams.py", line 728, in readexactly
2026-09-24 08:17:19:     await self._wait_for_data('readexactly')
2026-09-24 08:17:19:   File "/usr/lib/python3.11/asyncio/streams.py", line 508, in _wait_for_data
2026-09-24 08:17:19:     raise RuntimeError(
2026-09-24 08:17:19: RuntimeError: readexactly() called while another coroutine is already waiting for incoming data
2026-09-24 08:17:19: Unhandled error while receiving data
2026-09-24 08:17:19: Traceback (most recent call last):
2026-09-24 08:17:19:   File "/home/nisch/Desktop/MediaGrabber/.venv/lib/python3.11/site-packages/telethon/network/mtprotosender.py", line 507, in _recv_loop
2026-09-24 08:17:19:     body = await self._connection.recv()
2026-09-24 08:17:19:            ^^^^^^^^^^^^^^^^^^^^^^^^^^^^^
2026-09-24 08:17:19:   File "/home/nisch/Desktop/MediaGrabber/.venv/lib/python3.11/site-packages/telethon/network/connection/connection.py", line 304, in recv
2026-09-24 08:17:19:     raise err
2026-09-24 08:17:19:   File "/home/nisch/Desktop/MediaGrabber/.venv/lib/python3.11/site-packages/telethon/network/connection/connection.py", line 335, in _recv_loop
2026-09-24 08:17:19:     data = await self._recv()
2026-09-24 08:17:19:            ^^^^^^^^^^^^^^^^^^
2026-09-24 08:17:19:   File "/home/nisch/Desktop/MediaGrabber/.venv/lib/python3.11/site-packages/telethon/network/connection/connection.py", line 374, in _recv
2026-09-24 08:17:19:     return await self._codec.read_packet(self._reader)
2026-09-24 08:17:19:            ^^^^^^^^^^^^^^^^^^^^^^^^^^^^^^^^^^^^^^^^^^^
2026-09-24 08:17:19:   File "/home/nisch/Desktop/MediaGrabber/.venv/lib/python3.11/site-packages/telethon/network/connection/tcpfull.py", line 25, in read_packet
2026-09-24 08:17:19:     packet_len_seq = await reader.readexactly(8)  # 4 and 4
2026-09-24 08:17:19:                      ^^^^^^^^^^^^^^^^^^^^^^^^^^^
2026-09-24 08:17:19:   File "/usr/lib/python3.11/asyncio/streams.py", line 728, in readexactly
2026-09-24 08:17:19:     await self._wait_for_data('readexactly')
2026-09-24 08:17:19:   File "/usr/lib/python3.11/asyncio/streams.py", line 508, in _wait_for_data
2026-09-24 08:17:19:     raise RuntimeError(
2026-09-24 08:17:19: RuntimeError: readexactly() called while another coroutine is already waiting for incoming data
2026-09-25 08:19:59: Server closed the connection: 0 bytes read on a total of 8 expected bytes
2026-09-25 08:20:09: Graceful disconnection timed out, forcibly ignoring cleanup
2026-09-25 08:20:09: Unexpected exception in the receive loop
2026-09-25 08:20:09: Traceback (most recent call last):
2026-09-25 08:20:09:   File "/home/nisch/Desktop/MediaGrabber/.venv/lib/python3.11/site-packages/telethon/network/connection/connection.py", line 335, in _recv_loop
2026-09-25 08:20:09:     data = await self._recv()
2026-09-25 08:20:09:            ^^^^^^^^^^^^^^^^^^
2026-09-25 08:20:09:   File "/home/nisch/Desktop/MediaGrabber/.venv/lib/python3.11/site-packages/telethon/network/connection/connection.py", line 374, in _recv
2026-09-25 08:20:09:     return await self._codec.read_packet(self._reader)
2026-09-25 08:20:09:            ^^^^^^^^^^^^^^^^^^^^^^^^^^^^^^^^^^^^^^^^^^^
2026-09-25 08:20:09:   File "/home/nisch/Desktop/MediaGrabber/.venv/lib/python3.11/site-packages/telethon/network/connection/tcpfull.py", line 25, in read_packet
2026-09-25 08:20:09:     packet_len_seq = await reader.readexactly(8)  # 4 and 4
2026-09-25 08:20:09:                      ^^^^^^^^^^^^^^^^^^^^^^^^^^^
2026-09-25 08:20:09:   File "/usr/lib/python3.11/asyncio/streams.py", line 728, in readexactly
2026-09-25 08:20:09:     await self._wait_for_data('readexactly')
2026-09-25 08:20:09:   File "/usr/lib/python3.11/asyncio/streams.py", line 508, in _wait_for_data
2026-09-25 08:20:09:     raise RuntimeError(
2026-09-25 08:20:09: RuntimeError: readexactly() called while another coroutine is already waiting for incoming data
2026-09-25 08:20:10: Unhandled error while receiving data
2026-09-25 08:20:10: Traceback (most recent call last):
2026-09-25 08:20:10:   File "/home/nisch/Desktop/MediaGrabber/.venv/lib/python3.11/site-packages/telethon/network/mtprotosender.py", line 507, in _recv_loop
2026-09-25 08:20:10:     body = await self._connection.recv()
2026-09-25 08:20:10:            ^^^^^^^^^^^^^^^^^^^^^^^^^^^^^
2026-09-25 08:20:10:   File "/home/nisch/Desktop/MediaGrabber/.venv/lib/python3.11/site-packages/telethon/network/connection/connection.py", line 304, in recv
2026-09-25 08:20:10:     raise err
2026-09-25 08:20:10:   File "/home/nisch/Desktop/MediaGrabber/.venv/lib/python3.11/site-packages/telethon/network/connection/connection.py", line 335, in _recv_loop
2026-09-25 08:20:10:     data = await self._recv()
2026-09-25 08:20:10:            ^^^^^^^^^^^^^^^^^^
2026-09-25 08:20:10:   File "/home/nisch/Desktop/MediaGrabber/.venv/lib/python3.11/site-packages/telethon/network/connection/connection.py", line 374, in _recv
2026-09-25 08:20:10:     return await self._codec.read_packet(self._reader)
2026-09-25 08:20:10:            ^^^^^^^^^^^^^^^^^^^^^^^^^^^^^^^^^^^^^^^^^^^
2026-09-25 08:20:10:   File "/home/nisch/Desktop/MediaGrabber/.venv/lib/python3.11/site-packages/telethon/network/connection/tcpfull.py", line 25, in read_packet
2026-09-25 08:20:10:     packet_len_seq = await reader.readexactly(8)  # 4 and 4
2026-09-25 08:20:10:                      ^^^^^^^^^^^^^^^^^^^^^^^^^^^
2026-09-25 08:20:10:   File "/usr/lib/python3.11/asyncio/streams.py", line 728, in readexactly
2026-09-25 08:20:10:     await self._wait_for_data('readexactly')
2026-09-25 08:20:10:   File "/usr/lib/python3.11/asyncio/streams.py", line 508, in _wait_for_data
2026-09-25 08:20:10:     raise RuntimeError(
2026-09-25 08:20:10: RuntimeError: readexactly() called while another coroutine is already waiting for incoming data
2026-09-26 08:11:48: Server closed the connection: 0 bytes read on a total of 8 expected bytes
2026-09-26 08:11:58: Graceful disconnection timed out, forcibly ignoring cleanup
2026-09-26 08:11:58: Unexpected exception in the receive loop
2026-09-26 08:11:58: Traceback (most recent call last):
2026-09-26 08:11:58:   File "/home/nisch/Desktop/MediaGrabber/.venv/lib/python3.11/site-packages/telethon/network/connection/connection.py", line 335, in _recv_loop
2026-09-26 08:11:58:     data = await self._recv()
2026-09-26 08:11:58:            ^^^^^^^^^^^^^^^^^^
2026-09-26 08:11:58:   File "/home/nisch/Desktop/MediaGrabber/.venv/lib/python3.11/site-packages/telethon/network/connection/connection.py", line 374, in _recv
2026-09-26 08:11:58:     return await self._codec.read_packet(self._reader)
2026-09-26 08:11:58:            ^^^^^^^^^^^^^^^^^^^^^^^^^^^^^^^^^^^^^^^^^^^
2026-09-26 08:11:58:   File "/home/nisch/Desktop/MediaGrabber/.venv/lib/python3.11/site-packages/telethon/network/connection/tcpfull.py", line 25, in read_packet
2026-09-26 08:11:58:     packet_len_seq = await reader.readexactly(8)  # 4 and 4
2026-09-26 08:11:58:                      ^^^^^^^^^^^^^^^^^^^^^^^^^^^
2026-09-26 08:11:58:   File "/usr/lib/python3.11/asyncio/streams.py", line 728, in readexactly
2026-09-26 08:11:58:     await self._wait_for_data('readexactly')
2026-09-26 08:11:58:   File "/usr/lib/python3.11/asyncio/streams.py", line 508, in _wait_for_data
2026-09-26 08:11:58:     raise RuntimeError(
2026-09-26 08:11:58: RuntimeError: readexactly() called while another coroutine is already waiting for incoming data
2026-09-26 08:11:58: Unhandled error while receiving data
2026-09-26 08:11:58: Traceback (most recent call last):
2026-09-26 08:11:58:   File "/home/nisch/Desktop/MediaGrabber/.venv/lib/python3.11/site-packages/telethon/network/mtprotosender.py", line 507, in _recv_loop
2026-09-26 08:11:58:     body = await self._connection.recv()
2026-09-26 08:11:58:            ^^^^^^^^^^^^^^^^^^^^^^^^^^^^^
2026-09-26 08:11:58:   File "/home/nisch/Desktop/MediaGrabber/.venv/lib/python3.11/site-packages/telethon/network/connection/connection.py", line 304, in recv
2026-09-26 08:11:58:     raise err
2026-09-26 08:11:58:   File "/home/nisch/Desktop/MediaGrabber/.venv/lib/python3.11/site-packages/telethon/network/connection/connection.py", line 335, in _recv_loop
2026-09-26 08:11:58:     data = await self._recv()
2026-09-26 08:11:58:            ^^^^^^^^^^^^^^^^^^
2026-09-26 08:11:58:   File "/home/nisch/Desktop/MediaGrabber/.venv/lib/python3.11/site-packages/telethon/network/connection/connection.py", line 374, in _recv
2026-09-26 08:11:58:     return await self._codec.read_packet(self._reader)
2026-09-26 08:11:58:            ^^^^^^^^^^^^^^^^^^^^^^^^^^^^^^^^^^^^^^^^^^^
2026-09-26 08:11:58:   File "/home/nisch/Desktop/MediaGrabber/.venv/lib/python3.11/site-packages/telethon/network/connection/tcpfull.py", line 25, in read_packet
2026-09-26 08:11:58:     packet_len_seq = await reader.readexactly(8)  # 4 and 4
2026-09-26 08:11:58:                      ^^^^^^^^^^^^^^^^^^^^^^^^^^^
2026-09-26 08:11:58:   File "/usr/lib/python3.11/asyncio/streams.py", line 728, in readexactly
2026-09-26 08:11:58:     await self._wait_for_data('readexactly')
2026-09-26 08:11:58:   File "/usr/lib/python3.11/asyncio/streams.py", line 508, in _wait_for_data
2026-09-26 08:11:58:     raise RuntimeError(
2026-09-26 08:11:58: RuntimeError: readexactly() called while another coroutine is already waiting for incoming data
2026-09-28 08:12:32: Server closed the connection: 0 bytes read on a total of 8 expected bytes
2026-09-28 08:12:42: Graceful disconnection timed out, forcibly ignoring cleanup
2026-09-28 08:12:42: Unexpected exception in the receive loop
2026-09-28 08:12:42: Traceback (most recent call last):
2026-09-28 08:12:42:   File "/home/nisch/Desktop/MediaGrabber/.venv/lib/python3.11/site-packages/telethon/network/connection/connection.py", line 335, in _recv_loop
2026-09-28 08:12:42:     data = await self._recv()
2026-09-28 08:12:42:            ^^^^^^^^^^^^^^^^^^
2026-09-28 08:12:42:   File "/home/nisch/Desktop/MediaGrabber/.venv/lib/python3.11/site-packages/telethon/network/connection/connection.py", line 374, in _recv
2026-09-28 08:12:42:     return await self._codec.read_packet(self._reader)
2026-09-28 08:12:42:            ^^^^^^^^^^^^^^^^^^^^^^^^^^^^^^^^^^^^^^^^^^^
2026-09-28 08:12:42:   File "/home/nisch/Desktop/MediaGrabber/.venv/lib/python3.11/site-packages/telethon/network/connection/tcpfull.py", line 25, in read_packet
2026-09-28 08:12:42:     packet_len_seq = await reader.readexactly(8)  # 4 and 4
2026-09-28 08:12:42:                      ^^^^^^^^^^^^^^^^^^^^^^^^^^^
2026-09-28 08:12:42:   File "/usr/lib/python3.11/asyncio/streams.py", line 728, in readexactly
2026-09-28 08:12:42:     await self._wait_for_data('readexactly')
2026-09-28 08:12:42:   File "/usr/lib/python3.11/asyncio/streams.py", line 508, in _wait_for_data
2026-09-28 08:12:42:     raise RuntimeError(
2026-09-28 08:12:42: RuntimeError: readexactly() called while another coroutine is already waiting for incoming data
2026-09-28 08:12:42: Unhandled error while receiving data
2026-09-28 08:12:42: Traceback (most recent call last):
2026-09-28 08:12:42:   File "/home/nisch/Desktop/MediaGrabber/.venv/lib/python3.11/site-packages/telethon/network/mtprotosender.py", line 507, in _recv_loop
2026-09-28 08:12:42:     body = await self._connection.recv()
2026-09-28 08:12:42:            ^^^^^^^^^^^^^^^^^^^^^^^^^^^^^
2026-09-28 08:12:42:   File "/home/nisch/Desktop/MediaGrabber/.venv/lib/python3.11/site-packages/telethon/network/connection/connection.py", line 304, in recv
2026-09-28 08:12:42:     raise err
2026-09-28 08:12:42:   File "/home/nisch/Desktop/MediaGrabber/.venv/lib/python3.11/site-packages/telethon/network/connection/connection.py", line 335, in _recv_loop
2026-09-28 08:12:42:     data = await self._recv()
2026-09-28 08:12:42:            ^^^^^^^^^^^^^^^^^^
2026-09-28 08:12:42:   File "/home/nisch/Desktop/MediaGrabber/.venv/lib/python3.11/site-packages/telethon/network/connection/connection.py", line 374, in _recv
2026-09-28 08:12:42:     return await self._codec.read_packet(self._reader)
2026-09-28 08:12:42:            ^^^^^^^^^^^^^^^^^^^^^^^^^^^^^^^^^^^^^^^^^^^
2026-09-28 08:12:42:   File "/home/nisch/Desktop/MediaGrabber/.venv/lib/python3.11/site-packages/telethon/network/connection/tcpfull.py", line 25, in read_packet
2026-09-28 08:12:42:     packet_len_seq = await reader.readexactly(8)  # 4 and 4
2026-09-28 08:12:42:                      ^^^^^^^^^^^^^^^^^^^^^^^^^^^
2026-09-28 08:12:42:   File "/usr/lib/python3.11/asyncio/streams.py", line 728, in readexactly
2026-09-28 08:12:42:     await self._wait_for_data('readexactly')
2026-09-28 08:12:42:   File "/usr/lib/python3.11/asyncio/streams.py", line 508, in _wait_for_data
2026-09-28 08:12:42:     raise RuntimeError(
2026-09-28 08:12:42: RuntimeError: readexactly() called while another coroutine is already waiting for incoming data
2026-09-29 08:08:02: Server closed the connection: 0 bytes read on a total of 8 expected bytes
2026-09-29 08:08:12: Graceful disconnection timed out, forcibly ignoring cleanup
2026-09-29 08:08:12: Unexpected exception in the receive loop
2026-09-29 08:08:12: Traceback (most recent call last):
2026-09-29 08:08:12:   File "/home/nisch/Desktop/MediaGrabber/.venv/lib/python3.11/site-packages/telethon/network/connection/connection.py", line 335, in _recv_loop
2026-09-29 08:08:12:     data = await self._recv()
2026-09-29 08:08:12:            ^^^^^^^^^^^^^^^^^^
2026-09-29 08:08:12:   File "/home/nisch/Desktop/MediaGrabber/.venv/lib/python3.11/site-packages/telethon/network/connection/connection.py", line 374, in _recv
2026-09-29 08:08:12:     return await self._codec.read_packet(self._reader)
2026-09-29 08:08:12:            ^^^^^^^^^^^^^^^^^^^^^^^^^^^^^^^^^^^^^^^^^^^
2026-09-29 08:08:12:   File "/home/nisch/Desktop/MediaGrabber/.venv/lib/python3.11/site-packages/telethon/network/connection/tcpfull.py", line 25, in read_packet
2026-09-29 08:08:12:     packet_len_seq = await reader.readexactly(8)  # 4 and 4
2026-09-29 08:08:12:                      ^^^^^^^^^^^^^^^^^^^^^^^^^^^
2026-09-29 08:08:12:   File "/usr/lib/python3.11/asyncio/streams.py", line 728, in readexactly
2026-09-29 08:08:12:     await self._wait_for_data('readexactly')
2026-09-29 08:08:12:   File "/usr/lib/python3.11/asyncio/streams.py", line 508, in _wait_for_data
2026-09-29 08:08:12:     raise RuntimeError(
2026-09-29 08:08:12: RuntimeError: readexactly() called while another coroutine is already waiting for incoming data
2026-09-29 08:08:12: Unhandled error while receiving data
2026-09-29 08:08:12: Traceback (most recent call last):
2026-09-29 08:08:12:   File "/home/nisch/Desktop/MediaGrabber/.venv/lib/python3.11/site-packages/telethon/network/mtprotosender.py", line 507, in _recv_loop
2026-09-29 08:08:12:     body = await self._connection.recv()
2026-09-29 08:08:12:            ^^^^^^^^^^^^^^^^^^^^^^^^^^^^^
2026-09-29 08:08:12:   File "/home/nisch/Desktop/MediaGrabber/.venv/lib/python3.11/site-packages/telethon/network/connection/connection.py", line 304, in recv
2026-09-29 08:08:12:     raise err
2026-09-29 08:08:12:   File "/home/nisch/Desktop/MediaGrabber/.venv/lib/python3.11/site-packages/telethon/network/connection/connection.py", line 335, in _recv_loop
2026-09-29 08:08:12:     data = await self._recv()
2026-09-29 08:08:12:            ^^^^^^^^^^^^^^^^^^
2026-09-29 08:08:12:   File "/home/nisch/Desktop/MediaGrabber/.venv/lib/python3.11/site-packages/telethon/network/connection/connection.py", line 374, in _recv
2026-09-29 08:08:12:     return await self._codec.read_packet(self._reader)
2026-09-29 08:08:12:            ^^^^^^^^^^^^^^^^^^^^^^^^^^^^^^^^^^^^^^^^^^^
2026-09-29 08:08:12:   File "/home/nisch/Desktop/MediaGrabber/.venv/lib/python3.11/site-packages/telethon/network/connection/tcpfull.py", line 25, in read_packet
2026-09-29 08:08:12:     packet_len_seq = await reader.readexactly(8)  # 4 and 4
2026-09-29 08:08:12:                      ^^^^^^^^^^^^^^^^^^^^^^^^^^^
2026-09-29 08:08:12:   File "/usr/lib/python3.11/asyncio/streams.py", line 728, in readexactly
2026-09-29 08:08:12:     await self._wait_for_data('readexactly')
2026-09-29 08:08:12:   File "/usr/lib/python3.11/asyncio/streams.py", line 508, in _wait_for_data
2026-09-29 08:08:12:     raise RuntimeError(
2026-09-29 08:08:12: RuntimeError: readexactly() called while another coroutine is already waiting for incoming data
2026-09-29 08:15:50: Server closed the connection: 0 bytes read on a total of 8 expected bytes
2026-09-30 08:09:34: Server closed the connection: 0 bytes read on a total of 8 expected bytes
2026-09-30 08:09:44: Graceful disconnection timed out, forcibly ignoring cleanup
2026-09-30 08:09:44: Unexpected exception in the receive loop
2026-09-30 08:09:44: Traceback (most recent call last):
2026-09-30 08:09:44:   File "/home/nisch/Desktop/MediaGrabber/.venv/lib/python3.11/site-packages/telethon/network/connection/connection.py", line 335, in _recv_loop
2026-09-30 08:09:44:     data = await self._recv()
2026-09-30 08:09:44:            ^^^^^^^^^^^^^^^^^^
2026-09-30 08:09:44:   File "/home/nisch/Desktop/MediaGrabber/.venv/lib/python3.11/site-packages/telethon/network/connection/connection.py", line 374, in _recv
2026-09-30 08:09:44:     return await self._codec.read_packet(self._reader)
2026-09-30 08:09:44:            ^^^^^^^^^^^^^^^^^^^^^^^^^^^^^^^^^^^^^^^^^^^
2026-09-30 08:09:44:   File "/home/nisch/Desktop/MediaGrabber/.venv/lib/python3.11/site-packages/telethon/network/connection/tcpfull.py", line 25, in read_packet
2026-09-30 08:09:44:     packet_len_seq = await reader.readexactly(8)  # 4 and 4
2026-09-30 08:09:44:                      ^^^^^^^^^^^^^^^^^^^^^^^^^^^
2026-09-30 08:09:44:   File "/usr/lib/python3.11/asyncio/streams.py", line 728, in readexactly
2026-09-30 08:09:44:     await self._wait_for_data('readexactly')
2026-09-30 08:09:44:   File "/usr/lib/python3.11/asyncio/streams.py", line 508, in _wait_for_data
2026-09-30 08:09:44:     raise RuntimeError(
2026-09-30 08:09:44: RuntimeError: readexactly() called while another coroutine is already waiting for incoming data
2026-09-30 08:09:44: Unhandled error while receiving data
2026-09-30 08:09:44: Traceback (most recent call last):
2026-09-30 08:09:44:   File "/home/nisch/Desktop/MediaGrabber/.venv/lib/python3.11/site-packages/telethon/network/mtprotosender.py", line 507, in _recv_loop
2026-09-30 08:09:44:     body = await self._connection.recv()
2026-09-30 08:09:44:            ^^^^^^^^^^^^^^^^^^^^^^^^^^^^^
2026-09-30 08:09:44:   File "/home/nisch/Desktop/MediaGrabber/.venv/lib/python3.11/site-packages/telethon/network/connection/connection.py", line 304, in recv
2026-09-30 08:09:44:     raise err
2026-09-30 08:09:44:   File "/home/nisch/Desktop/MediaGrabber/.venv/lib/python3.11/site-packages/telethon/network/connection/connection.py", line 335, in _recv_loop
2026-09-30 08:09:44:     data = await self._recv()
2026-09-30 08:09:44:            ^^^^^^^^^^^^^^^^^^
2026-09-30 08:09:44:   File "/home/nisch/Desktop/MediaGrabber/.venv/lib/python3.11/site-packages/telethon/network/connection/connection.py", line 374, in _recv
2026-09-30 08:09:44:     return await self._codec.read_packet(self._reader)
2026-09-30 08:09:44:            ^^^^^^^^^^^^^^^^^^^^^^^^^^^^^^^^^^^^^^^^^^^
2026-09-30 08:09:44:   File "/home/nisch/Desktop/MediaGrabber/.venv/lib/python3.11/site-packages/telethon/network/connection/tcpfull.py", line 25, in read_packet
2026-09-30 08:09:44:     packet_len_seq = await reader.readexactly(8)  # 4 and 4
2026-09-30 08:09:44:                      ^^^^^^^^^^^^^^^^^^^^^^^^^^^
2026-09-30 08:09:44:   File "/usr/lib/python3.11/asyncio/streams.py", line 728, in readexactly
2026-09-30 08:09:44:     await self._wait_for_data('readexactly')
2026-09-30 08:09:44:   File "/usr/lib/python3.11/asyncio/streams.py", line 508, in _wait_for_data
2026-09-30 08:09:44:     raise RuntimeError(
2026-09-30 08:09:44: RuntimeError: readexactly() called while another coroutine is already waiting for incoming data
2026-10-01 08:09:12: Server closed the connection: 0 bytes read on a total of 8 expected bytes
2026-10-01 08:09:22: Graceful disconnection timed out, forcibly ignoring cleanup
2026-10-01 08:09:22: Unexpected exception in the receive loop
2026-10-01 08:09:22: Traceback (most recent call last):
2026-10-01 08:09:22:   File "/home/nisch/Desktop/MediaGrabber/.venv/lib/python3.11/site-packages/telethon/network/connection/connection.py", line 335, in _recv_loop
2026-10-01 08:09:22:     data = await self._recv()
2026-10-01 08:09:22:            ^^^^^^^^^^^^^^^^^^
2026-10-01 08:09:22:   File "/home/nisch/Desktop/MediaGrabber/.venv/lib/python3.11/site-packages/telethon/network/connection/connection.py", line 374, in _recv
2026-10-01 08:09:22:     return await self._codec.read_packet(self._reader)
2026-10-01 08:09:22:            ^^^^^^^^^^^^^^^^^^^^^^^^^^^^^^^^^^^^^^^^^^^
2026-10-01 08:09:22:   File "/home/nisch/Desktop/MediaGrabber/.venv/lib/python3.11/site-packages/telethon/network/connection/tcpfull.py", line 25, in read_packet
2026-10-01 08:09:22:     packet_len_seq = await reader.readexactly(8)  # 4 and 4
2026-10-01 08:09:22:                      ^^^^^^^^^^^^^^^^^^^^^^^^^^^
2026-10-01 08:09:22:   File "/usr/lib/python3.11/asyncio/streams.py", line 728, in readexactly
2026-10-01 08:09:22:     await self._wait_for_data('readexactly')
2026-10-01 08:09:22:   File "/usr/lib/python3.11/asyncio/streams.py", line 508, in _wait_for_data
2026-10-01 08:09:22:     raise RuntimeError(
2026-10-01 08:09:22: RuntimeError: readexactly() called while another coroutine is already waiting for incoming data
2026-10-01 08:09:22: Unhandled error while receiving data
2026-10-01 08:09:22: Traceback (most recent call last):
2026-10-01 08:09:22:   File "/home/nisch/Desktop/MediaGrabber/.venv/lib/python3.11/site-packages/telethon/network/mtprotosender.py", line 507, in _recv_loop
2026-10-01 08:09:22:     body = await self._connection.recv()
2026-10-01 08:09:22:            ^^^^^^^^^^^^^^^^^^^^^^^^^^^^^
2026-10-01 08:09:22:   File "/home/nisch/Desktop/MediaGrabber/.venv/lib/python3.11/site-packages/telethon/network/connection/connection.py", line 304, in recv
2026-10-01 08:09:22:     raise err
2026-10-01 08:09:22:   File "/home/nisch/Desktop/MediaGrabber/.venv/lib/python3.11/site-packages/telethon/network/connection/connection.py", line 335, in _recv_loop
2026-10-01 08:09:22:     data = await self._recv()
2026-10-01 08:09:22:            ^^^^^^^^^^^^^^^^^^
2026-10-01 08:09:22:   File "/home/nisch/Desktop/MediaGrabber/.venv/lib/python3.11/site-packages/telethon/network/connection/connection.py", line 374, in _recv
2026-10-01 08:09:22:     return await self._codec.read_packet(self._reader)
2026-10-01 08:09:22:            ^^^^^^^^^^^^^^^^^^^^^^^^^^^^^^^^^^^^^^^^^^^
2026-10-01 08:09:22:   File "/home/nisch/Desktop/MediaGrabber/.venv/lib/python3.11/site-packages/telethon/network/connection/tcpfull.py", line 25, in read_packet
2026-10-01 08:09:22:     packet_len_seq = await reader.readexactly(8)  # 4 and 4
2026-10-01 08:09:22:                      ^^^^^^^^^^^^^^^^^^^^^^^^^^^
2026-10-01 08:09:22:   File "/usr/lib/python3.11/asyncio/streams.py", line 728, in readexactly
2026-10-01 08:09:22:     await self._wait_for_data('readexactly')
2026-10-01 08:09:22:   File "/usr/lib/python3.11/asyncio/streams.py", line 508, in _wait_for_data
2026-10-01 08:09:22:     raise RuntimeError(
2026-10-01 08:09:22: RuntimeError: readexactly() called while another coroutine is already waiting for incoming data
2026-10-02 08:09:27: Server closed the connection: 0 bytes read on a total of 8 expected bytes
2026-10-02 08:09:37: Graceful disconnection timed out, forcibly ignoring cleanup
2026-10-02 08:09:37: Unexpected exception in the receive loop
2026-10-02 08:09:37: Traceback (most recent call last):
2026-10-02 08:09:37:   File "/home/nisch/Desktop/MediaGrabber/.venv/lib/python3.11/site-packages/telethon/network/connection/connection.py", line 335, in _recv_loop
2026-10-02 08:09:37:     data = await self._recv()
2026-10-02 08:09:37:            ^^^^^^^^^^^^^^^^^^
2026-10-02 08:09:37:   File "/home/nisch/Desktop/MediaGrabber/.venv/lib/python3.11/site-packages/telethon/network/connection/connection.py", line 374, in _recv
2026-10-02 08:09:37:     return await self._codec.read_packet(self._reader)
2026-10-02 08:09:37:            ^^^^^^^^^^^^^^^^^^^^^^^^^^^^^^^^^^^^^^^^^^^
2026-10-02 08:09:37:   File "/home/nisch/Desktop/MediaGrabber/.venv/lib/python3.11/site-packages/telethon/network/connection/tcpfull.py", line 25, in read_packet
2026-10-02 08:09:37:     packet_len_seq = await reader.readexactly(8)  # 4 and 4
2026-10-02 08:09:37:                      ^^^^^^^^^^^^^^^^^^^^^^^^^^^
2026-10-02 08:09:37:   File "/usr/lib/python3.11/asyncio/streams.py", line 728, in readexactly
2026-10-02 08:09:37:     await self._wait_for_data('readexactly')
2026-10-02 08:09:37:   File "/usr/lib/python3.11/asyncio/streams.py", line 508, in _wait_for_data
2026-10-02 08:09:37:     raise RuntimeError(
2026-10-02 08:09:37: RuntimeError: readexactly() called while another coroutine is already waiting for incoming data
2026-10-02 08:09:37: Unhandled error while receiving data
2026-10-02 08:09:37: Traceback (most recent call last):
2026-10-02 08:09:37:   File "/home/nisch/Desktop/MediaGrabber/.venv/lib/python3.11/site-packages/telethon/network/mtprotosender.py", line 507, in _recv_loop
2026-10-02 08:09:37:     body = await self._connection.recv()
2026-10-02 08:09:37:            ^^^^^^^^^^^^^^^^^^^^^^^^^^^^^
2026-10-02 08:09:37:   File "/home/nisch/Desktop/MediaGrabber/.venv/lib/python3.11/site-packages/telethon/network/connection/connection.py", line 304, in recv
2026-10-02 08:09:37:     raise err
2026-10-02 08:09:37:   File "/home/nisch/Desktop/MediaGrabber/.venv/lib/python3.11/site-packages/telethon/network/connection/connection.py", line 335, in _recv_loop
2026-10-02 08:09:37:     data = await self._recv()
2026-10-02 08:09:37:            ^^^^^^^^^^^^^^^^^^
2026-10-02 08:09:37:   File "/home/nisch/Desktop/MediaGrabber/.venv/lib/python3.11/site-packages/telethon/network/connection/connection.py", line 374, in _recv
2026-10-02 08:09:37:     return await self._codec.read_packet(self._reader)
2026-10-02 08:09:37:            ^^^^^^^^^^^^^^^^^^^^^^^^^^^^^^^^^^^^^^^^^^^
2026-10-02 08:09:37:   File "/home/nisch/Desktop/MediaGrabber/.venv/lib/python3.11/site-packages/telethon/network/connection/tcpfull.py", line 25, in read_packet
2026-10-02 08:09:37:     packet_len_seq = await reader.readexactly(8)  # 4 and 4
2026-10-02 08:09:37:                      ^^^^^^^^^^^^^^^^^^^^^^^^^^^
2026-10-02 08:09:37:   File "/usr/lib/python3.11/asyncio/streams.py", line 728, in readexactly
2026-10-02 08:09:37:     await self._wait_for_data('readexactly')
2026-10-02 08:09:37:   File "/usr/lib/python3.11/asyncio/streams.py", line 508, in _wait_for_data
2026-10-02 08:09:37:     raise RuntimeError(
2026-10-02 08:09:37: RuntimeError: readexactly() called while another coroutine is already waiting for incoming data
2026-10-03 08:08:27: Server closed the connection: 0 bytes read on a total of 8 expected bytes
2026-10-03 08:08:37: Graceful disconnection timed out, forcibly ignoring cleanup
2026-10-03 08:08:37: Unexpected exception in the receive loop
2026-10-03 08:08:37: Traceback (most recent call last):
2026-10-03 08:08:37:   File "/home/nisch/Desktop/MediaGrabber/.venv/lib/python3.11/site-packages/telethon/network/connection/connection.py", line 335, in _recv_loop
2026-10-03 08:08:37:     data = await self._recv()
2026-10-03 08:08:37:            ^^^^^^^^^^^^^^^^^^
2026-10-03 08:08:37:   File "/home/nisch/Desktop/MediaGrabber/.venv/lib/python3.11/site-packages/telethon/network/connection/connection.py", line 374, in _recv
2026-10-03 08:08:37:     return await self._codec.read_packet(self._reader)
2026-10-03 08:08:37:            ^^^^^^^^^^^^^^^^^^^^^^^^^^^^^^^^^^^^^^^^^^^
2026-10-03 08:08:37:   File "/home/nisch/Desktop/MediaGrabber/.venv/lib/python3.11/site-packages/telethon/network/connection/tcpfull.py", line 25, in read_packet
2026-10-03 08:08:37:     packet_len_seq = await reader.readexactly(8)  # 4 and 4
2026-10-03 08:08:37:                      ^^^^^^^^^^^^^^^^^^^^^^^^^^^
2026-10-03 08:08:37:   File "/usr/lib/python3.11/asyncio/streams.py", line 728, in readexactly
2026-10-03 08:08:37:     await self._wait_for_data('readexactly')
2026-10-03 08:08:37:   File "/usr/lib/python3.11/asyncio/streams.py", line 508, in _wait_for_data
2026-10-03 08:08:37:     raise RuntimeError(
2026-10-03 08:08:37: RuntimeError: readexactly() called while another coroutine is already waiting for incoming data
2026-10-03 08:08:37: Unhandled error while receiving data
2026-10-03 08:08:37: Traceback (most recent call last):
2026-10-03 08:08:37:   File "/home/nisch/Desktop/MediaGrabber/.venv/lib/python3.11/site-packages/telethon/network/mtprotosender.py", line 507, in _recv_loop
2026-10-03 08:08:37:     body = await self._connection.recv()
2026-10-03 08:08:37:            ^^^^^^^^^^^^^^^^^^^^^^^^^^^^^
2026-10-03 08:08:37:   File "/home/nisch/Desktop/MediaGrabber/.venv/lib/python3.11/site-packages/telethon/network/connection/connection.py", line 304, in recv
2026-10-03 08:08:37:     raise err
2026-10-03 08:08:37:   File "/home/nisch/Desktop/MediaGrabber/.venv/lib/python3.11/site-packages/telethon/network/connection/connection.py", line 335, in _recv_loop
2026-10-03 08:08:37:     data = await self._recv()
2026-10-03 08:08:37:            ^^^^^^^^^^^^^^^^^^
2026-10-03 08:08:37:   File "/home/nisch/Desktop/MediaGrabber/.venv/lib/python3.11/site-packages/telethon/network/connection/connection.py", line 374, in _recv
2026-10-03 08:08:37:     return await self._codec.read_packet(self._reader)
2026-10-03 08:08:37:            ^^^^^^^^^^^^^^^^^^^^^^^^^^^^^^^^^^^^^^^^^^^
2026-10-03 08:08:37:   File "/home/nisch/Desktop/MediaGrabber/.venv/lib/python3.11/site-packages/telethon/network/connection/tcpfull.py", line 25, in read_packet
2026-10-03 08:08:37:     packet_len_seq = await reader.readexactly(8)  # 4 and 4
2026-10-03 08:08:37:                      ^^^^^^^^^^^^^^^^^^^^^^^^^^^
2026-10-03 08:08:37:   File "/usr/lib/python3.11/asyncio/streams.py", line 728, in readexactly
2026-10-03 08:08:37:     await self._wait_for_data('readexactly')
2026-10-03 08:08:37:   File "/usr/lib/python3.11/asyncio/streams.py", line 508, in _wait_for_data
2026-10-03 08:08:37:     raise RuntimeError(
2026-10-03 08:08:37: RuntimeError: readexactly() called while another coroutine is already waiting for incoming data
2026-10-03 08:10:37: Graceful disconnection timed out, forcibly ignoring cleanup
2026-10-03 08:10:37: Security error while unpacking a received message: Server replied with a wrong session ID (see FAQ for details)
2026-10-03 08:10:37: Security error while unpacking a received message: Server replied with a wrong session ID (see FAQ for details)
2026-10-04 08:10:46: Server closed the connection: 0 bytes read on a total of 8 expected bytes
2026-10-04 08:10:56: Graceful disconnection timed out, forcibly ignoring cleanup
2026-10-04 08:10:56: Unexpected exception in the receive loop
2026-10-04 08:10:56: Traceback (most recent call last):
2026-10-04 08:10:56:   File "/home/nisch/Desktop/MediaGrabber/.venv/lib/python3.11/site-packages/telethon/network/connection/connection.py", line 335, in _recv_loop
2026-10-04 08:10:56:     data = await self._recv()
2026-10-04 08:10:56:            ^^^^^^^^^^^^^^^^^^
2026-10-04 08:10:56:   File "/home/nisch/Desktop/MediaGrabber/.venv/lib/python3.11/site-packages/telethon/network/connection/connection.py", line 374, in _recv
2026-10-04 08:10:56:     return await self._codec.read_packet(self._reader)
2026-10-04 08:10:56:            ^^^^^^^^^^^^^^^^^^^^^^^^^^^^^^^^^^^^^^^^^^^
2026-10-04 08:10:56:   File "/home/nisch/Desktop/MediaGrabber/.venv/lib/python3.11/site-packages/telethon/network/connection/tcpfull.py", line 25, in read_packet
2026-10-04 08:10:56:     packet_len_seq = await reader.readexactly(8)  # 4 and 4
2026-10-04 08:10:56:                      ^^^^^^^^^^^^^^^^^^^^^^^^^^^
2026-10-04 08:10:56:   File "/usr/lib/python3.11/asyncio/streams.py", line 728, in readexactly
2026-10-04 08:10:56:     await self._wait_for_data('readexactly')
2026-10-04 08:10:56:   File "/usr/lib/python3.11/asyncio/streams.py", line 508, in _wait_for_data
2026-10-04 08:10:56:     raise RuntimeError(
2026-10-04 08:10:56: RuntimeError: readexactly() called while another coroutine is already waiting for incoming data
2026-10-04 08:10:56: Unhandled error while receiving data
2026-10-04 08:10:56: Traceback (most recent call last):
2026-10-04 08:10:56:   File "/home/nisch/Desktop/MediaGrabber/.venv/lib/python3.11/site-packages/telethon/network/mtprotosender.py", line 507, in _recv_loop
2026-10-04 08:10:56:     body = await self._connection.recv()
2026-10-04 08:10:56:            ^^^^^^^^^^^^^^^^^^^^^^^^^^^^^
2026-10-04 08:10:56:   File "/home/nisch/Desktop/MediaGrabber/.venv/lib/python3.11/site-packages/telethon/network/connection/connection.py", line 304, in recv
2026-10-04 08:10:56:     raise err
2026-10-04 08:10:56:   File "/home/nisch/Desktop/MediaGrabber/.venv/lib/python3.11/site-packages/telethon/network/connection/connection.py", line 335, in _recv_loop
2026-10-04 08:10:56:     data = await self._recv()
2026-10-04 08:10:56:            ^^^^^^^^^^^^^^^^^^
2026-10-04 08:10:56:   File "/home/nisch/Desktop/MediaGrabber/.venv/lib/python3.11/site-packages/telethon/network/connection/connection.py", line 374, in _recv
2026-10-04 08:10:56:     return await self._codec.read_packet(self._reader)
2026-10-04 08:10:56:            ^^^^^^^^^^^^^^^^^^^^^^^^^^^^^^^^^^^^^^^^^^^
2026-10-04 08:10:56:   File "/home/nisch/Desktop/MediaGrabber/.venv/lib/python3.11/site-packages/telethon/network/connection/tcpfull.py", line 25, in read_packet
2026-10-04 08:10:56:     packet_len_seq = await reader.readexactly(8)  # 4 and 4
2026-10-04 08:10:56:                      ^^^^^^^^^^^^^^^^^^^^^^^^^^^
2026-10-04 08:10:56:   File "/usr/lib/python3.11/asyncio/streams.py", line 728, in readexactly
2026-10-04 08:10:56:     await self._wait_for_data('readexactly')
2026-10-04 08:10:56:   File "/usr/lib/python3.11/asyncio/streams.py", line 508, in _wait_for_data
2026-10-04 08:10:56:     raise RuntimeError(
2026-10-04 08:10:56: RuntimeError: readexactly() called while another coroutine is already waiting for incoming data
2026-10-05 08:14:32: Server closed the connection: 0 bytes read on a total of 8 expected bytes
